descendant	ancestor	display
374306003	108712009	Rimantadine hydrochloride 100 mg oral tablet
768703006	108712009	Rimantadine-containing product in oral dose form
777444008	108712009	Rimantadine only product
780377002	108712009	Rimantadine only product in oral dose form
784592008	108712009	Rimantadine hydrochloride 10 mg/mL oral solution
94704006	109989006	Multiple myeloma in remission
95209008	109989006	Plasma cell leukemia in remission
95210003	109989006	Plasma cell leukemia
277579002	109989006	Light chain myeloma
277580004	109989006	Non-secretory myeloma
285420006	109989006	IgA myeloma
285421005	109989006	IgG myeloma
285422003	109989006	Immunoglobulin D myeloma
313427003	109989006	Lambda light chain myeloma
413587002	109989006	Smoldering myeloma
414553000	109989006	Kappa light chain myeloma
415110002	109989006	Plasma cell myeloma/plasmacytoma
425657001	109989006	Osteosclerotic myeloma
440422002	109989006	Asymptomatic multiple myeloma
441313008	109989006	Indolent multiple myeloma
739301006	109989006	Osteoporosis co-occurrent and due to multiple myeloma
241154007	111354009	Abdominal angina
777969004	116100000	Zanamivir only product
1172445003	116100000	Zanamivir 10 mg/mL solution for infusion
1172446002	116100000	Zanamivir-containing product in parenteral dose form
1172447006	116100000	Zanamivir only product in parenteral dose form
3320000	116859006	Autotransfusion
11397000	116859006	Autotransfusion of whole blood
12719002	116859006	Platelet transfusion
13569004	116859006	Transfusion of plasma
19647005	116859006	Therapeutic plasmapheresis using plasma as the major replacement fluid
33389009	116859006	Transfusion of whole blood
35108008	116859006	Transfusion of leukocytes
39188002	116859006	Exchange transfusion
45460008	116859006	Intrauterine transfusion
54790000	116859006	Transfusion of blood component
71493000	116859006	Transfusion of packed red blood cells
74287006	116859006	Transfusion of coagulation factors
116788004	116859006	Transfusion of albumin
116795008	116859006	Transfusion of cryoprecipitate
116797000	116859006	Transfusion of factor IX
116798005	116859006	Transfusion of factor VII
116808005	116859006	Transfusion of cryo-poor plasma
116810007	116859006	Transfusion of plateletpheresis product
116861002	116859006	Transfusion of fresh frozen plasma
116863004	116859006	Transfusion of red blood cells
117066004	116859006	Autotransfusion of red cells
117078000	116859006	Transfusion of platelet concentrate
177086003	116859006	Fetoscopic blood transfusion of fetus
180202002	116859006	Neonatal exchange transfusion
180206004	116859006	Intra-arterial blood transfusion
180207008	116859006	Intravenous blood transfusion of packed cells
180208003	116859006	Intravenous blood transfusion of platelets
182752001	116859006	Indirect blood exchange
225067007	116859006	Therapeutic plasma exchange
225068002	116859006	Red cell exchange transfusion
225284006	116859006	Transfusing whole blood under pressure
233558007	116859006	Dilutional exchange transfusion
233559004	116859006	Adult exchange transfusion
233560009	116859006	Percutaneous intraperitoneal fetal blood transfusion
233561008	116859006	Percutaneous intravascular fetal blood transfusion
233562001	116859006	Intra-osseous infusion
233563006	116859006	Hypertransfusion
274501008	116859006	Serum transfusion
274502001	116859006	Antihemophilic factor transfusion
277360004	116859006	Massive blood transfusion
287954004	116859006	Intrauterine exchange transfusion
287987000	116859006	Cut-down blood transfusion
288170000	116859006	Packed blood cell transfusion
301842006	116859006	Intravenous blood transfusion
425513008	116859006	Transfusion of leucoreduced red blood cells
425524005	116859006	Transfusion antithrombin III factor
426290002	116859006	Transfusion of washed red blood cells
438567008	116859006	Intrauterine fetal transfusion using ultrasound guidance
449017001	116859006	Autologous transfusion of blood components
1156747007	116859006	Transfusion of convalescent plasma into peripheral vein
1156748002	116859006	Transfusion of convalescent plasma into central vein
1156868003	116859006	Transfusion of convalescent plasma
1296797000	116859006	Neonatal partial exchange transfusion
1332556005	116859006	Therapeutic transfusion of convalescent plasma
1332557001	116859006	Prophylactic transfusion of convalescent plasma
16609791000119102	116859006	Transfusion of immunoglobulin
93493001	118599009	Hodgkin's disease, lymphocytic-histiocytic predominance of intra-abdominal lymph nodes
93494007	118599009	Hodgkin's disease, lymphocytic-histiocytic predominance of intrapelvic lymph nodes
93495008	118599009	Hodgkin's disease, lymphocytic-histiocytic predominance of intrathoracic lymph nodes
93500006	118599009	Hodgkin's disease, lymphocytic-histiocytic predominance of spleen
93509007	118599009	Hodgkin's disease, mixed cellularity of spleen
93518009	118599009	Hodgkin's disease, nodular sclerosis of spleen
93520007	118599009	Hodgkin's disease of intra-abdominal lymph nodes
93521006	118599009	Hodgkin's disease of intrapelvic lymph nodes
93522004	118599009	Hodgkin's disease of intrathoracic lymph nodes
93526001	118599009	Hodgkin's disease of lymph nodes of multiple sites
93527005	118599009	Hodgkin's disease of spleen
93530003	118599009	Hodgkin's granuloma of intrapelvic lymph nodes
93531004	118599009	Hodgkin's granuloma of intrathoracic lymph nodes
93536009	118599009	Hodgkin's granuloma of spleen
93547002	118599009	Hodgkin's sarcoma of intra-abdominal lymph nodes
93548007	118599009	Hodgkin's sarcoma of intrapelvic lymph nodes
93549004	118599009	Hodgkin's sarcoma of intrathoracic lymph nodes
93554008	118599009	Hodgkin's sarcoma of spleen
118602004	118599009	Hodgkin's granuloma (clinical)
118605002	118599009	Hodgkin lymphoma, nodular lymphocyte predominance (clinical)
118606001	118599009	Hodgkin's sarcoma (clinical)
118607005	118599009	Lymphocyte-rich classical Hodgkin lymphoma
118608000	118599009	Hodgkin's disease, nodular sclerosis (clinical)
118609008	118599009	Hodgkin's disease, mixed cellularity (clinical)
118610003	118599009	Hodgkin's disease, lymphocytic depletion (clinical)
188524002	118599009	Hodgkin's paragranuloma of intrathoracic lymph nodes
188529007	118599009	Hodgkin's paragranuloma of intrapelvic lymph nodes
188531003	118599009	Hodgkin's paragranuloma of lymph nodes of multiple sites
188536008	118599009	Hodgkin's granuloma of intra-abdominal lymph nodes
188541000	118599009	Hodgkin's granuloma of lymph nodes of multiple sites
188551004	118599009	Hodgkin's sarcoma of lymph nodes of multiple sites
188562004	118599009	Hodgkin's disease, lymphocytic-histiocytic predominance of lymph nodes of multiple sites
188566001	118599009	Hodgkin's disease, nodular sclerosis of intrathoracic lymph nodes
188567005	118599009	Hodgkin's disease, nodular sclerosis of intra-abdominal lymph nodes
188570009	118599009	Hodgkin's disease, nodular sclerosis of intrapelvic lymph nodes
188572001	118599009	Hodgkin's disease, nodular sclerosis of lymph nodes of multiple sites
188576003	118599009	Hodgkin's disease, mixed cellularity of intrathoracic lymph nodes
188577007	118599009	Hodgkin's disease, mixed cellularity of intra-abdominal lymph nodes
188580008	118599009	Hodgkin's disease, mixed cellularity of intrapelvic lymph nodes
188582000	118599009	Hodgkin's disease, mixed cellularity of lymph nodes of multiple sites
188586002	118599009	Hodgkin's disease, lymphocytic depletion of intrathoracic lymph nodes
188587006	118599009	Hodgkin's disease, lymphocytic depletion of intra-abdominal lymph nodes
188591001	118599009	Hodgkin's disease, lymphocytic depletion of intrapelvic lymph nodes
188592008	118599009	Hodgkin's disease, lymphocytic depletion of spleen
188593003	118599009	Hodgkin's disease, lymphocytic depletion of lymph nodes of multiple sites
277609007	118599009	Hodgkin's disease, lymphocytic predominance - diffuse
277610002	118599009	Hodgkin's disease, nodular sclerosis - lymphocytic predominance
277611003	118599009	Hodgkin's disease, nodular sclerosis - mixed cellularity
277612005	118599009	Hodgkin's disease, nodular sclerosis - lymphocytic depletion
307633009	118599009	Hodgkin's disease, lymphocytic depletion, diffuse fibrosis
307634003	118599009	Hodgkin's disease, lymphocytic depletion, reticular type
307635002	118599009	Hodgkin's disease, nodular sclerosis - cellular phase
402882001	118599009	Hodgkin's disease affecting skin
404106004	118599009	Lymphomatoid papulosis with Hodgkin's disease
404157000	118599009	Specific skin infiltration in Hodgkin's disease
426071002	118599009	Hodgkin's disease in remission
426885008	118599009	Hodgkin's disease, lymphocytic depletion of lymph nodes of head
762690000	118599009	Classical Hodgkin lymphoma
830057003	118599009	Relapsing classical Hodgkin lymphoma
1255666008	118599009	Hodgkin lymphoma, lymphocyte depletion of lymph nodes of neck
1255687003	118599009	Hodgkin lymphoma, lymphocyte depletion of lymph nodes of head and neck
1255726001	118599009	Hodgkin granuloma of lymph nodes of head
1255727005	118599009	Hodgkin granuloma of lymph nodes of neck
1255728000	118599009	Hodgkin granuloma of lymph nodes of head and neck
1255737000	118599009	Hodgkin disease, lymphocytic-histiocytic predominance of lymph nodes of head
1255738005	118599009	Hodgkin disease, lymphocytic-histiocytic predominance of lymph nodes of neck
1255739002	118599009	Hodgkin disease, lymphocytic-histiocytic predominance of lymph nodes of head and neck
1255743003	118599009	Hodgkin sarcoma of lymph nodes of head
1255744009	118599009	Hodgkin sarcoma of lymph nodes of neck
1255745005	118599009	Hodgkin sarcoma of lymph nodes of head and neck
1255784000	118599009	Hodgkin paragranuloma of lymph nodes of head
1255785004	118599009	Hodgkin paragranuloma of lymph nodes of neck
1255786003	118599009	Hodgkin paragranuloma of lymph nodes of head and neck
1255788002	118599009	Hodgkin disease, mixed cellularity of lymph nodes of head
1255789005	118599009	Hodgkin disease, mixed cellularity of lymph nodes of neck
1255790001	118599009	Hodgkin disease, mixed cellularity of lymph nodes of head and neck
1255791002	118599009	Hodgkin disease, nodular sclerosis of lymph nodes of head and neck
1255792009	118599009	Hodgkin disease, nodular sclerosis of lymph nodes of head
1255793004	118599009	Hodgkin disease, nodular sclerosis of lymph nodes of neck
1255797003	118599009	Hodgkin disease, nodular sclerosis of lymph nodes of lower limb
1255798008	118599009	Hodgkin granuloma of lymph nodes of upper limb
1255802009	118599009	Hodgkin disease of lymph nodes of head
1255803004	118599009	Hodgkin disease of lymph nodes of neck
1255804005	118599009	Hodgkin disease of lymph nodes of head and neck
1255808008	118599009	Hodgkin sarcoma of lymph nodes of upper limb
1255811009	118599009	Hodgkin disease, mixed cellularity of lymph nodes of upper limb
1255812002	118599009	Hodgkin disease, nodular sclerosis of lymph nodes of upper limb
1255814001	118599009	Hodgkin disease, lymphocytic-histiocytic predominance of lymph nodes of upper limb
1255883001	118599009	Hodgkin sarcoma of lymph nodes of lower limb
1255887000	118599009	Hodgkin's paragranuloma of lymph nodes of lower limb
1255888005	118599009	Hodgkin paragranuloma of lymph nodes of upper limb
1255890006	118599009	Hodgkin disease, lymphocytic depletion of lymph nodes of upper limb
1255892003	118599009	Hodgkin disease, lymphocytic depletion of lymph nodes of lower limb
1255894002	118599009	Hodgkin granuloma of lymph nodes of lower limb
1255897009	118599009	Hodgkin disease, lymphocytic-histiocytic predominance of lymph nodes of lower limb
1255898004	118599009	Hodgkin disease, mixed cellularity of lymph nodes of lower limb
1255902005	118599009	Hodgkin disease of lymph nodes of lower limb
1255905007	118599009	Hodgkin disease of lymph nodes of upper limb
234546001	123785006	Immunoglobulin G2 deficiency
234547005	123785006	Combined immunoglobulin G2 and G4 deficiency
234548000	123785006	Immunoglobulin G3 deficiency
234549008	123785006	Immunoglobulin G4 deficiency
234550008	123785006	Immunoglobulin G1 deficiency
840472009	123785006	Deficiency of immunoglobulin A with immunoglobulin G subclass deficiency
29260007	124950009	Immunoglobulin A deficiency
234544003	124950009	Immunoglobulin subclass deficiency
234546001	124950009	Immunoglobulin G2 deficiency
234547005	124950009	Combined immunoglobulin G2 and G4 deficiency
234548000	124950009	Immunoglobulin G3 deficiency
234549008	124950009	Immunoglobulin G4 deficiency
234550008	124950009	Immunoglobulin G1 deficiency
234551007	124950009	Immunoglobulin A1 deficiency
234552000	124950009	Immunoglobulin A2 deficiency
363265005	124950009	Predominant humoral immune deficiency
840472009	124950009	Deficiency of immunoglobulin A with immunoglobulin G subclass deficiency
12631000119106	124950009	Immunoglobulin G deficiency
16894671000119102	124950009	Immunoglobulin G deficiency due to monoclonal gammopathy of undetermined significance
16894711000119103	124950009	Immunoglobulin G deficiency due to multiple myeloma
38046004	127013003	Diffuse glomerulosclerosis of kidney due to diabetes mellitus
63510008	127013003	Nodular type diabetic glomerulosclerosis
197605007	127013003	Nephrotic syndrome due to diabetes mellitus
236499007	127013003	Microalbuminuric diabetic nephropathy
236500003	127013003	Proteinuric nephropathy due to diabetes mellitus
309426007	127013003	Glomerulopathy due to diabetes mellitus
310387003	127013003	Intracapillary glomerulosclerosis of kidney due to diabetes mellitus
311366001	127013003	Kimmelstiel-Wilson syndrome
420279001	127013003	Renal disorder due to type 2 diabetes mellitus
420514000	127013003	Persistent proteinuria due to type 1 diabetes mellitus
420715001	127013003	Persistent microalbuminuria due to type 2 diabetes mellitus
421305000	127013003	Persistent microalbuminuria due to type 1 diabetes mellitus
421893009	127013003	Renal disorder due to type 1 diabetes mellitus
421986006	127013003	Persistent proteinuria due to type 2 diabetes mellitus
425455002	127013003	Diabetic glomerulonephritis
445170001	127013003	Macroalbuminuric nephropathy due to diabetes mellitus
707221002	127013003	Glomerulosclerosis of kidney due to diabetes mellitus
723074006	127013003	Renal papillary necrosis due to diabetes mellitus
792926007	127013003	Armanni-Ebstein kidney due to diabetes mellitus
1332436006	127013003	Hypertension in chronic kidney disease stage 3B due to type 1 diabetes mellitus
1332441003	127013003	Hypertension in chronic kidney disease stage 3A due to type 1 diabetes mellitus
1332442005	127013003	Hypertension in chronic kidney disease stage 3 due to type 1 diabetes mellitus
1332464001	127013003	Hypertension in chronic kidney disease stage 2 due to type 1 diabetes mellitus
1332465000	127013003	Hypertension in chronic kidney disease stage 3B due to type 2 diabetes mellitus
1332466004	127013003	Hypertension in chronic kidney disease stage 3A due to type 2 diabetes mellitus
1332467008	127013003	Hypertension in chronic kidney disease stage 5 due to type 1 diabetes mellitus
1332468003	127013003	Hypertension in chronic kidney disease stage 4 due to type 1 diabetes mellitus
1332469006	127013003	Chronic kidney disease stage 3B due to type 2 diabetes mellitus
1332470007	127013003	Chronic kidney disease stage 3A due to type 2 diabetes mellitus
1332471006	127013003	Chronic kidney disease stage 3B due to type 1 diabetes mellitus
1332472004	127013003	Chronic kidney disease stage 3A due to type 1 diabetes mellitus
711000119100	127013003	Chronic kidney disease stage 5 due to type 2 diabetes mellitus
721000119107	127013003	Chronic kidney disease stage 4 due to type 2 diabetes mellitus
731000119105	127013003	Chronic kidney disease stage 3 due to type 2 diabetes mellitus
741000119101	127013003	Chronic kidney disease stage 2 due to type 2 diabetes mellitus
751000119104	127013003	Chronic kidney disease stage 1 due to type 2 diabetes mellitus
771000119108	127013003	Chronic kidney disease due to type 2 diabetes mellitus
18521000119106	127013003	Microalbuminuria due to type 1 diabetes mellitus
71421000119105	127013003	Hypertension in chronic kidney disease due to type 2 diabetes mellitus
71441000119104	127013003	Nephrotic syndrome due to type 2 diabetes mellitus
71701000119105	127013003	Hypertension in chronic kidney disease due to type 1 diabetes mellitus
71721000119101	127013003	Nephrotic syndrome due to type 1 diabetes mellitus
90721000119101	127013003	Chronic kidney disease stage 1 due to type 1 diabetes mellitus
90731000119103	127013003	Chronic kidney disease stage 2 due to type 1 diabetes mellitus
90741000119107	127013003	Chronic kidney disease stage 3 due to type 1 diabetes mellitus
90751000119109	127013003	Chronic kidney disease stage 4 due to type 1 diabetes mellitus
90761000119106	127013003	Chronic kidney disease stage 5 due to type 1 diabetes mellitus
90771000119100	127013003	End stage renal disease on dialysis due to type 1 diabetes mellitus
90781000119102	127013003	Microalbuminuria due to type 2 diabetes mellitus
90791000119104	127013003	End stage renal disease on dialysis due to type 2 diabetes mellitus
96441000119101	127013003	Chronic kidney disease due to type 1 diabetes mellitus
127991000119101	127013003	Hypertension concurrent and due to end stage renal disease on dialysis due to type 2 diabetes mellitus
128001000119105	127013003	Hypertension concurrent and due to end stage renal disease on dialysis due to type 1 diabetes mellitus
140101000119109	127013003	Hypertension in chronic kidney disease stage 5 due to type 2 diabetes mellitus
140111000119107	127013003	Hypertension in chronic kidney disease stage 4 due to type 2 diabetes mellitus
140121000119100	127013003	Hypertension in chronic kidney disease stage 3 due to type 2 diabetes mellitus
140131000119102	127013003	Hypertension in chronic kidney disease stage 2 due to type 2 diabetes mellitus
157141000119108	127013003	Proteinuria due to type 2 diabetes mellitus
243421000119104	127013003	Proteinuria due to type 1 diabetes mellitus
368201000119100	127013003	Disorder of kidney due to drug induced diabetes mellitus
368421000119108	127013003	Chronic kidney disease stage 1 due to drug induced diabetes mellitus
368431000119106	127013003	Chronic kidney disease stage 2 due to drug induced diabetes mellitus
368441000119102	127013003	Chronic kidney disease stage 3 due to drug induced diabetes mellitus
368451000119100	127013003	Chronic kidney disease stage 4 due to drug induced diabetes mellitus
368461000119103	127013003	Chronic kidney disease stage 5 due to drug induced diabetes mellitus
368471000119109	127013003	End stage renal disease on dialysis due to drug induced diabetes mellitus
116810007	12719002	Transfusion of plateletpheresis product
117078000	12719002	Transfusion of platelet concentrate
180208003	12719002	Intravenous blood transfusion of platelets
756003	128238001	Chronic rheumatic myopericarditis
787001	128238001	Rheumatic mitral stenosis with regurgitation
4851007	128238001	Chronic endocarditis
5375005	128238001	Chronic left-sided congestive heart failure
10335000	128238001	Chronic right-sided heart failure
12023003	128238001	Rheumatic disease of aortic valve
16063004	128238001	Rheumatic disease of heart valve
16440002	128238001	Rheumatic disease of mitral AND aortic valves
16855001	128238001	Rheumatic tricuspid valve failure
17759006	128238001	Rheumatic aortic stenosis with regurgitation
18687009	128238001	Rheumatic disease of pulmonary valve
19036004	128238001	Rheumatic heart valve stenosis
22462001	128238001	Chronic bacterial endocarditis
26950008	128238001	Chronic ectopic atrial tachycardia
28284007	128238001	Rheumatic heart valve stenosis with insufficiency
31085000	128238001	Rheumatic mitral regurgitation
34126003	128238001	Rheumatic pulmonary valve insufficiency
40023000	128238001	Rheumatic mitral valve failure
40964007	128238001	Chronic valvulitis
42402006	128238001	Kartagener syndrome
43121002	128238001	Rheumatic heart valve regurgitation
43736008	128238001	Rheumatic left ventricular failure
44993000	128238001	Rheumatic mitral valve and aortic valve stenosis
45093008	128238001	Chronic interstitial myocarditis
46165000	128238001	Chronic rheumatic endocarditis
48447003	128238001	Chronic heart failure
49699002	128238001	Rheumatic disease of tricuspid valve
52048004	128238001	Rheumatic pulmonary valve failure
59464004	128238001	Rheumatic mitral AND aortic valve regurgitation
61012002	128238001	Chronic rheumatic myocarditis
66989003	128238001	Chronic right-sided congestive heart failure
67696008	128238001	Rheumatic tricuspid valve regurgitation
71799002	128238001	Rheumatic mitral valve stenosis AND aortic valve insufficiency
72011007	128238001	Rheumatic aortic stenosis
78031003	128238001	Rheumatic aortic regurgitation
79955004	128238001	Chronic cor pulmonale
81552002	128238001	Rheumatic mitral valve insufficiency and aortic valve stenosis
82523003	128238001	Congestive rheumatic heart failure
83014000	128238001	MacCallum's patch
83898004	128238001	Rheumatic disease of mitral valve
85971001	128238001	Rheumatic pulmonary valve stenosis with insufficiency
86466006	128238001	Rheumatic mitral stenosis
88318005	128238001	Rheumatic tricuspid valve stenosis
88805009	128238001	Chronic congestive heart failure
89456004	128238001	Chronic rheumatic valvulitis
91442002	128238001	Rheumatic pulmonary valve stenosis
91529004	128238001	Rheumatic heart valve failure
92808004	128238001	Chronic degenerative aortic valve disease
111283005	128238001	Chronic left-sided heart failure
194741006	128238001	Rheumatic tricuspid stenosis and insufficiency
233819005	128238001	Stable angina
233880002	128238001	Chronic myocardial disorder caused by chemical or external agent
240077004	128238001	Severe scapuloperoneal muscular dystrophy with cardiomyopathy
250999000	128238001	Rheumatic mitral valve leaflet changes
286947004	128238001	Chronic rheumatic mitral valvulitis
370141003	128238001	Rheumatic mitral AND aortic valve obstruction
371806006	128238001	Progressive angina
413838009	128238001	Chronic ischemic heart disease
413844008	128238001	Chronic myocardial ischemia
424404003	128238001	Decompensated chronic heart failure
425615007	128238001	Chronic atrial flutter
426749004	128238001	Chronic atrial fibrillation
429347004	128238001	Rheumatic aortic valve sclerosis
430396006	128238001	Chronic systolic dysfunction of left ventricle
431896008	128238001	Chronic rejection of cardiac transplant
441481004	128238001	Chronic systolic heart failure
441530006	128238001	Chronic diastolic heart failure
443253003	128238001	Acute on chronic systolic heart failure
443344007	128238001	Acute on chronic diastolic heart failure
445928005	128238001	Eisenmenger's syndrome
470752003	128238001	Progression of fetal right ventricular outflow tract obstruction
470753008	128238001	Progression of fetal left ventricular outflow tract obstruction
698296002	128238001	Acute exacerbation of chronic congestive heart failure
720507006	128238001	Chronic atrial and intestinal dysrhythmia
722890004	128238001	Chronic Chagas disease with heart involvement
725416005	128238001	Cirrhotic cardiomyopathy
763778003	128238001	Larsen-like syndrome B3GAT3 type
788887009	128238001	Chronic viral carditis
871587002	128238001	Myocarditis due to Chaga disease
1148765006	128238001	Chronic rheumatic carditis
1149066008	128238001	Chronic rheumatic pancarditis
1155719000	128238001	Rheumatic mitral valve obstruction
1155721005	128238001	Rheumatic aortic valve obstruction
1179295004	128238001	BVES-related limb girdle muscular dystrophy
1204127004	128238001	Chronic dissection of coronary artery
1296659009	128238001	Acute exacerbation of chronic heart failure
8501000119104	128238001	Hypertensive heart and chronic kidney disease
96701000119107	128238001	Hypertensive heart AND chronic kidney disease on dialysis
96711000119105	128238001	Hypertensive heart AND chronic kidney disease stage 5
96721000119103	128238001	Hypertensive heart AND chronic kidney disease stage 4
96731000119100	128238001	Hypertensive heart AND chronic kidney disease stage 3
96741000119109	128238001	Hypertensive heart AND chronic kidney disease stage 2
96751000119106	128238001	Hypertensive heart AND chronic kidney disease stage 1
117051000119103	128238001	Chronic total occlusion of coronary artery
153941000119100	128238001	Chronic combined systolic and diastolic heart failure
153951000119103	128238001	Acute on chronic combined systolic and diastolic heart failure
286011000119101	128238001	Rheumatic mitral valve annular calcification
286031000119106	128238001	Rheumatic mitral valve prolapse
10757401000119104	128238001	Pre-existing hypertensive heart and chronic kidney disease in mother complicating childbirth
10757481000119107	128238001	Pre-existing hypertensive heart and chronic kidney disease in mother complicating pregnancy
16754391000119100	128238001	Stable angina due to coronary arteriosclerosis
16838951000119100	128238001	Acute on chronic right-sided congestive heart failure
756003	128292002	Chronic rheumatic myopericarditis
787001	128292002	Rheumatic mitral stenosis with regurgitation
4851007	128292002	Chronic endocarditis
5375005	128292002	Chronic left-sided congestive heart failure
8214000	128292002	Telangiectasia macularis eruptiva perstans
8218002	128292002	Chronic hypertension complicating AND/OR reason for care during childbirth
8762007	128292002	Chronic hypertension in obstetric context
10335000	128292002	Chronic right-sided heart failure
12023003	128292002	Rheumatic disease of aortic valve
16063004	128292002	Rheumatic disease of heart valve
16440002	128292002	Rheumatic disease of mitral AND aortic valves
16855001	128292002	Rheumatic tricuspid valve failure
17759006	128292002	Rheumatic aortic stenosis with regurgitation
18687009	128292002	Rheumatic disease of pulmonary valve
19036004	128292002	Rheumatic heart valve stenosis
22462001	128292002	Chronic bacterial endocarditis
23627006	128292002	Chronic pericarditis
23685000	128292002	Rheumatic heart disease
24001002	128292002	Chronic gastrojejunal ulcer with hemorrhage, with perforation and with obstruction
24042004	128292002	Chronic hypertension complicating AND/OR reason for care during puerperium
26950008	128292002	Chronic ectopic atrial tachycardia
27017003	128292002	Chronic effusive pericarditis
28284007	128292002	Rheumatic heart valve stenosis with insufficiency
31085000	128292002	Rheumatic mitral regurgitation
34126003	128292002	Rheumatic pulmonary valve insufficiency
34736002	128292002	Chronic passive congestion of liver
37618003	128292002	Chronic hypertension complicating AND/OR reason for care during pregnancy
37980001	128292002	Concato's disease
39244004	128292002	Pericarditis secondary to myxedema
39402007	128292002	Pelvic congestion syndrome
40023000	128292002	Rheumatic mitral valve failure
40964007	128292002	Chronic valvulitis
42402006	128292002	Kartagener syndrome
42999000	128292002	Chronic adhesive pericarditis
43121002	128292002	Rheumatic heart valve regurgitation
43736008	128292002	Rheumatic left ventricular failure
44993000	128292002	Rheumatic mitral valve and aortic valve stenosis
45093008	128292002	Chronic interstitial myocarditis
45256007	128292002	Cruveilhier-Baumgarten syndrome
45639009	128292002	Hereditary cerebral amyloid angiopathy, Icelandic type
45640006	128292002	Chronic gastrojejunal ulcer with hemorrhage and perforation
46165000	128292002	Chronic rheumatic endocarditis
46523000	128292002	Chronic gastrojejunal ulcer with hemorrhage and with perforation but without obstruction
48447003	128292002	Chronic heart failure
49699002	128292002	Rheumatic disease of tricuspid valve
51147005	128292002	Chronic vascular insufficiency
52048004	128292002	Rheumatic pulmonary valve failure
52535005	128292002	Chronic constrictive pericarditis
56253000	128292002	Parapsoriasis en plaques
56453003	128292002	Hereditary cerebral amyloid angiopathy, Dutch type
57246001	128292002	Chronic gastric ulcer with hemorrhage
59356009	128292002	Chronic gastrojejunal ulcer with hemorrhage but without perforation
59464004	128292002	Rheumatic mitral AND aortic valve regurgitation
61012002	128292002	Chronic rheumatic myocarditis
62838000	128292002	Chronic gastrojejunal ulcer with hemorrhage
64146000	128292002	Progressive pigmentary dermatosis of Schamberg
66989003	128292002	Chronic right-sided congestive heart failure
67696008	128292002	Rheumatic tricuspid valve regurgitation
71799002	128292002	Rheumatic mitral valve stenosis AND aortic valve insufficiency
72011007	128292002	Rheumatic aortic stenosis
72585000	128292002	Parkinsonian syndrome with idiopathic orthostatic hypotension
74341002	128292002	Chronic gastric ulcer with hemorrhage AND with perforation but without obstruction
75181005	128292002	Chronic orthostatic hypotension
76078009	128292002	Chronic gastric ulcer with hemorrhage but without obstruction
76181002	128292002	Chronic gastric ulcer with hemorrhage and with perforation
77545000	128292002	Chronic hypotension
78031003	128292002	Rheumatic aortic regurgitation
78069008	128292002	Chronic rheumatic pericarditis
79955004	128292002	Chronic cor pulmonale
81552002	128292002	Rheumatic mitral valve insufficiency and aortic valve stenosis
82523003	128292002	Congestive rheumatic heart failure
83014000	128292002	MacCallum's patch
83898004	128292002	Rheumatic disease of mitral valve
84438001	128292002	Pure autonomic failure
85787009	128292002	Chronic gastric ulcer with hemorrhage, with perforation and with obstruction
85859006	128292002	Chronic gastric ulcer with hemorrhage and with obstruction
85971001	128292002	Rheumatic pulmonary valve stenosis with insufficiency
86466006	128292002	Rheumatic mitral stenosis
88318005	128292002	Rheumatic tricuspid valve stenosis
88805009	128292002	Chronic congestive heart failure
89456004	128292002	Chronic rheumatic valvulitis
90257004	128292002	Chronic gastrojejunal ulcer with hemorrhage and obstruction
90453003	128292002	Chronic rheumatic mediastinopericarditis
91442002	128292002	Rheumatic pulmonary valve stenosis
91529004	128292002	Rheumatic heart valve failure
92808004	128292002	Chronic degenerative aortic valve disease
95657009	128292002	Chronic mixed headache syndrome
111199007	128292002	Purpura pigmentosa chronica
111283005	128292002	Chronic left-sided heart failure
111298007	128292002	Chronic cerebral ischemia
111354009	128292002	Chronic vascular insufficiency of intestine
128238001	128292002	Chronic heart disease
194741006	128292002	Rheumatic tricuspid stenosis and insufficiency
197712008	128292002	Chronic nephritic syndrome, diffuse endocapillary proliferative glomerulonephritis
233819005	128292002	Stable angina
233880002	128292002	Chronic myocardial disorder caused by chemical or external agent
233886008	128292002	Chronic infective pericarditis
233887004	128292002	Chronic cholesterol pericardial effusion
233947005	128292002	Chronic thromboembolic pulmonary hypertension
238782003	128292002	Lichen aureus
238783008	128292002	Familial pigmented purpuric eruption
240077004	128292002	Severe scapuloperoneal muscular dystrophy with cardiomyopathy
241154007	128292002	Abdominal angina
250999000	128292002	Rheumatic mitral valve leaflet changes
254782003	128292002	Multiple progressive hemangiomata
266520007	128292002	Chronic gastrointestinal tract vascular insufficiency
286947004	128292002	Chronic rheumatic mitral valvulitis
286963007	128292002	Idiopathic chronic hypotension
370141003	128292002	Rheumatic mitral AND aortic valve obstruction
371806006	128292002	Progressive angina
402416000	128292002	Urticarial vasculitis with monoclonal IgM component, Schnitzler
405810005	128292002	Cogan's syndrome
413838009	128292002	Chronic ischemic heart disease
413844008	128292002	Chronic myocardial ischemia
423674003	128292002	Chronic peripheral venous hypertension
424404003	128292002	Decompensated chronic heart failure
425453009	128292002	Chronic nontraumatic dissection of thoracic aorta
425615007	128292002	Chronic atrial flutter
426749004	128292002	Chronic atrial fibrillation
427419006	128292002	Transformed migraine
429347004	128292002	Rheumatic aortic valve sclerosis
430396006	128292002	Chronic systolic dysfunction of left ventricle
431896008	128292002	Chronic rejection of cardiac transplant
441481004	128292002	Chronic systolic heart failure
441530006	128292002	Chronic diastolic heart failure
443095000	128292002	Hemicrania continua
443253003	128292002	Acute on chronic systolic heart failure
443344007	128292002	Acute on chronic diastolic heart failure
445928005	128292002	Eisenmenger's syndrome
470752003	128292002	Progression of fetal right ventricular outflow tract obstruction
470753008	128292002	Progression of fetal left ventricular outflow tract obstruction
698296002	128292002	Acute exacerbation of chronic congestive heart failure
698352000	128292002	Chronic antral gastritis with hemorrhage
698816006	128292002	Chronic occlusion of artery of extremity
704667004	128292002	Hypertension concurrent and due to end stage renal disease on dialysis
707412000	128292002	Chronic pulmonary thromboembolism
707413005	128292002	Chronic pulmonary thromboembolism without pulmonary hypertension
709602009	128292002	Chronic thrombosis of superficial vein of lower limb
709687000	128292002	Chronic deep vein thrombosis of pelvic vein
713030005	128292002	Chronic dissection of thoracic aorta
714818009	128292002	Persistent hematuria co-occurrent and due to diffuse endocapillary proliferative glomerulonephritis
718685006	128292002	Orthostatic hypotension co-occurrent and due to Parkinson's disease
720507006	128292002	Chronic atrial and intestinal dysrhythmia
722890004	128292002	Chronic Chagas disease with heart involvement
722986000	128292002	Chronic venous infarction of spinal cord
724357007	128292002	Hereditary cerebral hemorrhage with amyloidosis
724441006	128292002	Non-atherosclerotic chronic arterial occlusive disease
725416005	128292002	Cirrhotic cardiomyopathy
763778003	128292002	Larsen-like syndrome B3GAT3 type
776416004	128292002	Hyperuricemia, pulmonary hypertension, renal failure, alkalosis syndrome
783161005	128292002	ABri amyloidosis
783258000	128292002	ADan amyloidosis
783787000	128292002	Retinal vasculopathy with cerebral leukoencephalopathy and systemic manifestations
788887009	128292002	Chronic viral carditis
871587002	128292002	Myocarditis due to Chaga disease
1144912000	128292002	Chronic thrombotic microangiopathy
1148765006	128292002	Chronic rheumatic carditis
1149066008	128292002	Chronic rheumatic pancarditis
1155719000	128292002	Rheumatic mitral valve obstruction
1155721005	128292002	Rheumatic aortic valve obstruction
1173997008	128292002	Pontine autosomal dominant microangiopathy with leukoencephalopathy
1179295004	128292002	BVES-related limb girdle muscular dystrophy
1187126002	128292002	ITM2B-related amyloidosis
1204127004	128292002	Chronic dissection of coronary artery
1204191007	128292002	Asymptomatic chronic arterial occlusive disease
1230397006	128292002	Pigmented purpuric dermatosis
1287895005	128292002	Chronic deep vein thrombosis of left upper limb following procedure
1287896006	128292002	Chronic deep vein thrombosis of right upper limb following procedure
1296659009	128292002	Acute exacerbation of chronic heart failure
1332436006	128292002	Hypertension in chronic kidney disease stage 3B due to type 1 diabetes mellitus
1332441003	128292002	Hypertension in chronic kidney disease stage 3A due to type 1 diabetes mellitus
1332442005	128292002	Hypertension in chronic kidney disease stage 3 due to type 1 diabetes mellitus
1332464001	128292002	Hypertension in chronic kidney disease stage 2 due to type 1 diabetes mellitus
1332465000	128292002	Hypertension in chronic kidney disease stage 3B due to type 2 diabetes mellitus
1332466004	128292002	Hypertension in chronic kidney disease stage 3A due to type 2 diabetes mellitus
1332467008	128292002	Hypertension in chronic kidney disease stage 5 due to type 1 diabetes mellitus
1332468003	128292002	Hypertension in chronic kidney disease stage 4 due to type 1 diabetes mellitus
1336124006	128292002	Complement component 4 dense deposit disease
8501000119104	128292002	Hypertensive heart and chronic kidney disease
71421000119105	128292002	Hypertension in chronic kidney disease due to type 2 diabetes mellitus
71701000119105	128292002	Hypertension in chronic kidney disease due to type 1 diabetes mellitus
96701000119107	128292002	Hypertensive heart AND chronic kidney disease on dialysis
96711000119105	128292002	Hypertensive heart AND chronic kidney disease stage 5
96721000119103	128292002	Hypertensive heart AND chronic kidney disease stage 4
96731000119100	128292002	Hypertensive heart AND chronic kidney disease stage 3
96741000119109	128292002	Hypertensive heart AND chronic kidney disease stage 2
96751000119106	128292002	Hypertensive heart AND chronic kidney disease stage 1
117051000119103	128292002	Chronic total occlusion of coronary artery
118781000119108	128292002	Pre-existing hypertensive chronic kidney disease in mother complicating pregnancy
124171000119105	128292002	Chronic intractable migraine without aura
127991000119101	128292002	Hypertension concurrent and due to end stage renal disease on dialysis due to type 2 diabetes mellitus
128001000119105	128292002	Hypertension concurrent and due to end stage renal disease on dialysis due to type 1 diabetes mellitus
132091000119104	128292002	Chronic deep venous thrombosis of lower limb due to and following coronary artery bypass grafting
132131000119102	128292002	Chronic deep venous thrombosis of calf
132141000119106	128292002	Chronic deep venous thrombosis of lower extremity
132151000119108	128292002	Chronic deep venous thrombosis of popliteal vein
132161000119105	128292002	Chronic deep venous thrombosis of tibial vein
132171000119104	128292002	Chronic deep venous thrombosis of thigh
132191000119103	128292002	Chronic deep venous thrombosis of femoral vein
132201000119100	128292002	Chronic deep venous thrombosis of iliofemoral vein
132221000119109	128292002	Chronic deep venous thrombosis of upper extremity
132531000119105	128292002	Chronic thrombosis of superficial vein of upper extremity
132551000119104	128292002	Chronic thrombosis of subclavian vein
133411000119108	128292002	Chronic thrombosis of mesenteric vein
133971000119108	128292002	Chronic pulmonary embolism
135011000119102	128292002	Chronic deep venous thrombosis of internal jugular vein
135061000119104	128292002	Chronic thrombosis of superior vena cava
136751000119108	128292002	Chronic deep venous thrombosis of upper extremity as complication of procedure
140101000119109	128292002	Hypertension in chronic kidney disease stage 5 due to type 2 diabetes mellitus
140111000119107	128292002	Hypertension in chronic kidney disease stage 4 due to type 2 diabetes mellitus
140121000119100	128292002	Hypertension in chronic kidney disease stage 3 due to type 2 diabetes mellitus
140131000119102	128292002	Hypertension in chronic kidney disease stage 2 due to type 2 diabetes mellitus
143551000119106	128292002	Chronic thrombosis of splenic vein
153941000119100	128292002	Chronic combined systolic and diastolic heart failure
153951000119103	128292002	Acute on chronic combined systolic and diastolic heart failure
286011000119101	128292002	Rheumatic mitral valve annular calcification
286031000119106	128292002	Rheumatic mitral valve prolapse
293451000119102	128292002	Chronic deep vein thrombosis of right iliac vein
293461000119100	128292002	Chronic deep vein thrombosis of left iliac vein
10757401000119104	128292002	Pre-existing hypertensive heart and chronic kidney disease in mother complicating childbirth
10757481000119107	128292002	Pre-existing hypertensive heart and chronic kidney disease in mother complicating pregnancy
15708561000119103	128292002	Bilateral chronic deep vein thrombosis of upper limbs following procedure
15712441000119103	128292002	Chronic thrombosis of inferior vena cava
15760351000119105	128292002	Chronic deep venous thrombosis
16026431000119101	128292002	Chronic venous thrombosis
16754391000119100	128292002	Stable angina due to coronary arteriosclerosis
16838951000119100	128292002	Acute on chronic right-sided congestive heart failure
58341661000119101	128292002	Bilateral chronic deep venous thrombosis of peroneal veins
98067641000119101	128292002	Right peroneal vein chronic deep venous thrombosis
104758671000119101	128292002	Chronic deep vein thrombosis during pregnancy
172734791000119103	128292002	Postpartum chronic deep vein thrombosis
856856651000119109	128292002	Left peroneal vein chronic deep venous thrombosis
441754003	128531006	Percutaneous transhepatic transplantation of pancreatic islet cells using fluoroscopic guidance
447981001	128531006	Allotransplantation of islets of Langerhans
19647005	13569004	Therapeutic plasmapheresis using plasma as the major replacement fluid
116795008	13569004	Transfusion of cryoprecipitate
116808005	13569004	Transfusion of cryo-poor plasma
116861002	13569004	Transfusion of fresh frozen plasma
225067007	13569004	Therapeutic plasma exchange
1156747007	13569004	Transfusion of convalescent plasma into peripheral vein
1156748002	13569004	Transfusion of convalescent plasma into central vein
1156868003	13569004	Transfusion of convalescent plasma
1332556005	13569004	Therapeutic transfusion of convalescent plasma
1332557001	13569004	Prophylactic transfusion of convalescent plasma
4981000	13645005	Panacinar emphysema
16003001	13645005	Giant bullous emphysema
16846004	13645005	Obstructive emphysema
23958009	13645005	Vanishing lung
31898008	13645005	Paraseptal emphysema
33325001	13645005	Compensatory emphysema
47895001	13645005	Congenital emphysema
47938003	13645005	Chronic obliterative bronchiolitis
57686001	13645005	Emphysematous bleb of lung
60805002	13645005	Hemolytic anemia with emphysema AND cutis laxa
66987001	13645005	Congenital lobar emphysema
68328006	13645005	Centriacinar emphysema
70756004	13645005	Bronchial atresia with segmental pulmonary emphysema
77690003	13645005	Interstitial emphysema of lung
86680006	13645005	Ruptured emphysematous bleb of lung
87433001	13645005	Pulmonary emphysema
135836000	13645005	End stage chronic obstructive pulmonary disease
195951007	13645005	Acute exacerbation of chronic obstructive pulmonary disease
195957006	13645005	Chronic bullous emphysema
195958001	13645005	Segmental bullous emphysema
195959009	13645005	Zonal bullous emphysema
196001008	13645005	Chronic obstructive pulmonary disease with acute lower respiratory infection
196026004	13645005	Chronic emphysema caused by chemical fumes
233674008	13645005	Pulmonary emphysema in alpha-1 PI deficiency
233675009	13645005	Toxic emphysema
233677001	13645005	Scar emphysema
266355005	13645005	Bullous emphysema with collapse
266356006	13645005	Atrophic (senile) emphysema
285381006	13645005	Acute infective exacerbation of chronic obstructive pulmonary disease
313296004	13645005	Mild chronic obstructive pulmonary disease
313297008	13645005	Moderate chronic obstructive pulmonary disease
313299006	13645005	Severe chronic obstructive pulmonary disease
708030004	13645005	Pulmonary emphysema co-occurrent with fibrosis of lung
762618008	13645005	Bronchiolitis obliterans syndrome due to and after lung transplantation
836477007	13645005	Chronic emphysema caused by vapor
840350008	13645005	Chronic obliterative bronchiolitis caused by chemical fumes
840351007	13645005	Chronic obliterative bronchiolitis caused by vapor
1010333003	13645005	Emphysema of left lung
1010334009	13645005	Emphysema of right lung
1177120001	13645005	Bronchiolitis obliterans syndrome following allogeneic stem cell transplant
1751000119100	13645005	Acute exacerbation of chronic obstructive pulmonary disease with asthma
106001000119101	13645005	Chronic obstructive pulmonary disease with acute bronchitis
10692761000119107	13645005	Asthma-chronic obstructive pulmonary disease overlap syndrome
18537005	159138004	Bacteriologist
19667001	159282002	Physics technician
63279000	159282002	Chemistry technician
159283007	159282002	Laboratory technician - general science
159284001	159282002	Laboratory technician - biology
159285000	159282002	Medical laboratory technician
159286004	159282002	Laboratory technician - materials preparation
159287008	159282002	Laboratory technician - analysis
159288003	159282002	Laboratory technician - equipment operation
159289006	159282002	Trainee laboratory technician
386605000	159282002	Laboratory technician - cytology
1259943001	159282002	Anatomical pathology technician
406117000	165806002	Hepatitis B surface antigen detected by enzyme-linked immunosorbent assay
140004	17097001	Chronic pharyngitis
599006	17097001	Chronic pneumothorax
2365002	17097001	Chronic granular pharyngitis
2912004	17097001	Cystic-bullous disease of the lung
4981000	17097001	Panacinar emphysema
7457009	17097001	Chronic tracheitis
12310001	17097001	Childhood bronchiectasis
13645005	17097001	Chronic obstructive pulmonary disease
16003001	17097001	Giant bullous emphysema
16358007	17097001	Chronic disease of tonsils AND/OR adenoids
16846004	17097001	Obstructive emphysema
18121009	17097001	Chronic berylliosis
18354001	17097001	Chronic induration of lung
19325002	17097001	Traction bronchiectasis
23958009	17097001	Vanishing lung
24078009	17097001	Gangosa of yaws
26427008	17097001	Chronic pulmonary histoplasmosis
28295001	17097001	Middle lobe syndrome
29951006	17097001	Chronic laryngitis
31898008	17097001	Paraseptal emphysema
33325001	17097001	Compensatory emphysema
35923002	17097001	Chronic maxillary sinusitis
36599006	17097001	Chronic fibrosis of lung
38961000	17097001	Chronic sphenoidal sinusitis
39871006	17097001	Chronic respiratory failure
40055000	17097001	Chronic sinusitis
42402006	17097001	Kartagener syndrome
46847001	17097001	Chronic pulmonary edema
47841006	17097001	Chronic nasopharyngitis
47895001	17097001	Congenital emphysema
47938003	17097001	Chronic obliterative bronchiolitis
49691004	17097001	Occupational bronchitis
51068008	17097001	Adult bronchiectasis
51577008	17097001	Wilson-Mikity syndrome
52571006	17097001	Chronic tracheobronchitis
54287007	17097001	Ozena laryngis
57686001	17097001	Emphysematous bleb of lung
59454008	17097001	Laryngitis sicca
60130002	17097001	Chronic frontal sinusitis
60805002	17097001	Hemolytic anemia with emphysema AND cutis laxa
61937009	17097001	Simple chronic bronchitis
63480004	17097001	Chronic bronchitis
63841001	17097001	Chronic pulmonary congestion
63866002	17097001	Atrophic pharyngitis
66987001	17097001	Congenital lobar emphysema
67569000	17097001	Bronchopulmonary dysplasia of newborn
67905004	17097001	Acute-on-chronic respiratory failure
68328006	17097001	Centriacinar emphysema
69646003	17097001	Ozena
70756004	17097001	Bronchial atresia with segmental pulmonary emphysema
73237007	17097001	Chronic ethmoidal sinusitis
74417001	17097001	Mucopurulent chronic bronchitis
77097004	17097001	Oculopharyngeal muscular dystrophy
77690003	17097001	Interstitial emphysema of lung
83271005	17097001	Chronic laryngotracheitis
84409004	17097001	Fetid chronic bronchitis
86094006	17097001	Chronic rhinitis
86680006	17097001	Ruptured emphysematous bleb of lung
87433001	17097001	Pulmonary emphysema
88850006	17097001	Chronic pansinusitis
89099002	17097001	Chronic allergic bronchitis
90610005	17097001	Interstitial pulmonary fibrosis of prematurity
90979004	17097001	Chronic tonsillitis
93447004	17097001	Eosinophilic nonallergic rhinitis
95239003	17097001	Rhinitis medicamentosa
95240001	17097001	Rhinitis sicca
123713005	17097001	Chronic atelectasis
135836000	17097001	End stage chronic obstructive pulmonary disease
185086009	17097001	Emphysematous bronchitis
195765002	17097001	Chronic simple rhinitis
195768000	17097001	Chronic hypertrophic rhinitis
195769008	17097001	Chronic atrophic rhinitis
195770009	17097001	Chronic infective rhinitis
195771008	17097001	Chronic ulcerative rhinitis
195772001	17097001	Chronic membranous rhinitis
195773006	17097001	Chronic fibrinous rhinitis
195779005	17097001	Pharyngitis keratosa
195780008	17097001	Pharyngitis sicca
195782000	17097001	Chronic follicular pharyngitis
195798007	17097001	Chronic adenotonsillitis
195810009	17097001	Chronic laryngitis and laryngotracheitis
195811008	17097001	Chronic simple laryngitis
195812001	17097001	Chronic catarrhal laryngitis
195813006	17097001	Chronic hyperplastic laryngitis
195866009	17097001	Laryngeal pachydermia
195949008	17097001	Chronic asthmatic bronchitis
195951007	17097001	Acute exacerbation of chronic obstructive pulmonary disease
195953005	17097001	Mixed simple and mucopurulent chronic bronchitis
195957006	17097001	Chronic bullous emphysema
195958001	17097001	Segmental bullous emphysema
195959009	17097001	Zonal bullous emphysema
196001008	17097001	Chronic obstructive pulmonary disease with acute lower respiratory infection
196026004	17097001	Chronic emphysema caused by chemical fumes
196028003	17097001	Chronic pulmonary fibrosis caused by chemical fumes
196049002	17097001	Chronic pulmonary radiation disease
232344001	17097001	Rhinitis caseosa
232393006	17097001	Chronic anterior ethmoidal sinusitis
232394000	17097001	Chronic posterior ethmoidal sinusitis
232395004	17097001	Chronic panethmoidal sinusitis
232396003	17097001	Chronic osteomeatal disease
232397007	17097001	Chronic frontoethmoidal sinusitis
232405008	17097001	Chronic ulcerative pharyngitis
232406009	17097001	Chronic pharyngeal candidiasis
232420002	17097001	Chronic adenoiditis
232434002	17097001	Chronic fungal laryngitis
233615002	17097001	Chronic pulmonary coccidioidomycosis
233630006	17097001	Obstructive bronchiectasis
233631005	17097001	Toxin-induced bronchiectasis
233632003	17097001	Bronchiectasis due to aspiration of toxic substance
233633008	17097001	Bronchiectasis due to inhalation of toxic substance
233674008	17097001	Pulmonary emphysema in alpha-1 PI deficiency
233675009	17097001	Toxic emphysema
233677001	17097001	Scar emphysema
233692000	17097001	Cryptogenic pulmonary eosinophilia
233762004	17097001	Chronic silicosis
240742009	17097001	Chronic pulmonary African histoplasmosis
240747003	17097001	Chronic pulmonary blastomycosis
266342009	17097001	Chronic catarrhal rhinitis
266355005	17097001	Bullous emphysema with collapse
266356006	17097001	Atrophic (senile) emphysema
266404004	17097001	Chronic chemical respiratory disease
275376007	17097001	Congenital syphilitic chronic coryza
275486007	17097001	Chronic disease of tonsil
275487003	17097001	Chronic adenoid disease
276537001	17097001	Chronic pulmonary insufficiency of prematurity
276573008	17097001	Chronic partial asphyxia of newborn
285381006	17097001	Acute infective exacerbation of chronic obstructive pulmonary disease
313296004	17097001	Mild chronic obstructive pulmonary disease
313297008	17097001	Moderate chronic obstructive pulmonary disease
313299006	17097001	Severe chronic obstructive pulmonary disease
361194002	17097001	Perinatal pulmonary fibroplasia
361195001	17097001	Pulmonary fibroplasia
413839001	17097001	Chronic lung disease
417688002	17097001	Chronic progressive coccidioidal pneumonia
425748003	17097001	Acute exacerbation of chronic bronchitis
426437004	17097001	Familial idiopathic pulmonary fibrosis
426896000	17097001	Chronic hypercapnic respiratory failure
427896006	17097001	Chronic respiratory insufficiency
428173007	17097001	Chronic hypoxemic respiratory failure
430476004	17097001	Diffuse panbronchiolitis
432958009	17097001	Chronic rejection of lung transplant
442025000	17097001	Acute exacerbation of chronic asthmatic bronchitis
700250006	17097001	Idiopathic pulmonary fibrosis
702383005	17097001	Distal myopathy 2
704345008	17097001	Chronic interstitial pneumonitis
707534000	17097001	Chronic lung disease due to surfactant disorder
707553005	17097001	Chronic exogenous lipoid pneumonitis
708026002	17097001	Chronic pneumonitis of infancy
708030004	17097001	Pulmonary emphysema co-occurrent with fibrosis of lung
716771000	17097001	Chronic hiccup
720009004	17097001	Intractable diarrhea with choanal atresia and eye anomaly syndrome
721076000	17097001	Siegler Brewer Carey syndrome
723829000	17097001	Pulmonary fibrosis, hepatic hyperplasia, bone marrow hypoplasia syndrome
724500003	17097001	Idiopathic chronic eosinophilic pneumonitis
733170007	17097001	Chronic aspergillosis of paranasal sinus
733171006	17097001	Chronic pulmonary aspergillosis
735465007	17097001	Protracted bronchitis caused by bacterium
737180005	17097001	Chronic bronchiolitis
762618008	17097001	Bronchiolitis obliterans syndrome due to and after lung transplantation
763829004	17097001	Oculopharyngodistal myopathy
770727008	17097001	Spinal muscular atrophy with respiratory distress type 2
771081007	17097001	Distal hereditary motor neuropathy type 7
771306007	17097001	Hereditary fibrosing poikiloderma, tendon contractures, myopathy, pulmonary fibrosis syndrome
783182004	17097001	Chronic respiratory distress with surfactant metabolism deficiency
785736001	17097001	Chronic bronchitis co-occurrent with wheeze
789574002	17097001	Acute exacerbation of idiopathic pulmonary fibrosis
836477007	17097001	Chronic emphysema caused by vapor
840350008	17097001	Chronic obliterative bronchiolitis caused by chemical fumes
840351007	17097001	Chronic obliterative bronchiolitis caused by vapor
846634000	17097001	Chronic respiratory condition caused by fumes
846635004	17097001	Chronic respiratory condition caused by vapor
846636003	17097001	Chronic respiratory condition caused by chemical fumes
897657000	17097001	Chronic rhinosinusitis
1010333003	17097001	Emphysema of left lung
1010334009	17097001	Emphysema of right lung
1010670004	17097001	Chronic endogenous lipoid pneumonitis
1163147006	17097001	Chronic fibrosing pulmonary aspergillosis
1163150009	17097001	Chronic cavitary pulmonary aspergillosis
1177120001	17097001	Bronchiolitis obliterans syndrome following allogeneic stem cell transplant
1197476009	17097001	Infantile-onset pulmonary alveolar proteinosis, hypogammaglobulinemia
1204369007	17097001	Unexplained chronic cough
1228876007	17097001	Severe early-onset pulmonary alveolar proteinosis due to MARS deficiency
1285576009	17097001	Chronic rhinosinusitis with multiple nasal polyps
1287820006	17097001	Chronic respiratory disease originating in perinatal period
1303457006	17097001	Mild bronchopulmonary dysplasia of newborn
1303458001	17097001	Moderate bronchopulmonary dysplasia of newborn
1303459009	17097001	Severe bronchopulmonary dysplasia of newborn
1344640009	17097001	Chronic pulmonary fibrosis caused by vapor
1344643006	17097001	Chronic traumatic diaphragmatic hernia
1348304006	17097001	Fibrosis, neurodegeneration, cerebral angiomatosis syndrome
1354861009	17097001	Lung disease, immunodeficiency, chromosome breakage syndrome
1751000119100	17097001	Acute exacerbation of chronic obstructive pulmonary disease with asthma
2561000112106	17097001	Chronic refractory cough
7361000175106	17097001	Acute on chronic hypercapnic respiratory failure
20091000175107	17097001	Acute on chronic hypoxemic and hypercapnic respiratory failure
28791000119105	17097001	Chronic coccidioidomycotic pneumonia
100171000119109	17097001	Eosinophilic mucin rhinosinusitis
102361000119104	17097001	Chronic pneumonia
106001000119101	17097001	Chronic obstructive pulmonary disease with acute bronchitis
133171000119105	17097001	Chronic pharyngolaryngitis
293241000119100	17097001	Acute exacerbation of chronic obstructive bronchitis
10672271000119100	17097001	Acute on chronic hypoxemic respiratory failure
10675711000119106	17097001	Severe persistent asthma uncontrolled co-occurrent with allergic rhinitis
10675751000119107	17097001	Severe uncontrolled persistent asthma
10676231000119102	17097001	Mild persistent asthma uncontrolled co-occurrent with allergic rhinitis
10676671000119102	17097001	Moderate persistent asthma uncontrolled co-occurrent with allergic rhinitis
10692721000119102	17097001	Chronic obstructive asthma co-occurrent with acute exacerbation of asthma
10692761000119107	17097001	Asthma-chronic obstructive pulmonary disease overlap syndrome
350586651000119105	17097001	Chronic respiratory failure due to neuromuscular disease
971918681000119107	17097001	Chronic respiratory failure due to obstructive sleep apnea
103479006	17872004	Neisseria meningitidis serogroup A
103480009	17872004	Neisseria meningitidis serogroup B
103481008	17872004	Neisseria meningitidis serogroup C
103482001	17872004	Neisseria meningitidis serogroup Y
103483006	17872004	Neisseria meningitidis serogroup W
125041003	17872004	Neisseria meningitidis serogroup X
125042005	17872004	Neisseria meningitidis serogroup Z
414810006	17872004	Neisseria meningitidis non-groupable
698162001	17872004	Neisseria meningitidis serogroup E
722355003	17872004	Neisseria meningitidis, beta lactamase negative
722356002	17872004	Neisseria meningitidis, beta lactamase positive
24805007	17920008	Portal thrombophlebitis
81423003	190905008	Cystic fibrosis without meconium ileus
86092005	190905008	Cystic fibrosis with meconium ileus
86555001	190905008	Cystic fibrosis of the lung
235978006	190905008	Cystic fibrosis of pancreas
427089005	190905008	Diabetes mellitus due to cystic fibrosis
707766007	190905008	Exocrine pancreatic manifestation co-occurrent and due to cystic fibrosis
716088000	190905008	Follicular hamartoma with alopecia and cystic fibrosis syndrome
720401009	190905008	Cystic fibrosis with gastritis and megaloblastic anemia syndrome
725052002	190905008	Fetal cystic fibrosis
762269004	190905008	Classical cystic fibrosis
762270003	190905008	Atypical cystic fibrosis
762271004	190905008	Subclinical cystic fibrosis
1296527009	190905008	Cystic fibrosis due to heterozygous deltaF508 mutation
1296528004	190905008	Cystic fibrosis due to homozygous deltaF508 mutation
11641008	195967001	Millers' asthma
12428000	195967001	Intrinsic asthma without status asthmaticus
18041002	195967001	Printers' asthma
19849005	195967001	Meat-wrappers' asthma
34015007	195967001	Bakers' asthma
41553006	195967001	Detergent asthma
55570000	195967001	Asthma without status asthmaticus
56968009	195967001	Asthma caused by wood dust
57607007	195967001	Occupational asthma
59786004	195967001	Weavers' cough
63088003	195967001	Allergic asthma without status asthmaticus
92807009	195967001	Chemical-induced asthma
93432008	195967001	Drug-induced asthma
195949008	195967001	Chronic asthmatic bronchitis
195977004	195967001	Mixed asthma
225057002	195967001	Brittle asthma
233678006	195967001	Childhood asthma
233679003	195967001	Late onset asthma
233683003	195967001	Hay fever with asthma
233687002	195967001	Colophony asthma
233688007	195967001	Sulfite-induced asthma
233691007	195967001	Asthmatic pulmonary eosinophilia
266361008	195967001	Intrinsic asthma
281239006	195967001	Acute asthma
370218001	195967001	Mild asthma
370219009	195967001	Moderate asthma
370220003	195967001	Occasional asthma
370221004	195967001	Severe asthma
389145006	195967001	Allergic asthma
404804003	195967001	Platinum asthma
404806001	195967001	Cheese-makers' asthma
404808000	195967001	Isocyanate induced asthma
405944004	195967001	Asthmatic bronchitis
407674008	195967001	Aspirin-induced asthma
409663006	195967001	Cough variant asthma
418395004	195967001	Tea-makers' asthma
423889005	195967001	Non-IgE mediated allergic asthma
424643009	195967001	IgE-mediated allergic asthma
425969006	195967001	Exacerbation of intermittent asthma
426656000	195967001	Severe persistent asthma
426979002	195967001	Mild persistent asthma
427295004	195967001	Moderate persistent asthma
427603009	195967001	Intermittent asthma
427679007	195967001	Mild intermittent asthma
442025000	195967001	Acute exacerbation of chronic asthmatic bronchitis
445427006	195967001	Seasonal asthma
703953004	195967001	Allergic asthma caused by Dermatophagoides pteronyssinus
703954005	195967001	Allergic asthma caused by Dermatophagoides farinae
707444001	195967001	Uncomplicated asthma
707445000	195967001	Exacerbation of mild persistent asthma
707446004	195967001	Exacerbation of moderate persistent asthma
707447008	195967001	Exacerbation of severe persistent asthma
707511009	195967001	Uncomplicated mild persistent asthma
707512002	195967001	Uncomplicated moderate persistent asthma
707513007	195967001	Uncomplicated severe persistent asthma
707979007	195967001	Acute severe exacerbation of severe persistent asthma
707980005	195967001	Acute severe exacerbation of moderate persistent asthma
707981009	195967001	Acute severe exacerbation of mild persistent asthma
708090002	195967001	Acute severe exacerbation of asthma
708093000	195967001	Acute exacerbation of allergic asthma
708094006	195967001	Acute exacerbation of intrinsic asthma
708095007	195967001	Acute severe exacerbation of immunoglobin E-mediated allergic asthma
708096008	195967001	Acute severe exacerbation of intrinsic asthma
733858005	195967001	Acute severe refractory exacerbation of asthma
734904007	195967001	Life threatening acute exacerbation of asthma
734905008	195967001	Moderate acute exacerbation of asthma
735588005	195967001	Uncomplicated allergic asthma
735589002	195967001	Uncomplicated non-allergic asthma
762521001	195967001	Exacerbation of allergic asthma
782513000	195967001	Acute severe exacerbation of allergic asthma
782520007	195967001	Exacerbation of allergic asthma due to infection
786836003	195967001	Near fatal asthma
829976001	195967001	Thunderstorm asthma
1290026000	195967001	Uncontrolled asthma
401000119107	195967001	Asthma with irreversible airway obstruction
1741000119102	195967001	Intermittent asthma uncontrolled
1751000119100	195967001	Acute exacerbation of chronic obstructive pulmonary disease with asthma
72301000119103	195967001	Asthma in pregnancy
99031000119107	195967001	Acute exacerbation of asthma co-occurrent with allergic rhinitis
124991000119109	195967001	Severe persistent asthma co-occurrent with allergic rhinitis
125001000119103	195967001	Moderate persistent asthma co-occurrent with allergic rhinitis
125011000119100	195967001	Mild persistent asthma co-occurrent with allergic rhinitis
125021000119107	195967001	Intermittent asthma co-occurrent with allergic rhinitis
2360001000004109	195967001	Steroid dependent asthma
10674711000119105	195967001	Acute severe exacerbation of asthma co-occurrent with allergic rhinitis
10674791000119101	195967001	Acute exacerbation of intermittent allergic asthma
10674991000119104	195967001	Intermittent allergic asthma
10675391000119101	195967001	Severe controlled persistent asthma
10675431000119106	195967001	Severe persistent allergic asthma
10675471000119109	195967001	Acute severe exacerbation of severe persistent allergic asthma
10675551000119104	195967001	Acute severe exacerbation of severe persistent asthma co-occurrent with allergic rhinitis
10675711000119106	195967001	Severe persistent asthma uncontrolled co-occurrent with allergic rhinitis
10675751000119107	195967001	Severe uncontrolled persistent asthma
10675871000119106	195967001	Mild persistent allergic asthma
10675911000119109	195967001	Acute severe exacerbation of mild persistent allergic asthma
10675991000119100	195967001	Acute severe exacerbation of mild persistent allergic asthma co-occurrent with allergic rhinitis
10676231000119102	195967001	Mild persistent asthma uncontrolled co-occurrent with allergic rhinitis
10676271000119104	195967001	Acute exacerbation of moderate persistent allergic asthma
10676391000119108	195967001	Moderate persistent allergic asthma
10676431000119103	195967001	Acute severe exacerbation of moderate persistent allergic asthma
10676511000119109	195967001	Acute severe exacerbation of moderate persistent asthma co-occurrent with allergic rhinitis
10676671000119102	195967001	Moderate persistent asthma uncontrolled co-occurrent with allergic rhinitis
10692681000119108	195967001	Aspirin exacerbated respiratory disease
10692721000119102	195967001	Chronic obstructive asthma co-occurrent with acute exacerbation of asthma
10692761000119107	195967001	Asthma-chronic obstructive pulmonary disease overlap syndrome
10742121000119104	195967001	Asthma in mother complicating childbirth
16584951000119101	195967001	Oral steroid-dependent asthma
536002	19943007	Glissonian cirrhosis
1761006	19943007	Biliary cirrhosis
6183001	19943007	Indian childhood cirrhosis
12368000	19943007	Secondary biliary cirrhosis
15999000	19943007	Mixed micro and macronodular cirrhosis
16070004	19943007	Syphilitic cirrhosis
21861000	19943007	Micronodular cirrhosis
27156006	19943007	Posthepatitic cirrhosis
31712002	19943007	Primary biliary cholangitis
33144001	19943007	Parasitic cirrhosis
37688005	19943007	Clonorchiasis with biliary cirrhosis
43904005	19943007	Macronodular cirrhosis
45256007	19943007	Cruveilhier-Baumgarten syndrome
74669004	19943007	Cardiac cirrhosis
76301009	19943007	Florid cirrhosis
78208005	19943007	Pigment cirrhosis
86454000	19943007	Postnecrotic cirrhosis
89580002	19943007	Cryptogenic cirrhosis
109819003	19943007	Obstructive biliary cirrhosis
123604002	19943007	Toxic cirrhosis
123605001	19943007	Nutritional cirrhosis
123606000	19943007	Cholangiolitic cirrhosis
123716002	19943007	Latent cirrhosis
123717006	19943007	Advanced cirrhosis
197291001	19943007	Unilobular portal cirrhosis
197293003	19943007	Diffuse nodular cirrhosis
197294009	19943007	Fatty portal cirrhosis
197296006	19943007	Capsular portal cirrhosis
197299004	19943007	Pigmentary portal cirrhosis
197301006	19943007	Toxic portal cirrhosis
197303009	19943007	Bacterial portal cirrhosis
197305002	19943007	Syphilitic portal cirrhosis
197310003	19943007	Biliary cirrhosis of children
235895002	19943007	Laennec's cirrhosis, non-alcoholic
235896001	19943007	Infectious cirrhosis
235897005	19943007	Hypoxia-associated cirrhosis
266468003	19943007	Cirrhosis - non-alcoholic
266469006	19943007	Multilobular portal cirrhosis
266470007	19943007	Cardiac portal cirrhosis
266471006	19943007	Juvenile portal cirrhosis
271440004	19943007	Cirrhosis secondary to cholestasis
371139006	19943007	Early cirrhosis
419728003	19943007	Portal cirrhosis
420054005	19943007	Alcoholic cirrhosis
425413006	19943007	Drug-induced cirrhosis of liver
699189004	19943007	North American Indian childhood cirrhosis
715401008	19943007	Reynolds syndrome
715864007	19943007	Idiopathic copper associated cirrhosis of liver
716203000	19943007	Decompensated cirrhosis of liver
725416005	19943007	Cirrhotic cardiomyopathy
725938001	19943007	Cirrhosis of liver caused by methotrexate
725939009	19943007	Cirrhosis of liver caused by amiodarone
725940006	19943007	Cirrhosis of liver caused by methyldopa
735733008	19943007	Cirrhosis of liver with primary sclerosing cholangitis
871619002	19943007	Cirrhosis of liver due to and following cardiac procedure
1010616001	19943007	Liver cirrhosis due to classical cystic fibrosis
831000119103	19943007	Cirrhosis of liver due to chronic hepatitis C
103611000119102	19943007	Cirrhosis of liver due to hepatitis B
23776007	213017001	Incestuous child concubinage
41358001	213017001	Child concubinage
51347003	213017001	Incest
70167006	213017001	Non-incestuous child concubinage
95922009	213017001	Child sex abuse
228143000	213017001	Contact sexual abuse of child
242046006	213017001	Sexual abuse of disabled person
361217003	213017001	Intrafamilial sexual abuse
432527004	213017001	Domestic sexual abuse of adult
444557007	213017001	Sexual abuse of adult
720595008	213017001	Domestic sexual abuse
12399051000119103	213017001	Elder sexual abuse
233959009	21631000119105	Upper limb ischemia
233960004	21631000119105	Critical upper limb ischemia
233961000	21631000119105	Lower limb ischemia
233962007	21631000119105	Critical lower limb ischemia
300917007	21631000119105	Ischemia of feet
301755001	21631000119105	Ischemic foot
307406004	21631000119105	Trash foot
307407008	21631000119105	Ischemic hand
307408003	21631000119105	Ischemic toe
307409006	21631000119105	Ischemic finger
312822006	21631000119105	Critical ischemia of foot
713412006	21631000119105	Ischemic foot with rest pain
1230182004	21631000119105	Acute lower limb ischemia
15712641000119101	21631000119105	Ischemia of right upper limb
15712681000119106	21631000119105	Ischemia of left upper limb
16002551000119103	21631000119105	Pain of left upper limb co-occurrent and due to ischemia
16002711000119105	21631000119105	Right upper limb pain co-occurrent and due to ischemia
1421009	223366009	Specialized surgeon
3430008	223366009	Radiation therapist
3842006	223366009	Chiropractor
4162009	223366009	Dental assistant
5275007	223366009	Auxiliary nurse
6816002	223366009	Specialized nurse
6868009	223366009	Hospital administrator
8724009	223366009	Plastic surgeon
11661002	223366009	Neuropathologist
11911009	223366009	Nephrologist
11935004	223366009	Obstetrician
13580004	223366009	School dental assistant
14698002	223366009	Medical microbiologist
17561000	223366009	Cardiologist
18803008	223366009	Dermatologist
18850004	223366009	Laboratory hematologist
19244007	223366009	Gerodontist
20145008	223366009	Removable prosthodontist
21365001	223366009	Specialized dentist
21450003	223366009	Neuropsychiatrist
22515006	223366009	Medical assistant
22731001	223366009	Orthopedic surgeon
22983004	223366009	Thoracic surgeon
23278007	223366009	Community health physician
24430003	223366009	Physical medicine specialist
24590004	223366009	Urologist
25961008	223366009	Electroencephalography specialist
26042002	223366009	Dental hygienist
26369006	223366009	Public health nurse
28229004	223366009	Optometrist
28411006	223366009	Neonatologist
28544002	223366009	Medical biochemist
36682004	223366009	Physiotherapist
37154003	223366009	Periodontist
37504001	223366009	Orthodontist
39677007	223366009	Internal medicine specialist
40127002	223366009	Dietitian (general)
40204001	223366009	Hematologist
40570005	223366009	Interpreter
41672002	223366009	Pulmonologist
41904004	223366009	Medical X-ray technician
43702002	223366009	Occupational health nurse
44652006	223366009	Pharmaceutical assistant
45440000	223366009	Rheumatologist
45544007	223366009	Neurosurgeon
45956004	223366009	Sanitarian
46255001	223366009	Pharmacist
48740002	223366009	Philologist
49203003	223366009	Dispensing optician
49993003	223366009	Oral surgeon
50149000	223366009	Endodontist
54503009	223366009	Faith healer
56397003	223366009	Neurologist
56466003	223366009	Public health physician
56542007	223366009	Medical record administrator
56545009	223366009	Cardiovascular surgeon
57654006	223366009	Fixed prosthodontist
59058001	223366009	General physician
59169001	223366009	Orthopedic technician
59317003	223366009	Dental prosthesis maker and repairer
59944000	223366009	Psychologist
60008001	223366009	Public health nutritionist
61207006	223366009	Medical pathologist
61246008	223366009	Laboratory medicine specialist
61345009	223366009	Otorhinolaryngologist
61894003	223366009	Endocrinologist
62247001	223366009	Family medicine specialist
63098009	223366009	Clinical immunologist
66476003	223366009	Oral pathologist
66862007	223366009	Radiologist
68867008	223366009	Public health dentist
68950000	223366009	Prosthodontist
69280009	223366009	Specialized physician
71838004	223366009	Gastroenterologist
73265009	223366009	Nursing aid
75271001	223366009	Professional midwife
76166008	223366009	Practical aid (pharmacy)
76231001	223366009	Osteopath
76899008	223366009	Infectious disease specialist
78703002	223366009	General surgeon
78729002	223366009	Diagnostic radiologist
79898004	223366009	Auxiliary midwife
80409005	223366009	Translator
80546007	223366009	Occupational therapist
80584001	223366009	Psychiatrist
80933006	223366009	Nuclear medicine specialist
81464008	223366009	Clinical pathologist
82296001	223366009	Pediatrician
83273008	223366009	Anatomic pathologist
83685006	223366009	Gynecologist
85733003	223366009	General pathologist
88189002	223366009	Anesthesiologist
90201008	223366009	Pedodontist
90655003	223366009	Geriatrics specialist
106289002	223366009	Dentist
106292003	223366009	Professional nurse
106293008	223366009	Nursing personnel
106294002	223366009	Midwifery personnel
106330007	223366009	Philologist, translator AND/OR interpreter
158965000	223366009	Medical practitioner
158966004	223366009	Medical administrator - national
158967008	223366009	Consultant physician
158968003	223366009	Consultant surgeon
158969006	223366009	Consultant gynecology and obstetrics
158971006	223366009	Hospital registrar
158972004	223366009	House officer
158973009	223366009	Occupational physician
158974003	223366009	Clinical medical officer
158975002	223366009	Medical practitioner - teaching
158977005	223366009	Dental administrator
158978000	223366009	Dental consultant
158979008	223366009	Dental general practitioner
158980006	223366009	Dental practitioner - teaching
158983008	223366009	Nurse administrator - national
158984002	223366009	Nursing officer - region
158985001	223366009	Nursing officer - district
158986000	223366009	Nursing administrator - professional body
158987009	223366009	Nursing officer - division
158988004	223366009	Nurse education director
158989007	223366009	Occupational health nursing officer
158990003	223366009	Nursing officer
158992006	223366009	Midwifery sister
158993001	223366009	Nursing sister (theatre)
158994007	223366009	Staff nurse
158995008	223366009	Staff midwife
158996009	223366009	State enrolled nurse
158997000	223366009	District nurse
158998005	223366009	Private nurse
158999002	223366009	Community midwife
159001001	223366009	Clinic nurse
159002008	223366009	Practice nurse
159003003	223366009	School nurse
159004009	223366009	Nurse teacher
159005005	223366009	Student nurse
159006006	223366009	Dental nurse
159007002	223366009	Community pediatric nurse
159010009	223366009	Hospital pharmacist
159011008	223366009	Community pharmacist
159012001	223366009	Industrial pharmacist
159014000	223366009	Trainee pharmacist
159016003	223366009	Medical radiographer
159017007	223366009	Diagnostic radiographer
159018002	223366009	Radiotherapist
159019005	223366009	Trainee radiographer
159021000	223366009	Ophthalmic optician
159022007	223366009	Trainee optician
159025009	223366009	Remedial gymnast
159026005	223366009	Speech and language therapist
159027001	223366009	Orthoptist
159028006	223366009	Trainee remedial therapist
159033005	223366009	Dietitian
159034004	223366009	Podiatrist
159035003	223366009	Dental auxiliary
159036002	223366009	ECG technician
159037006	223366009	EEG technician
159038001	223366009	Artificial limb fitter
159039009	223366009	Audiology technician
159040006	223366009	Pharmacy technician
159041005	223366009	Trainee medical technician
159141008	223366009	Geneticist
159972006	223366009	Surgical corset fitter
160008000	223366009	Dental technician
224529009	223366009	Clinical assistant
224530004	223366009	Senior registrar
224531000	223366009	Registrar
224532007	223366009	Senior house officer
224533002	223366009	Medical officer
224534008	223366009	Health visitors, nurses and midwives
224535009	223366009	Registered nurse
224536005	223366009	Midwifery tutor
224537001	223366009	Accident and Emergency nurse
224538006	223366009	Triage nurse
224540001	223366009	Community nurse
224541002	223366009	Nursing continence advisor
224542009	223366009	Coronary care nurse
224543004	223366009	Diabetic nurse
224544005	223366009	Family planning nurse
224545006	223366009	Care of the elderly nurse
224546007	223366009	Infection control nurse
224547003	223366009	Intensive therapy nurse
224548008	223366009	Learning disabilities nurse
224549000	223366009	Neonatal nurse
224550000	223366009	Neurology nurse
224551001	223366009	Industrial nurse
224552008	223366009	Oncology nurse
224554009	223366009	Marie Curie nurse
224555005	223366009	Pain control nurse
224556006	223366009	Palliative care nurse
224557002	223366009	Chemotherapy nurse
224558007	223366009	Radiotherapy nurse
224559004	223366009	Recovery nurse
224560009	223366009	Stoma care nurse
224562001	223366009	Pediatric nurse
224563006	223366009	Mental health nurse
224564000	223366009	Community mental health nurse
224565004	223366009	Renal nurse
224566003	223366009	Hemodialysis nurse
224567007	223366009	Tissue viability nurse
224569005	223366009	Nurse grade
224570006	223366009	Clinical nurse specialist
224571005	223366009	Nurse practitioner
224572003	223366009	Nursing sister
224573008	223366009	Charge nurse
224574002	223366009	Ward manager
224575001	223366009	Nursing team leader
224576000	223366009	Nursing assistant
224577009	223366009	Healthcare assistant
224578004	223366009	Nursery nurse
224579007	223366009	Healthcare service manager
224580005	223366009	Occupational health service manager
224581009	223366009	Community nurse manager
224583007	223366009	Behavior therapist
224584001	223366009	Behavior therapy assistant
224585000	223366009	Drama therapist
224586004	223366009	Domiciliary occupational therapist
224587008	223366009	Occupational therapy helper
224588003	223366009	Psychotherapist
224589006	223366009	Community-based physiotherapist
224590002	223366009	Play therapist
224591003	223366009	Play specialist
224592005	223366009	Play leader
224593000	223366009	Community-based speech and language therapist
224594006	223366009	Speech and language assistant
224595007	223366009	Professional counselor
224596008	223366009	Marriage guidance counselor
224597004	223366009	Trained nurse counselor
224598009	223366009	Trained social worker counselor
224599001	223366009	Trained personnel counselor
224600003	223366009	Psychoanalyst
224601004	223366009	Assistant psychologist
224602006	223366009	Community-based podiatrist
224603001	223366009	Foot care worker
224604007	223366009	Audiometrician
224606009	223366009	Technical healthcare occupation
224607000	223366009	Occupational therapy technical instructor
224608005	223366009	Administrative healthcare staff
224609002	223366009	Complementary health worker
224610007	223366009	Supporting services personnel
224614003	223366009	Research associate
224615002	223366009	Research nurse
224620002	223366009	Human aid to communication
224621003	223366009	Palantypist
224622005	223366009	Note taker
224623000	223366009	Cuer
224624006	223366009	Lipspeaker
224625007	223366009	Interpreter for British sign language
224626008	223366009	Interpreter for Signs supporting English
224936003	223366009	General practitioner locum
225726006	223366009	Lactation consultant
225727002	223366009	Midwife counselor
265937000	223366009	Nursing occupation
265939002	223366009	Medical/dental technicians
283875005	223366009	Parkinson's disease nurse
302211009	223366009	Specialist registrar
303124005	223366009	Member of mental health review tribunal
303129000	223366009	Hospital manager
303133007	223366009	Responsible medical officer
303134001	223366009	Independent doctor
304291006	223366009	Bereavement counselor
304292004	223366009	Surgeon
307988006	223366009	Medical technician
308002005	223366009	Remedial therapist
309294001	223366009	Emergency department physician
309295000	223366009	Clinical oncologist
309296004	223366009	Family planning doctor
309322005	223366009	Associate general practitioner
309323000	223366009	Partner of general practitioner
309324006	223366009	General practitioner assistant
309326008	223366009	Deputizing general practitioner
309327004	223366009	General practitioner registrar
309328009	223366009	Ambulatory pediatrician
309329001	223366009	Community pediatrician
309330006	223366009	Pediatric cardiologist
309331005	223366009	Pediatric endocrinologist
309332003	223366009	Pediatric gastroenterologist
309333008	223366009	Pediatric nephrologist
309334002	223366009	Pediatric neurologist
309335001	223366009	Pediatric rheumatologist
309336000	223366009	Pediatric oncologist
309337009	223366009	Pain management specialist
309338004	223366009	Intensive care specialist
309339007	223366009	Adult intensive care specialist
309340009	223366009	Pediatric intensive care specialist
309341008	223366009	Blood transfusion doctor
309342001	223366009	Histopathologist
309343006	223366009	Physician
309345004	223366009	Chest physician
309346003	223366009	Thoracic physician
309347007	223366009	Clinical hematologist
309348002	223366009	Clinical neurophysiologist
309349005	223366009	Clinical physiologist
309350005	223366009	Diabetologist
309351009	223366009	Andrologist
309352002	223366009	Neuroendocrinologist
309353007	223366009	Reproductive endocrinologist
309354001	223366009	Thyroidologist
309355000	223366009	Clinical geneticist
309356004	223366009	Clinical cytogeneticist
309357008	223366009	Clinical molecular geneticist
309358003	223366009	Genitourinary medicine physician
309359006	223366009	Palliative care physician
309360001	223366009	Rehabilitation physician
309361002	223366009	Child and adolescent psychiatrist
309362009	223366009	Forensic psychiatrist
309363004	223366009	Liaison psychiatrist
309364005	223366009	Psychogeriatrician
309366007	223366009	Rehabilitation psychiatrist
309367003	223366009	Obstetrician and gynecologist
309368008	223366009	Breast surgeon
309369000	223366009	Cardiothoracic surgeon
309371000	223366009	Cardiac surgeon
309372007	223366009	Ear, nose and throat surgeon
309373002	223366009	Endocrine surgeon
309374008	223366009	Thyroid surgeon
309375009	223366009	Pituitary surgeon
309376005	223366009	Gastrointestinal surgeon
309377001	223366009	General gastrointestinal surgeon
309378006	223366009	Upper gastrointestinal surgeon
309379003	223366009	Colorectal surgeon
309380000	223366009	Hand surgeon
309381001	223366009	Hepatobiliary surgeon
309382008	223366009	Ophthalmic surgeon
309383003	223366009	Pediatric surgeon
309384009	223366009	Pancreatic surgeon
309385005	223366009	Transplant surgeon
309386006	223366009	Trauma surgeon
309388007	223366009	Vascular surgeon
309389004	223366009	Medical practitioner grade
309390008	223366009	Hospital consultant
309391007	223366009	Visiting specialist registrar
309392000	223366009	Research registrar
309393005	223366009	General practitioner grade
309394004	223366009	General practitioner principal
309395003	223366009	Hospital specialist
309396002	223366009	Associate specialist
309397006	223366009	Research fellow
309398001	223366009	Profession allied to medicine
309399009	223366009	Hospital-based dietitian
309400002	223366009	Domiciliary physiotherapist
309401003	223366009	GP-based physiotherapist
309402005	223366009	Hospital-based physiotherapist
309403000	223366009	Private physiotherapist
309404006	223366009	Physiotherapy helper
309409001	223366009	Hospital-based speech and language therapist
309410006	223366009	Arts therapist
309411005	223366009	Dance therapist
309412003	223366009	Music therapist
309413008	223366009	Renal dietitian
309414002	223366009	Liver dietitian
309415001	223366009	Oncology dietitian
309416000	223366009	Pediatric dietitian
309417009	223366009	Diabetes dietitian
309418004	223366009	Audiologist
309419007	223366009	Hearing therapist
309420001	223366009	Audiological scientist
309421002	223366009	Hearing aid dispenser
309422009	223366009	Community-based occupational therapist
309423004	223366009	Hospital-based occupational therapist
309427003	223366009	Social services occupational therapist
309428008	223366009	Orthotist
309429000	223366009	Surgical fitter
309434001	223366009	Hospital-based podiatrist
309435000	223366009	Podiatry assistant
309436004	223366009	Lymphedema nurse
309437008	223366009	Community learning disabilities nurse
309439006	223366009	Clinical nurse teacher
309440008	223366009	Community practice nurse teacher
309441007	223366009	Nurse tutor
309442000	223366009	Nurse teacher practitioner
309443005	223366009	Nurse lecturer practitioner
309444004	223366009	Outreach nurse
309445003	223366009	Anesthetic nurse
309446002	223366009	Nurse manager
309450009	223366009	Nurse administrator
309452001	223366009	Midwifery grade
309453006	223366009	Registered midwife
309454000	223366009	Student midwife
309455004	223366009	Parentcraft sister
309459005	223366009	Healthcare professional grade
309460000	223366009	Restorative dentist
310170009	223366009	Pediatric audiologist
310171008	223366009	Immunopathologist
310172001	223366009	Audiological physician
310173006	223366009	Clinical pharmacologist
310174000	223366009	Private doctor
310175004	223366009	Agency nurse
310176003	223366009	Behavioral therapist nurse
310177007	223366009	Cardiac rehabilitation nurse
310178002	223366009	Genitourinary nurse
310179005	223366009	Rheumatology nurse specialist
310180008	223366009	Continence nurse
310181007	223366009	Contact tracing nurse
310182000	223366009	General nurse
310184004	223366009	Liaison nurse
310185003	223366009	Diabetic liaison nurse
310186002	223366009	Nurse psychotherapist
310187006	223366009	Company nurse
310188001	223366009	Hospital midwife
310189009	223366009	Genetic counselor
310190000	223366009	Mental health counselor
310191001	223366009	Clinical psychologist
310192008	223366009	Educational psychologist
310193003	223366009	Coroner
310194009	223366009	Appliance officer
310512001	223366009	Medical oncologist
311441001	223366009	School medical officer
312485001	223366009	Integrated midwife
372102007	223366009	Registered nurse first assist
387619007	223366009	Optician
394572006	223366009	Medical secretary
394618009	223366009	Hospital nurse
397897005	223366009	Paramedic
397903001	223366009	Staff grade obstetrician
397908005	223366009	Staff grade practitioner
398130009	223366009	Medical student
398238009	223366009	Acting obstetric registrar
404940000	223366009	Physiotherapist technical instructor
405277009	223366009	Resident physician
405278004	223366009	Certified registered nurse anesthetist
405279007	223366009	Attending physician
405623001	223366009	Assigned practitioner
405684005	223366009	Professional initiating surgical case
405685006	223366009	Professional providing staff relief during surgical procedure
408798009	223366009	Consultant pediatrician
408799001	223366009	Consultant neonatologist
409974004	223366009	Health educator
409975003	223366009	Certified health education specialist
413854007	223366009	Circulating nurse
415075003	223366009	Perioperative nurse
415506007	223366009	Scrub nurse
416160000	223366009	Fellow of American Academy of Osteopathy
420409002	223366009	Oculoplastic surgeon
420678001	223366009	Retinal surgeon
421841007	223366009	Admitting physician
422140007	223366009	Medical ophthalmologist
422234006	223366009	Ophthalmologist
432100008	223366009	Health coach
442867008	223366009	Respiratory therapist
443090005	223366009	Podiatric surgeon
444912007	223366009	Hypnotherapist
445313000	223366009	Asthma nurse specialist
445451001	223366009	Nurse case manager
446050000	223366009	Primary care physician
446701002	223366009	Addiction medicine specialist
449161006	223366009	Physician assistant
471302004	223366009	Government midwife
720503005	223366009	Sleep medicine specialist
721936008	223366009	Occupation medicine specialist
721937004	223366009	Preventive medicine specialist
721938009	223366009	Tropical medicine specialist
721939001	223366009	Angiologist
721940004	223366009	Legal medicine specialist
721941000	223366009	Health psychologist
721942007	223366009	Cardiovascular perfusionist
721943002	223366009	Clinical immunology and allergy specialist
734293001	223366009	Clinical pharmacist
734294007	223366009	Pharmacist prescriber
763292005	223366009	Radiation oncologist
768730001	223366009	Home health aide
768731002	223366009	Home helper
768732009	223366009	School health educator
768819009	223366009	Medically responsible investigator
768825008	223366009	Doula
768826009	223366009	Crisis counselor
768827000	223366009	Nutritionist
768828005	223366009	Epidemiologist
768829002	223366009	Community dietician
768832004	223366009	Case manager
768833009	223366009	Discharging physician
768834003	223366009	Disease manager
768836001	223366009	Patient navigator
768837005	223366009	Hospitalist
768839008	223366009	Consultant
789543004	223366009	Sonographer
840583002	223366009	Allied health assistant
840584008	223366009	Allied health student
878785002	223366009	Clinical respiratory physiologist
878786001	223366009	Operating room technician
878787005	223366009	Anesthesia technician
897187007	223366009	Sexual assault nurse examiner
1172950003	223366009	Massage therapist
1186716007	223366009	Intellectual disability psychiatrist
1186914001	223366009	Intellectual disability nurse
1251537007	223366009	Sport medicine specialist
1251542004	223366009	Medical coder
1251548000	223366009	Neuroradiologist
1254982001	223366009	Medical surgical nurse
1254983006	223366009	Chronic care nurse
1254984000	223366009	Rehabilitation nurse
1255370008	223366009	Specialist in naturopathy
1255371007	223366009	Specialist in homeopathy
1255372000	223366009	Phytotherapist
1255373005	223366009	Specialist in traditional Chinese medicine
1255374004	223366009	Clinical nutritionist
1255514008	223366009	Regulatory affairs pharmacist
1255515009	223366009	Pharmacogenomics pharmacist
1255517001	223366009	Intern in healthcare
1255518006	223366009	Organizational and social psychologist
1255519003	223366009	Cardiopulmonary technician
1255719001	223366009	Neurophysiology technician
1256114007	223366009	Nuclear medicine technologist
1259214004	223366009	Immunohemotherapy specialist
1259964002	223366009	Oral medicine specialist
1268923002	223366009	Obstetric nurse
1287641002	223366009	Oncologist
1290289004	223366009	Fellow physician
1304201007	223366009	Neurological physiotherapist
1304209009	223366009	Cardiorespiratory physiotherapist
1304210004	223366009	Musculoskeletal physiotherapist
1343658005	223366009	Emergency medical technician
3981000175106	223366009	Nurse complex case manager
9371000175105	223366009	Adolescent medicine specialist
25941000087102	223366009	Adult gerontology primary care nurse practitioner
26031000087100	223366009	Pediatric nurse practitioner
26071000087103	223366009	Primary health care nurse practitioner
26091000087104	223366009	Public health nurse practitioner
45181000087107	223366009	Pediatric ophthalmologist
45191000087109	223366009	Pediatric otorhinolaryngologist
45201000087106	223366009	Pediatric urologist
50681000087109	223366009	Bariatric surgeon
67811000052107	223366009	Pediatric hematology and oncology physician
68191000052106	223366009	Neuropsychologist
90981000221101	223366009	Endoscopist physician
611601000124100	223366009	Neonatal nurse practitioner
1012901000168106	223366009	Gynecologic oncologist
1032781000168105	223366009	Kinesiology practitioner
1276561000168102	223366009	Prosthetist
1276571000168108	223366009	Orthotist and prosthetist
450044741000087104	223366009	Acupuncturist
225529002	225531006	Cottaging
225530007	225531006	Cruising
228386005	226034001	Injects drugs subcutaneously
228387001	226034001	Injects drugs intramuscularly
228388006	226034001	Intravenous drug user
228389003	226034001	Groin injector
741063003	226034001	Illicit drug injection in last 12 months
1304040007	226034001	Harmful pattern of use of intravenous heroin
1336059008	226034001	Episode of harmful use of intravenous cocaine
1336060003	226034001	Episode of harmful use of intravenous heroin
145121000119106	226034001	Intravenous nondependent harmful pattern of use of opioid
44870007	228366006	Misused drugs in past
70545002	228366006	Narcotic drug user
105546006	228366006	Occasional drug abuser
105549004	228366006	Abuses volatile solvents
105550004	228366006	Misused volatile solvents in past
191939002	228366006	Misuse of prescription only drugs
226034001	228366006	Injecting drug user
228371004	228366006	Long-term drug misuser
228372006	228366006	Poly-drug misuser
228373001	228366006	Drug addict
228374007	228366006	Notified addict
228375008	228366006	Misuses drugs orally
228376009	228366006	Inhales drugs
228377000	228366006	Smokes drugs
228378005	228366006	Smokes drugs in cigarette form
228379002	228366006	Smokes drugs through a pipe
228381000	228366006	Sniffs drugs
228382007	228366006	Misuses drugs vaginally
228383002	228366006	Misuses drugs rectally
228384008	228366006	Misuses drugs sublingually
228386005	228366006	Injects drugs subcutaneously
228387001	228366006	Injects drugs intramuscularly
228388006	228366006	Intravenous drug user
228389003	228366006	Groin injector
228395002	228366006	Shares drug injecting equipment
228397005	228366006	Shares drug equipment
228398000	228366006	Frontloading
228399008	228366006	Shares syringes
228400001	228366006	Shares needles
228402009	228366006	Cleans drug injection equipment
228405006	228366006	Obtains clean needles
228406007	228366006	Uses needle exchange scheme
228407003	228366006	Obtains clean syringes
228410005	228366006	Uses needle and syringe exchange scheme
228417008	228366006	Undue priority given to drug-related activities
228418003	228366006	Drug habit takes priority over social obligations
228419006	228366006	Drug habit takes priority over family obligations
228420000	228366006	Drug habit takes priority over financial obligations
228427002	228366006	Has a routine of drug-related activities
228428007	228366006	Follows same drug-related routine every day
228430009	228366006	Follows drug-related rituals
228438002	228366006	Craves for drugs
228440007	228366006	Drug-related offending behavior
228441006	228366006	Dealing with drugs
228442004	228366006	Selling drugs
228443009	228366006	Buying drugs
228444003	228366006	Possession of drugs
307052004	228366006	Illicit medication use
361049005	228366006	Habitual drug user
361055000	228366006	Misuses drugs
365984004	228366006	Drug injection behavior - finding
365985003	228366006	Drug injecting equipment hygiene - finding
373613000	228366006	Cleans own needles
413096007	228366006	Never injecting drug user
413295004	228366006	Concerned about own drug use
413329000	228366006	Treated for drug use in last 12 months
416479009	228366006	Previously injecting drug user
416751004	228366006	Reduced drugs misuse
417284009	228366006	Current drug user
417298001	228366006	Abnormal craving for drugs
417531009	228366006	Excessive craving for drugs
417697003	228366006	Irresistible craving for drugs
424848002	228366006	Recreational drug user
428406005	228366006	Benzodiazepine misuse
428493006	228366006	Crack cocaine misuse
428495004	228366006	Solvent misuse
428623008	228366006	Barbiturate misuse
428659002	228366006	Amphetamine misuse
428819003	228366006	Opiate misuse
428823006	228366006	Cannabis misuse
429179002	228366006	Antidepressant misuse
429512006	228366006	Methadone misuse
429782000	228366006	Cocaine misuse
441668002	228366006	Drug seeking behavior
702771005	228366006	Illicit medication use unknown
703885002	228366006	Misuse of analgesic
707848009	228366006	Patient denies drug use
712542001	228366006	Abstinent from drug misuse
712543006	228366006	Abstinent from drug misuse in normal environment
712544000	228366006	Abstinent from drug misuse in protected environment
712545004	228366006	Abstinent from drug misuse on maintenance replacement
712546003	228366006	Abstinent from drug misuse when receiving blocking therapy
715818002	228366006	Cleans drug injection needle with bleach
741063003	228366006	Illicit drug injection in last 12 months
788165003	228366006	Misuse of medication
840320000	228366006	Evidence of cessation of drug use
840321001	228366006	Signs of drug withdrawal
1264554000	228366006	Signs of opioid withdrawal on naloxone challenge test
1290541007	228366006	Intentional misuse of medication
1290542000	228366006	Unintentional misuse of medication
1304040007	228366006	Harmful pattern of use of intravenous heroin
1336059008	228366006	Episode of harmful use of intravenous cocaine
1336060003	228366006	Episode of harmful use of intravenous heroin
145121000119106	228366006	Intravenous nondependent harmful pattern of use of opioid
460751000124103	228366006	Has access to opioid
228389003	228388006	Groin injector
1304040007	228388006	Harmful pattern of use of intravenous heroin
1336059008	228388006	Episode of harmful use of intravenous cocaine
1336060003	228388006	Episode of harmful use of intravenous heroin
145121000119106	228388006	Intravenous nondependent harmful pattern of use of opioid
19378003	230572002	Pseudotabes due to diabetes mellitus
35777006	230572002	Diabetic mononeuropathy multiplex
38205001	230572002	Diarrhea due to diabetes mellitus
39058009	230572002	Lumbosacral radiculoplexus neuropathy due to diabetes mellitus
39127005	230572002	Symmetric proximal motor neuropathy due to diabetes mellitus
49455004	230572002	Polyneuropathy due to diabetes mellitus
50620007	230572002	Autonomic neuropathy due to diabetes mellitus
79554005	230572002	Asymmetric proximal motor neuropathy due to diabetes mellitus
81830002	230572002	Mononeuropathy simplex due to diabetes mellitus
126534007	230572002	Mixed sensorimotor polyneuropathy due to diabetes mellitus
126535008	230572002	Motor polyneuropathy due to diabetes mellitus
127011001	230572002	Sensory neuropathy due to diabetes mellitus
193141005	230572002	Mononeuritis multiplex with diabetes mellitus
193183000	230572002	Acute painful diabetic neuropathy
193184006	230572002	Chronic painful neuropathy due to diabetes mellitus
193185007	230572002	Asymptomatic neuropathy due to diabetes mellitus
201724008	230572002	Neuropathic arthropathy due to diabetes mellitus
230574001	230572002	Diabetic acute painful polyneuropathy
230575000	230572002	Chronic painful polyneuropathy due to diabetes mellitus
230576004	230572002	Asymmetric polyneuropathy due to diabetes mellitus
230577008	230572002	Diabetic mononeuropathy
230579006	230572002	Thoracic radiculopathy due to diabetes mellitus
232021008	230572002	Proliferative retinopathy with optic disc neovascularization due to diabetes mellitus
267604001	230572002	Myasthenic syndrome due to diabetic amyotrophy
314537004	230572002	Diabetic optic papillopathy
359611005	230572002	Diabetic neuropathy with neurologic complication
361216007	230572002	Femoral mononeuropathy due to diabetes mellitus
420436000	230572002	Mononeuropathy due to type 2 diabetes mellitus
420918009	230572002	Mononeuropathy due to type 1 diabetes mellitus
424736006	230572002	Diabetic peripheral neuropathy
427027005	230572002	Lumbosacral radiculoplexus neuropathy due to type 2 diabetes mellitus
427571000	230572002	Lumbosacral radiculoplexus neuropathy due to type 1 diabetes mellitus
427943001	230572002	Ophthalmoplegia due to diabetes mellitus
706891008	230572002	Neuropathy due to unstable diabetes mellitus type 1
712882000	230572002	Autonomic neuropathy due to type 1 diabetes mellitus
712883005	230572002	Autonomic neuropathy due to type 2 diabetes mellitus
713702000	230572002	Gastroparesis due to type 1 diabetes mellitus
713703005	230572002	Gastroparesis due to type 2 diabetes mellitus
713704004	230572002	Gastroparesis due to diabetes mellitus
713705003	230572002	Polyneuropathy due to type 1 diabetes mellitus
713706002	230572002	Polyneuropathy due to type 2 diabetes mellitus
770094004	230572002	Cervical radiculoplexus neuropathy due to diabetes mellitus
770095003	230572002	Cranial nerve palsy due to diabetes mellitus
770098001	230572002	Cranial nerve palsy due to type 1 diabetes mellitus
789585000	230572002	Sensory polyneuropathy due to diabetes mellitus
860883001	230572002	Generalized diabetic autonomic neuropathy
1144894004	230572002	Peripheral autonomic neuropathy due to diabetes mellitus
1259048007	230572002	Brachial plexus lesion due to diabetes mellitus
781000119106	230572002	Neuropathic arthropathy due to type 2 diabetes mellitus
1511000119107	230572002	Peripheral neuropathy due to type 2 diabetes mellitus
71771000119100	230572002	Neuropathic arthropathy due to type 1 diabetes mellitus
71791000119104	230572002	Peripheral neuropathy due to type 1 diabetes mellitus
87921000119104	230572002	Cranial nerve palsy due to type 2 diabetes mellitus
102781000119107	230572002	Sensory neuropathy due to type 1 diabetes mellitus
110181000119105	230572002	Peripheral sensory neuropathy due to type 2 diabetes mellitus
368141000119106	230572002	Autonomic neuropathy due to drug induced diabetes mellitus
368251000119101	230572002	Polyneuropathy due to drug induced diabetes mellitus
368521000119107	230572002	Disorder of nerve due to type 1 diabetes mellitus
368581000119106	230572002	Neuropathy due to type 2 diabetes mellitus
68382005	230744007	Cerebrospinal fluid otorrhea
85638002	230744007	Cerebrospinal fluid rhinorrhea
193064009	230744007	Cerebrospinal fluid leak from spinal puncture
213210005	230744007	Postoperative cerebrospinal fluid leak
232280003	230744007	Post-traumatic cerebrospinal otorrhea
232281004	230744007	Postoperative cerebrospinal otorrhea
427758000	230744007	Cerebrospinal fluid leak from mouth
429759002	230744007	Cerebrospinal fluid leak from nose and mouth
723154002	230744007	Post cerebral ventricular shunt leak
1186932001	230744007	Leakage of cerebrospinal fluid from nose following surgical procedure
1259109009	230744007	Cerebrospinal fluid rhinorrhea due to hydrocephalus
1259110004	230744007	Cerebrospinal fluid rhinorrhea due to pituitary tumor
1259111000	230744007	Cerebrospinal fluid rhinorrhea due to empty sella syndrome
1259112007	230744007	Cerebrospinal fluid otorrhea due to giant arachnoid granulation
1259113002	230744007	Cerebrospinal fluid otorrhea due to otitis media
1259114008	230744007	Cerebrospinal fluid otorrhea due to congenital deformity of labyrinth
1259117001	230744007	Cerebrospinal fluid otorrhea due to encephalocele
1259536000	230744007	Leak of cranial cerebrospinal fluid due to and following injury of head
1259538004	230744007	Leak of cranial cerebrospinal fluid due to and following lumbar puncture
1259540009	230744007	Leak of cranial cerebrospinal fluid due to empty sella syndrome
1259542001	230744007	Leak of cranial cerebrospinal fluid due to hydrocephalus
1259545004	230744007	Cranial cerebrospinal fluid leak
1259547007	230744007	Leak of cranial cerebrospinal fluid due to collagen deficiency syndrome
1259595003	230744007	Leak of cranial cerebrospinal fluid due to under-drainage of ventricular shunt
1259597006	230744007	Leak of cranial cerebrospinal fluid due to and following procedure on central nervous system
1259600007	230744007	Cranial cerebrospinal fluid leak due to invasion by neoplasm of skull
1259603009	230744007	Leak of cranial cerebrospinal fluid due to osteomyelitis
1260126007	230744007	Leak of cranial cerebrospinal fluid due to and following surgical procedure
813925041000119103	230744007	Spontaneous leak of cerebrospinal fluid of spine
10713006	233703007	Diffuse interstitial rheumatoid disease of lung
40527005	233703007	Idiopathic pulmonary hemosiderosis
60125001	233703007	Perinatal interstitial emphysema
67782005	233703007	Acute respiratory distress syndrome
77690003	233703007	Interstitial emphysema of lung
89687005	233703007	Postimmersion-submersion syndrome
196028003	233703007	Chronic pulmonary fibrosis caused by chemical fumes
196051003	233703007	Drug-induced interstitial lung disorder
196052005	233703007	Acute drug-induced interstitial lung disorder
196053000	233703007	Chronic drug-induced interstitial lung disorders
196115007	233703007	Pulmonary congestion and hypostasis
196116008	233703007	Pulmonary hypostasis
196151000	233703007	Pulmonary insufficiency following shock
196152007	233703007	Pulmonary insufficiency following surgery
196153002	233703007	Pulmonary insufficiency following trauma
233717003	233703007	Diffuse pulmonary neurofibromatosis
240629003	233703007	Malarial shock lung
277844007	233703007	Pulmonary lymphangioleiomyomatosis
302913000	233703007	Diffuse pulmonary calcinosis
426437004	233703007	Familial idiopathic pulmonary fibrosis
427123006	233703007	Interstitial lung disease due to collagen vascular disease
697923008	233703007	Pulmonary hypertension in lymphangioleiomyomatosis
707433009	233703007	Lymphangioleiomyomatosis due to tuberous sclerosis syndrome
707435002	233703007	Neuroendocrine cell hyperplasia of infancy
707541006	233703007	Acute respiratory distress in newborn with surfactant disorder
707551007	233703007	Pulmonary interstitial glycogenosis
711379004	233703007	Interstitial lung disease due to connective tissue disease
723829000	233703007	Pulmonary fibrosis, hepatic hyperplasia, bone marrow hypoplasia syndrome
733453005	233703007	Congenital nephrotic syndrome, interstitial lung disease, epidermolysis bullosa syndrome
737181009	233703007	Interstitial lung disease due to systemic disease
737182002	233703007	Interstitial lung disease due to granulomatous disease
737183007	233703007	Interstitial lung disease due to metabolic disease
737184001	233703007	Interstitial lung disease with systemic vasculitis
770760006	233703007	16q24.1 microdeletion syndrome
783182004	233703007	Chronic respiratory distress with surfactant metabolism deficiency
789574002	233703007	Acute exacerbation of idiopathic pulmonary fibrosis
860890006	233703007	Fetal interstitial neoplasm of lung
866103007	233703007	Interstitial lung disease due to juvenile polymyositis
1017196003	233703007	Interstitial pulmonary fibrosis due to inhalation of substance
1017197007	233703007	Interstitial pulmonary fibrosis due to inhalation of drug
1172606002	233703007	Idiopathic pleuroparenchymal fibroelastosis
1222677008	233703007	Interstitial lung disease due to surfactant protein C deficiency
1222678003	233703007	Interstitial lung disease due to ABCA3 deficiency
1222679006	233703007	Autoimmune interstitial lung disease, arthritis syndrome
1228876007	233703007	Severe early-onset pulmonary alveolar proteinosis due to MARS deficiency
1284850005	233703007	Interstitial lung disease due to and following radiotherapy
1344640009	233703007	Chronic pulmonary fibrosis caused by vapor
1348304006	233703007	Fibrosis, neurodegeneration, cerebral angiomatosis syndrome
1354861009	233703007	Lung disease, immunodeficiency, chromosome breakage syndrome
328641000119109	233703007	Genetic disorder of surfactant dysfunction
328661000119108	233703007	Interstitial lung disease of childhood
352269591000119107	233703007	Acute respiratory distress syndrome due to vaping
370658281000119103	233703007	Acute respiratory distress syndrome due to dabbing
470101491000119107	233703007	Interstitial lung disorder due to dabbing
556179491000119104	233703007	Interstitial lung disorder due to vaping
674814021000119106	233703007	Acute respiratory distress syndrome due to COVID-19
684633371000119107	233703007	Diffuse pulmonary meningotheliomatosis
19944001	234336002	Autologous bone marrow transplant without purging
23719005	234336002	Transplantation of bone marrow
46280001	234336002	Autologous bone marrow transplant with purging
58390007	234336002	Allogeneic bone marrow transplantation
58776007	234336002	Autologous bone marrow transplant
234331007	234336002	Syngeneic bone marrow transplant
234332000	234336002	Allogeneic T-cell depleted allogeneic bone marrow transplant
234333005	234336002	Allogeneic imperfect T-cell depleted allogeneic bone marrow transplant
234334004	234336002	Allogeneic related bone marrow transplant
234335003	234336002	Allogeneic unrelated bone marrow transplant
278257006	234336002	Peripheral blood stem cell transplantation
425563003	234336002	Cord blood transplant to bone marrow
425843001	234336002	Allogeneic peripheral blood stem cell transplant
425983008	234336002	Autologous peripheral blood stem cell transplant
426425001	234336002	Allograft of bone marrow from sibling donor
427423003	234336002	Allogeneic bone marrow transplant from matched unrelated donor
427615008	234336002	Allogeneic cord blood transplant to bone marrow
442557006	234336002	Allogeneic bone marrow transplant from unmatched unrelated donor
445757003	234336002	Allogeneic bone marrow transplantation without purging
446253009	234336002	Allogeneic bone marrow transplantation with purging
698075004	234336002	Syngeneic peripheral blood stem cell transplantation
709115004	234336002	Transplantation of autologous hematopoietic stem cell
711429001	234336002	Transplantation of autologous progenitor cell
1172516002	234336002	High-dose chemotherapy with stem cell transplant
174241000112100	234336002	Transplantation of allogeneic hematopoietic stem cell
16584951000119101	2360001000004109	Oral steroid-dependent asthma
19944001	23719005	Autologous bone marrow transplant without purging
46280001	23719005	Autologous bone marrow transplant with purging
58390007	23719005	Allogeneic bone marrow transplantation
58776007	23719005	Autologous bone marrow transplant
234331007	23719005	Syngeneic bone marrow transplant
234332000	23719005	Allogeneic T-cell depleted allogeneic bone marrow transplant
234333005	23719005	Allogeneic imperfect T-cell depleted allogeneic bone marrow transplant
234334004	23719005	Allogeneic related bone marrow transplant
234335003	23719005	Allogeneic unrelated bone marrow transplant
426425001	23719005	Allograft of bone marrow from sibling donor
427423003	23719005	Allogeneic bone marrow transplant from matched unrelated donor
442557006	23719005	Allogeneic bone marrow transplant from unmatched unrelated donor
445757003	23719005	Allogeneic bone marrow transplantation without purging
446253009	23719005	Allogeneic bone marrow transplantation with purging
162863004	238131007	Body mass index 25-29 - overweight
450451007	238131007	Overweight in childhood
722595002	238131007	Overweight in adulthood with body mass index of 25 or more but less than 30
39674000	24743004	Familial C3B inhibitor deficiency syndrome
81166004	24743004	Properdin deficiency disease
234593008	24743004	Classical complement pathway abnormality
234594002	24743004	Complement 1q deficiency
234595001	24743004	Complement 1q beta chain deficiency
234596000	24743004	Complement 1q dysfunction
234597009	24743004	Complement 1r deficiency
234598004	24743004	Complement 1s deficiency
234599007	24743004	Complement 2 deficiency
234600005	24743004	Complement 4 deficiency
234601009	24743004	Complement 4A deficiency
234602002	24743004	Complement 4B deficiency
234604001	24743004	Alternative pathway deficiency
234605000	24743004	Factor B deficiency
234607008	24743004	Factor D deficiency
234608003	24743004	Terminal component deficiency
234609006	24743004	Complement 5 deficiency
234611002	24743004	Complement 6 deficiency
234612009	24743004	Complement 7 deficiency
234613004	24743004	Combined complement 6 and 7 deficiencies
234614005	24743004	Complement 8 beta chain deficiency
234615006	24743004	Complement 8 beta chain dysfunction
234616007	24743004	Complement 8 alpha-gamma deficiency
234617003	24743004	Complement 9 deficiency
234618008	24743004	Complement regulatory factor defect
234619000	24743004	Hereditary C1 esterase inhibitor deficiency - deficient factor
234620006	24743004	Hereditary C1 esterase inhibitor deficiency - dysfunctional factor
234621005	24743004	Factor I deficiency
234622003	24743004	Factor H deficiency
234623008	24743004	Complement 4 binding protein deficiency
234624002	24743004	Decay accelerating factor deficiency
234625001	24743004	Homologous restriction factor deficiency
234626000	24743004	Complement 5a inhibitor deficiency
234627009	24743004	Anaphylotoxin inactivator deficiency
234628004	24743004	Complement receptor deficiency
234629007	24743004	Complement receptor 1 deficiency
234630002	24743004	Complement receptor 3 deficiency
263661007	24743004	Complement 5 dysfunction
771078002	24743004	Immunodeficiency due to MASP-2 deficiency
771443008	24743004	Complement component 3 deficiency
778027003	24743004	Primary CD59 deficiency
783007005	24743004	Recurrent Neisseria infection due to factor D deficiency
783621008	24743004	Immunodeficiency with factor I anomaly
1162263002	24743004	Complement component 8 deficiency
1279887007	24743004	Complement hyperactivation, angiopathic thrombosis, protein losing enteropathy syndrome
16445007	248110007	Homosexual forcible assault
22439003	248110007	Forcible intercourse
39379000	248110007	Forcible sexual assault
242953000	248110007	Rape with vaginal intercourse
242954006	248110007	Sexual assault with anal penetration by penis
242955007	248110007	Sexual assault on male with anal penetration by penis
242956008	248110007	Sexual assault with oral penetration by penis
242957004	248110007	Attempted rape of female
242958009	248110007	Attempted vaginal rape of female
242959001	248110007	Attempted anal rape of female
242960006	248110007	Attempted male rape
242961005	248110007	Sexual assault with digital penetration of vagina
242962003	248110007	Sexual assault with digital penetration of anus
242963008	248110007	Sexual assault with penetration of vagina with foreign body
242964002	248110007	Sexual assault with penetration of anus with foreign body
242965001	248110007	Sexual assault of female with touching of sexual parts
242966000	248110007	Sexual assault on female with touching of unclothed vulva
242967009	248110007	Sexual assault of female with touching of unclothed breast
242968004	248110007	Sexual assault of female with touching of vulva through clothing
242969007	248110007	Sexual assault of female with touching of breast through clothing
242970008	248110007	Sexual assault on male with touching of sexual organs
242971007	248110007	Sexual assault on male with touching of sexual organs through clothing
242972000	248110007	Sexual assault on male with touching of unclothed sexual organs
248111006	248110007	Rape - assault
248112004	248110007	Sexual battery
782869001	248110007	Incapacitated sexual assault
404904002	248279007	Frail elderly
224864007	257561002	College
224865008	257561002	Tertiary college
224866009	257561002	Sixth form college
224867000	257561002	Further education college
224868005	257561002	Technical college
224869002	257561002	Adult education college
224870001	257561002	Community college
224871002	257561002	University
224872009	257561002	Polytechnic
224688007	257656006	Remand home
224689004	257656006	Young offenders center
26091000087104	26369006	Public health nurse practitioner
938005	265940000	Veterinarian (general)
2612001	265940000	Veterinary pathologist
10880008	265940000	Practical aid (veterinary)
23489002	265940000	Animal scientist
53216000	265940000	Veterinary assistant
56079002	265940000	Public health veterinarian
106290006	265940000	Veterinarian
159044002	265940000	Animal health attendant
159045001	265940000	Animal laboratory technician
159046000	265940000	Trainee - animal health
1078007	266006009	Macaroni maker
6463007	266006009	Sterilizing cook
7710007	266006009	Chocolate maker
11324000	266006009	Ice-cream maker
12539000	266006009	Meat and fish smoker
15714002	266006009	Dairy product pasteurizer
18851000	266006009	Refining-machine operator (oils and fats)
19779008	266006009	Sausage maker
21097008	266006009	Grain miller
21198001	266006009	Carbonation man (sugar refining)
25553005	266006009	Dairy product processer (general)
28024000	266006009	Oil pressman (edible oils)
28990001	266006009	Yeast maker
31519009	266006009	Baker, general
31973006	266006009	Coffee and tea taster
32744001	266006009	Rice miller
34317009	266006009	Butcher, general
39369002	266006009	Meat cutter
42388008	266006009	Spice miller
45856003	266006009	Cocoa-bean roaster
48097005	266006009	Hydrogenation operator (oils and fats)
51198004	266006009	Kilnman (malting)
52348005	266006009	Germination worker (malting)
52696003	266006009	Wine and liquor taster
53334004	266006009	Fish butcher
54533002	266006009	Fish-preserving cook
55769003	266006009	Preserving cook, general
56981002	266006009	Pickler, food
61162005	266006009	Vinegar maker
61545008	266006009	Fermenting-room man
64381008	266006009	Supervisor and general foreman, food and beverages Processing
64972008	266006009	Foodstuffs freezer
69919006	266006009	Slaughterer
71582000	266006009	Bread baker
72136004	266006009	Cheese maker
73493005	266006009	Diffuser operator (beet sugar)
73963005	266006009	Wine worker
78526007	266006009	Coffee blender
84280000	266006009	Confectionery maker
84928002	266006009	Crystallizer operator (sugar refining)
85032002	266006009	Fruit-press operator
85359003	266006009	Continuous sugar-refining-machine operator
85525001	266006009	Sugar-cane grinder
85841008	266006009	Butter maker
86519009	266006009	Pastry maker
86523001	266006009	Foodstuffs dehydrator
88608009	266006009	Tea blender
90286001	266006009	Coffee roaster
90340000	266006009	Malt cooker
106437009	266006009	Food AND/OR beverage processer
106438004	266006009	Grain miller AND/OR related worker
106439007	266006009	Sugar processer AND/OR refiner
106440009	266006009	Butcher AND/OR meat preparer
106441008	266006009	Food preserver
106442001	266006009	Dairy product processer
106443006	266006009	Baker, pastrycook AND/OR confectionery maker
106444000	266006009	Tea, coffee AND/OR cocoa preparer
106445004	266006009	Brewer, wine AND/OR beverage maker
159244005	266006009	Brewer
159891005	266006009	Foreman -food/drink processors
159892003	266006009	Flour confectioner
159893008	266006009	Poultry dresser
159894002	266006009	Food processor - cooker
159895001	266006009	Food processing sterilizer
159896000	266006009	Food processor - freezer
159897009	266006009	Food processor - rollerman
159898004	266006009	Food processor - grinder
159899007	266006009	Food processor - mixer
159900002	266006009	Food processor - blender
159901003	266006009	Food processor - filterer
308241004	266006009	Baker
308242006	266006009	Drink processor
308243001	266006009	Food processor
105811000119100	271511000	Immunity to hepatitis B determined by serology
878004	274272004	Ship's steward
2257003	274272004	Bartender
3126002	274272004	Cook, private service
12955000	274272004	Waiter, formal service
13510006	274272004	Cooker (chemical and related processes)
28133000	274272004	Roaster (chemical and related processes)
37316008	274272004	Wine waiter
50798002	274272004	Chief steward (ship)
54722003	274272004	Ship's cook
67926004	274272004	Cook, except private service
71174005	274272004	Waiter, general
83610008	274272004	Aircraft cabin attendant
85552006	274272004	Head waiter
86519009	274272004	Pastry maker
86679008	274272004	Drier operator (chemical and related processes)
90710004	274272004	Head cook
106372008	274272004	Cook, waiter, bartender AND/OR related worker
106373003	274272004	Cook
106374009	274272004	Waiter, bartender AND/OR related worker
106423000	274272004	Cooker, roaster AND/OR related heat treater
159433000	274272004	Club steward
159682009	274272004	Catering supervisor
159683004	274272004	Head chef
159684005	274272004	Head barman
159686007	274272004	Trainee catering supervisor
159689000	274272004	Chef - gourmet fare
159690009	274272004	Chef - plain fare
159691008	274272004	Fish fryer
159692001	274272004	Assistant cook
159693006	274272004	Trainee cook
159695004	274272004	Waiters/waitresses
159696003	274272004	Waitress
159698002	274272004	Trainee waiter
159700006	274272004	Barmen/barmaids
159701005	274272004	Barman
159702003	274272004	Barmaid
159703008	274272004	Barman - cocktail bar
159704002	274272004	Bar waiter
159706000	274272004	Food counter hands/dispensers
159707009	274272004	Food dispenser - table service
159708004	274272004	Food dispenser-counter service
159711003	274272004	Kitchen assistant
159712005	274272004	Washer-up
159713000	274272004	Kitchen porter
159714006	274272004	Table clearer - catering
159719001	274272004	Chief air steward
159734007	274272004	Travel courier
159804005	274272004	Carver - meat
265985004	274272004	Cooks/chefs
265986003	274272004	Kitchen porter/hands
265989005	274272004	Travel stewards/attendants
308207007	274272004	Chef
308208002	274272004	Steward
308209005	274272004	Chief steward
308217002	274272004	Food dispenser
308218007	274272004	Food counter hand
724442004	27631000146108	Dissection of ascending aorta and aortic arch
105791000119104	278968001	Immunity to rubella determined by serology
293721000119101	278968001	Immunity to measles and mumps and rubella determined by serology
105801000119103	278971009	Immunity to hepatitis A determined by serology
31367003	293104008	Postvaccinal encephalomyelitis
219075006	293104008	Adverse reaction to bacterial vaccine
219076007	293104008	Adverse reaction to tuberculosis vaccine
219079000	293104008	Adverse reaction to paratyphoid vaccine
219082005	293104008	Adverse reaction to cholera vaccine
219083000	293104008	Adverse reaction to plague vaccine
219084006	293104008	Adverse reaction to tetanus vaccine
219085007	293104008	Adverse reaction to diphtheria vaccine
219088009	293104008	Adverse reaction to meningococcal vaccine
219094001	293104008	Adverse reaction to typhus vaccine
219095000	293104008	Adverse reaction to yellow fever vaccine
219096004	293104008	Adverse reaction to measles vaccine
293105009	293104008	Adverse reaction to anthrax vaccine
293108006	293104008	Adverse reaction to diphtheria and tetanus vaccine
293109003	293104008	Adverse reaction to diphtheria, pertussis, and tetanus vaccine
293110008	293104008	Adverse reaction to hepatitis B vaccine
293114004	293104008	Adverse reaction to mumps vaccine
293115003	293104008	Adverse reaction to pertussis vaccine
293116002	293104008	Adverse reaction to pneumococcal vaccine
293117006	293104008	Adverse reaction to poliomyelitis vaccine
293118001	293104008	Adverse reaction to rabies vaccine
293119009	293104008	Adverse reaction to rubella vaccine
293120003	293104008	Adverse reaction to smallpox vaccine
293122006	293104008	Adverse reaction to typhoid vaccine
293125008	293104008	Adverse reaction to measles and mumps and rubella vaccine
293126009	293104008	Adverse reaction to hepatitis A vaccine
293127000	293104008	Adverse reaction to Haemophilus influenzae type b vaccine
408672009	293104008	Adverse reaction to viral vaccine
420113004	293104008	Adverse reaction to influenza virus vaccine
1142181004	293104008	Adverse reaction to COVID-19 mRNA vaccine
1142182006	293104008	Adverse reaction to COVID-19 antigen vaccine
1156256003	293104008	Adverse reaction to COVID-19 vaccine
1156746003	293104008	VITT - vaccine-induced immune thrombotic thrombocytopenia
1157106007	293104008	Adverse reaction to COVID-19 non-replicating viral vector vaccine
1157195001	293104008	Adverse reaction to inactivated whole COVID-19 antigen vaccine
1162639000	293104008	Adverse reaction to diphtheria and acellular pertussis and Haemophilus influenzae type b and hepatitis B and inactivated poliomyelitis and tetanus vaccine
1162644007	293104008	Adverse reaction to COVID-19 recombinant spike protein antigen vaccine
1179495001	293104008	Adverse reaction to COVID-19 virus-like particle antigen vaccine
1193581003	293104008	Adverse reaction to COVID-19 DNA plasmid encoding spike protein vaccine
1217476001	293104008	Anaphylaxis caused by component of vaccine product
1303850003	293104008	Adverse reaction to component of vaccine product containing Tick-borne encephalitis virus antigen
1303851004	293104008	Adverse reaction to component of vaccine product containing Human papillomavirus antigen
1303852006	293104008	Adverse reaction to component of vaccine product containing Human alphaherpesvirus 3 antigen
1340018008	293104008	TTS (thrombosis with thrombocytopenia syndrome) following non-replicating adenovirus vector COVID-19 vaccination
15920121000119103	293104008	Allergic reaction caused by vaccine product
914587451000119107	293104008	Anaphylaxis caused by component of vaccine product against severe acute respiratory syndrome coronavirus 2
428493006	307052004	Crack cocaine misuse
702771005	307052004	Illicit medication use unknown
741063003	307052004	Illicit drug injection in last 12 months
18027006	313039003	Transplantation of liver
27280000	313039003	Liver transplant with recipient hepatectomy
32413006	313039003	Transplantation of heart
32477003	313039003	Heart-lung transplant with recipient cardiectomy-pneumonectomy
47058000	313039003	Heart transplant with recipient cardiectomy
61535006	313039003	Transplantation of spleen
62438007	313039003	Transplantation of pancreas
62511003	313039003	Autotransplant of lung
67562009	313039003	Heterotransplant of pancreas
70536003	313039003	Transplant of kidney
71947008	313039003	Homotransplant of pancreas
76077004	313039003	Total pancreatectomy with transplantation
88039007	313039003	Transplant of lung
174425003	313039003	Orthotopic liver transplant
174426002	313039003	Heterotopic liver transplant
174427006	313039003	Replacement of previous liver transplant
174691005	313039003	Transplantation of pancreas and duodenum
174692003	313039003	Whole organ pancreatic transplant
174693008	313039003	Transplantation of tail of pancreas
174694002	313039003	Renewal of transplanted pancreatic tissue
174802006	313039003	Allotransplant of heart and lung
174808005	313039003	Xenotransplant of heart
174809002	313039003	Heterotopic allotransplant of heart
175899003	313039003	Autotransplantation of kidney
175901007	313039003	Live donor renal transplant
175902000	313039003	Cadaveric renal transplant
232657004	313039003	Single lung transplant
232658009	313039003	Double lung transplant
232659001	313039003	Double lung transplant as a block
232660006	313039003	Bilateral sequential single lung transplant
232973007	313039003	Allotransplant of heart
232974001	313039003	Orthotopic allotransplant of heart
236138007	313039003	Xenograft renal transplant
277451006	313039003	Part organ pancreatic transplant
313030004	313039003	Donor renal transplantation
345797001	313039003	Autotransplantation of pancreatic tissue
405768001	313039003	Autotransplantation of heart
426356008	313039003	Orthotopic transplantation of whole liver
429332008	313039003	Transplantation of single lobe of lung
711411006	313039003	Allotransplantation of kidney from beating heart cadaver
711413009	313039003	Allotransplantation of kidney from non-beating heart cadaver
765478004	313039003	Allotransplantation of left kidney
765479007	313039003	Allotransplantation of right kidney
782655004	313039003	Laparoscopic transplant of kidney using robotic assistance
1332281007	313039003	Piggy-back liver transplant
6471000179103	313039003	Transplantation of kidney and pancreas
3439009	31323000	SCID (severe combined immunodeficiency) due to absent peripheral T cell maturation
22406001	31323000	SCID (severe combined immunodeficiency) due to absent lymphoid stem cells
36980009	31323000	SCID (severe combined immunodeficiency) due to absent adenosine deaminase
44940001	31323000	Adenosine deaminase deficiency
45390000	31323000	SCID (severe combined immunodeficiency) due to absent IL-2 (interleukin-2) production
49555001	31323000	SCID (severe combined immunodeficiency) due to absent T cell receptor
55602000	31323000	Nezelof's syndrome
111584000	31323000	Reticular dysgenesis
111587007	31323000	SCID due to absent IL-2 receptor
190996002	31323000	Severe combined immunodeficiency with reticular dysgenesis
190997006	31323000	Severe combined immunodeficiency with low T- and B-cell numbers
190998001	31323000	Severe combined immunodeficiency with low or normal B-cell numbers
234570002	31323000	Severe combined immunodeficiency with maternofetal engraftment
234571003	31323000	Warts, hypogammaglobulinemia, infections, and myelokathexis
350353007	31323000	De Vaal's syndrome
351287008	31323000	Reticular dysgenesis with congenital aleukocytosis
362993009	31323000	Autosomal recessive SCID (severe combined immunodeficiency disease)
715982006	31323000	Severe combined immunodeficiency due to DCLRE1C deficiency
716378008	31323000	Combined immunodeficiency due to ZAP70 deficiency
716871006	31323000	Severe combined immunodeficiency due to deoxyribonucleic acid dependent protein kinase catalytic subunit deficiency
718107000	31323000	T-cell negative B-cell positive severe combined immunodeficiency due to JAK3 deficiency
720345008	31323000	Severe T-cell immunodeficiency, congenital alopecia, nail dystrophy syndrome
720853005	31323000	Severe combined immunodeficiency, microcephaly, growth retardation, sensitivity to ionizing radiation syndrome
720986005	31323000	Anhidrotic ectodermal dysplasia, immunodeficiency, osteopetrosis, lymphedema syndrome
721977007	31323000	Lung fibrosis, immunodeficiency, 46,XX gonadal dysgenesis syndrome
722067005	31323000	Severe combined immunodeficiency with hypereosinophilia
724177005	31323000	LIG4 syndrome
724361001	31323000	Hepatic veno-occlusive disease with immunodeficiency syndrome
725135004	31323000	Combined immunodeficiency due to CD3gamma deficiency
725290000	31323000	Combined immunodeficiency due to partial RAG1 deficiency
763623001	31323000	Severe combined immunodeficiency due to CTPS1 deficiency
765145001	31323000	T cell negative B cell positive severe combined immunodeficiency due to gamma chain deficiency
765188009	31323000	Severe combined immunodeficiency due to complete RAG1 and/or RAG2 deficiency
782751003	31323000	Severe combined immunodeficiency due to IKK2 deficiency
783617001	31323000	Severe combined immunodeficiency due to LCK deficiency
789777007	31323000	Short-limb skeletal dysplasia with severe combined immunodeficiency
1179284005	31323000	Severe combined immunodeficiency due to LAT deficiency
1229940001	31323000	Autosomal recessive T-cell negative, B-cell positive severe combined immunodeficiency due to IL-7Ralpha deficiency
1229941002	31323000	Autosomal recessive T-cell negative, B-cell positive severe combined immunodeficiency due to CD45 deficiency
1229942009	31323000	Severe combined immunodeficiency due to CORO1A deficiency
1335927007	31323000	T-cell negative B-cell positive severe combined immunodeficiency
1351209002	31323000	Autosomal recessive T- B+ severe combined immunodeficiency due to CD3D mutation
1351210007	31323000	Autosomal recessive T- B+ severe combined immunodeficiency due to CD3E mutation
1351211006	31323000	Autosomal recessive T- B+ severe combined immunodeficiency due to CD3Z mutation
1351212004	31323000	Autosomal recessive T- B+ severe combined immunodeficiency due to SLP76 mutation
1351235001	31323000	Autosomal dominant T-cell negative, B-cell negative severe combined immunodeficiency due to activated RAC2 defect
1351613000	31323000	Severe combined immunodeficiency due to BCL11B deficiency
987840791000119102	31323000	Adenosine deaminase 2 deficiency
1985008	32457005	Vomitus
2522002	32457005	Extravascular blood
2648004	32457005	Bile vomitus
2778004	32457005	Pleural fluid
3318003	32457005	Vaginal secretion
3493007	32457005	Smegma clitoridis
4635002	32457005	Arterial blood
6085005	32457005	Synovial fluid
6089004	32457005	Lochia alba
6993007	32457005	Seminal fluid
8914005	32457005	Endolymph
8969008	32457005	Bulbourethral secretions
10031004	32457005	Vulvar secretions
11220007	32457005	Ileal juice
11311000	32457005	Pus
11439000	32457005	Vas deferens secretions
11453000	32457005	Cerebroventricular fluid
12499000	32457005	Cord blood
17387004	32457005	Pancreatic fluid
17913001	32457005	Allantoic fluid
18368008	32457005	Chyle
20125000	32457005	Intracellular fluid
21609003	32457005	Gastric vomitus
23050004	32457005	Small intestinal juice
23378005	32457005	Male genital fluid
25670009	32457005	Fetal fluids
27897001	32457005	Jejunal juice
28112009	32457005	Meconium stool
31675002	32457005	Capillary blood
31773000	32457005	Gastric juice
32932008	32457005	Extracorporeal blood
32946008	32457005	Fallopian tube secretions
34429004	32457005	Pericardial fluid
35668007	32457005	Endometrial secretions
37841008	32457005	Menstrual fluid
38000004	32457005	Lymph
38348009	32457005	Body water
38482004	32457005	Apocrine sweat
38922008	32457005	Urinary tract fluid
40431001	32457005	Tears
45710003	32457005	Sputum
46425005	32457005	Intestinal vomitus
49146009	32457005	Cutaneous fluid
49378006	32457005	Eccrine sweat
49636006	32457005	Lochia
50473004	32457005	Female genital fluid
50852005	32457005	Seminal vesicle fluid
50863008	32457005	Plasma
51280008	32457005	Sebum
52053009	32457005	Epididymal fluid
52546008	32457005	Perilymph
53130003	32457005	Venous blood
53875002	32457005	Colostrum
54024007	32457005	Duodenal juice
54442006	32457005	Right pleural fluid
55450009	32457005	Extracellular fluid
56471005	32457005	Colonic vomitus
57259009	32457005	Gallbladder bile
62059006	32457005	Gastric contents
64778000	32457005	Mammary fluid
64856004	32457005	Digestive system fluid
64993006	32457005	Placental fluid
65216001	32457005	Cerebrospinal fluid
66404001	32457005	Lochia rubra
70150004	32457005	Bile
72869002	32457005	Upper respiratory fluid
74483008	32457005	Urethral secretion
74616000	32457005	Sweat
76639009	32457005	Chorionic fluid
77012006	32457005	Amniotic fluid
78014005	32457005	Urine
79249000	32457005	Lochia flava
81689006	32457005	Prostatic fluid
87200008	32457005	Lower respiratory fluid
87612001	32457005	Blood
89853003	32457005	Cortilymph
113256003	32457005	Left pleural fluid
113291006	32457005	Lochia sanguinolenta
116163001	32457005	Seminal plasma
116176007	32457005	Mixed venous blood
116202001	32457005	Platelet poor plasma
116203006	32457005	Platelet rich plasma
119273009	32457005	Peripheral blood
225774006	32457005	Curds
225775007	32457005	Digested food
225779001	32457005	Undigested food
226789007	32457005	Breast milk
226790003	32457005	Expressed breast milk
247450001	32457005	Exudate
256868006	32457005	Gastric secretions
256890006	32457005	Gastrostomy fluid
256897009	32457005	Saliva
256911005	32457005	Normal plasma
256914002	32457005	Circulating blood
256915001	32457005	Aluminum hydroxide absorbed plasma
261225002	32457005	Banked autologous blood
261227005	32457005	Blood from surgical drain
262020000	32457005	Operative salvaged blood
264307007	32457005	Forewater
264309005	32457005	Hindwater
307488001	32457005	Discharge - substance
307489009	32457005	Mucous discharge
307490000	32457005	Serous discharge
307491001	32457005	Purulent discharge
307492008	32457005	Mucopurulent discharge
307493003	32457005	Bloody discharge
307494009	32457005	Serosanguineous discharge
312314007	32457005	Gastric acid
312483008	32457005	Menstrual blood
371952000	32457005	Systemic arterial blood
371953005	32457005	Pulmonary artery blood
371954004	32457005	Pulmonary vein blood
386093002	32457005	Oral secretion
386094008	32457005	Parotid gland saliva
409614007	32457005	Peritoneal fluid
409615008	32457005	Ascitic fluid
410579004	32457005	Respiratory fluid
410582009	32457005	Nasal fluid
410583004	32457005	Nasal sinus fluid
413425005	32457005	Acid mantle
413478009	32457005	Allogeneic bone marrow fluid
413604003	32457005	Autologous bone marrow fluid
413679007	32457005	Bone marrow fluid
413867005	32457005	Clear body fluid
414264001	32457005	Cord blood stem cell fluid
414265000	32457005	Fluid containing hemopoietic stem cells
414266004	32457005	Peripheral blood stem cell fluid
415288006	32457005	Related allogeneic bone marrow fluid
415694009	32457005	Syngeneic bone marrow fluid
415795003	32457005	Unrelated allogeneic bone marrow fluid
418128004	32457005	Banked whole blood
420135007	32457005	Whole blood
421284002	32457005	Mucoid discharge
423662002	32457005	Respiratory secretion
425460003	32457005	Aqueous humor
426101004	32457005	Vitreous humor
426341004	32457005	Lacrimal fluid
426513002	32457005	Eye fluid
427223001	32457005	Subretinal fluid
430865005	32457005	Transudate
430869004	32457005	Effusion
431898009	32457005	Joint fluid
442170005	32457005	Colonic intraluminal fluid
456902008	32457005	Lochia serosa
472858001	32457005	Fluid containing adipose tissue derived mesenchymal stem cells
703851003	32457005	Venous plasma
706945001	32457005	Free gastric acid
709114000	32457005	Autologous fluid containing hemopoietic stem cells
711428009	32457005	Autologous fluid containing progenitor cells
724103005	32457005	Perinephric fluid
725093005	32457005	Hydrocele fluid
725133006	32457005	Bronchial fluid
733752004	32457005	Ear fluid
733753009	32457005	Middle ear fluid
733754003	32457005	Vesicle fluid
734089002	32457005	Bursa fluid
734092003	32457005	Suprapatellar bursa fluid
734110008	32457005	Cyst fluid
734111007	32457005	Renal cyst fluid
734112000	32457005	Breast cyst fluid
734113005	32457005	Central nervous system cyst fluid
734114004	32457005	Brain cyst fluid
734115003	32457005	Bartholin gland cyst fluid
734116002	32457005	Ovarian cyst fluid
734117006	32457005	Lacrimal sac mucocele fluid
734118001	32457005	Sebaceous cyst fluid
734119009	32457005	Spermatocele fluid
734120003	32457005	Pancreatic cyst fluid
734121004	32457005	Thyroid cyst fluid
734122006	32457005	Ankle joint synovial fluid
734123001	32457005	Hip joint synovial fluid
734124007	32457005	Knee joint synovial fluid
734125008	32457005	Elbow joint synovial fluid
734126009	32457005	Foot joint synovial fluid
734127000	32457005	Hand joint synovial fluid
734128005	32457005	Toe joint synovial fluid
734129002	32457005	Finger joint synovial fluid
734130007	32457005	Shoulder joint synovial fluid
734131006	32457005	Wrist joint synovial fluid
734132004	32457005	Serosanguinous fluid
819974004	32457005	Donor breast milk
1179779000	32457005	Convalescent plasma
1201871002	32457005	Venous cord blood
1201872009	32457005	Arterial cord blood
1259204008	32457005	Interstitial fluid
1285505007	32457005	Allogeneic fluid containing peripheral blood stem cells
1290558002	32457005	Autologous fluid containing peripheral blood stem cells
1290559005	32457005	Syngeneic fluid containing peripheral blood stem cells
1290661007	32457005	Allogeneic fluid containing hemopoietic stem cells
1303524006	32457005	Pasteurized maternal milk
1332250003	32457005	Arterial plasma
1332253001	32457005	Mixed venous plasma
1332334008	32457005	Capillary plasma
1351680009	32457005	Oral fluid
536002	328383001	Glissonian cirrhosis
1116000	328383001	Chronic aggressive type B viral hepatitis
1761006	328383001	Biliary cirrhosis
6183001	328383001	Indian childhood cirrhosis
9843006	328383001	Chronic lymphocytic cholangitis-cholangiohepatitis
10295004	328383001	Chronic viral hepatitis
12368000	328383001	Secondary biliary cirrhosis
15999000	328383001	Mixed micro and macronodular cirrhosis
16070004	328383001	Syphilitic cirrhosis
19943007	328383001	Cirrhosis of liver
21861000	328383001	Micronodular cirrhosis
27156006	328383001	Posthepatitic cirrhosis
31712002	328383001	Primary biliary cholangitis
33144001	328383001	Parasitic cirrhosis
34736002	328383001	Chronic passive congestion of liver
37688005	328383001	Clonorchiasis with biliary cirrhosis
38662009	328383001	Chronic persistent type B viral hepatitis
41889008	328383001	Chronic persistent hepatitis
43904005	328383001	Macronodular cirrhosis
45256007	328383001	Cruveilhier-Baumgarten syndrome
50167007	328383001	Chronic active type B viral hepatitis
57339008	328383001	Chronic lobular hepatitis
60037002	328383001	Chronic persistent viral hepatitis
61977001	328383001	Chronic type B viral hepatitis
66870002	328383001	Chronic active viral hepatitis
74162007	328383001	Progressive intrahepatic cholestasis
74669004	328383001	Cardiac cirrhosis
76301009	328383001	Florid cirrhosis
76783007	328383001	Chronic hepatitis
78208005	328383001	Pigment cirrhosis
79720007	328383001	Chronic nonalcoholic liver disease
86454000	328383001	Postnecrotic cirrhosis
89580002	328383001	Cryptogenic cirrhosis
89789003	328383001	Chronic aggressive viral hepatitis
109819003	328383001	Obstructive biliary cirrhosis
123604002	328383001	Toxic cirrhosis
123605001	328383001	Nutritional cirrhosis
123606000	328383001	Cholangiolitic cirrhosis
123716002	328383001	Latent cirrhosis
123717006	328383001	Advanced cirrhosis
128302006	328383001	Chronic hepatitis C
186639003	328383001	Chronic viral hepatitis B without delta-agent
197284004	328383001	Chronic active hepatitis
197291001	328383001	Unilobular portal cirrhosis
197293003	328383001	Diffuse nodular cirrhosis
197294009	328383001	Fatty portal cirrhosis
197296006	328383001	Capsular portal cirrhosis
197299004	328383001	Pigmentary portal cirrhosis
197301006	328383001	Toxic portal cirrhosis
197303009	328383001	Bacterial portal cirrhosis
197305002	328383001	Syphilitic portal cirrhosis
197310003	328383001	Biliary cirrhosis of children
235865005	328383001	Hepatitis D superinfection of hepatitis B carrier
235869004	328383001	Chronic viral hepatitis B with hepatitis D
235886005	328383001	Chronic hepatic failure
235889003	328383001	Drug-induced chronic hepatitis
235895002	328383001	Laennec's cirrhosis, non-alcoholic
235896001	328383001	Infectious cirrhosis
235897005	328383001	Hypoxia-associated cirrhosis
266468003	328383001	Cirrhosis - non-alcoholic
266469006	328383001	Multilobular portal cirrhosis
266470007	328383001	Cardiac portal cirrhosis
266471006	328383001	Juvenile portal cirrhosis
271440004	328383001	Cirrhosis secondary to cholestasis
307757001	328383001	Chronic alcoholic hepatitis
371139006	328383001	Early cirrhosis
419728003	328383001	Portal cirrhosis
420054005	328383001	Alcoholic cirrhosis
425413006	328383001	Drug-induced cirrhosis of liver
432908002	328383001	Chronic rejection of liver transplant
450880008	328383001	Chronic hepatitis E
699189004	328383001	North American Indian childhood cirrhosis
703866000	328383001	Chronic hepatitis C with stage 2 fibrosis
708198006	328383001	Chronic active hepatitis C
713181003	328383001	Chronic alcoholic liver disease
713370005	328383001	Acute on chronic alcoholic liver disease
713966008	328383001	Occult chronic type B viral hepatitis
715401008	328383001	Reynolds syndrome
715864007	328383001	Idiopathic copper associated cirrhosis of liver
716203000	328383001	Decompensated cirrhosis of liver
723829000	328383001	Pulmonary fibrosis, hepatic hyperplasia, bone marrow hypoplasia syndrome
725416005	328383001	Cirrhotic cardiomyopathy
725938001	328383001	Cirrhosis of liver caused by methotrexate
725939009	328383001	Cirrhosis of liver caused by amiodarone
725940006	328383001	Cirrhosis of liver caused by methyldopa
735451005	328383001	Chronic viral hepatitis D
735733008	328383001	Cirrhosis of liver with primary sclerosing cholangitis
767809001	328383001	Chronic hepatitis C caused by hepatitis C virus genotype 6
767810006	328383001	Chronic hepatitis C caused by hepatitis C virus genotype 5
768006009	328383001	Chronic hepatitis C caused by Hepatitis C virus genotype 3
768125005	328383001	Chronic hepatitis C caused by Hepatitis C virus genotype 2
768126006	328383001	Chronic hepatitis C caused by Hepatitis C virus genotype 4
768127002	328383001	Chronic hepatitis C caused by Hepatitis C virus genotype 1
768288001	328383001	Chronic hepatitis C caused by Hepatitis C virus genotype 1b
768289009	328383001	Chronic hepatitis C caused by Hepatitis C virus genotype 1a
774204006	328383001	Growth retardation, mild developmental delay, chronic hepatitis syndrome
838377003	328383001	Chronic hepatitis C co-occurrent with human immunodeficiency virus infection
838380002	328383001	Chronic hepatitis B co-occurrent with hepatitis C and hepatitis D
863957008	328383001	Chronic necrosis of liver
871619002	328383001	Cirrhosis of liver due to and following cardiac procedure
1010616001	328383001	Liver cirrhosis due to classical cystic fibrosis
1155841005	328383001	Progressive familial intrahepatic cholestasis type 2
1155913007	328383001	Progressive familial intrahepatic cholestasis type 1
1186865008	328383001	Progressive familial intrahepatic cholestasis type 3
1197704005	328383001	Autoantibody negative autoimmune hepatitis
1197736003	328383001	Chronic hepatic failure due to portosystemic shunt
1234822009	328383001	Idiopathic ductopenia
1295517006	328383001	Progressive familial intrahepatic cholestasis type 4
831000119103	328383001	Cirrhosis of liver due to chronic hepatitis C
103611000119102	328383001	Cirrhosis of liver due to hepatitis B
1092801000119102	328383001	Hepatic ascites co-occurrent with chronic active hepatitis due to toxic liver disease
2053831000122108	328383001	Acute on chronic liver failure
16098491000119109	328383001	Chronic autoimmune hepatitis
16859701000119109	328383001	Chronic hepatitis B during pregnancy
105526001	32911000	Homeless family
160700001	32911000	Homeless single person
224228000	32911000	Living rough
224229008	32911000	Sleeping out
224231004	32911000	Sleeping in night shelter
224232006	32911000	Sleeping at friends home
224233001	32911000	Sleeping in vehicle
266935003	32911000	Housing lack
266940006	32911000	Lives in squat
365510008	32911000	Temporary shelter arrangements - finding
43815004	359612003	Implantation of cochlear prosthetic device, single channel
44218004	359612003	Implantation of cochlear electrode
50676004	359612003	Implantation of cochlear prosthetic device, multiple channels
69727009	359612003	Cochlear device implantation with mastoidectomy
172732009	359612003	Implantation of intracochlear prosthesis
359608009	359612003	Implantation of cochlear prosthetic device, electrode and receiver
403837005	36070007	Wiskott-Aldrich autosomal dominant variant syndrome
4114003	367336001	Parenteral chemotherapy for malignant neoplasm
6872008	367336001	Perfusion chemotherapy for malignant neoplasm
12149006	367336001	Chemotherapy administration, subcutaneous, with local anesthesia
22733003	367336001	Chemotherapy for non-malignant neoplasm
24977001	367336001	Topical chemotherapy for malignant neoplasm
29391003	367336001	Chemotherapy administration into peritoneal cavity requiring paracentesis
31652009	367336001	Intracavitary chemotherapy for malignant neoplasm
38216008	367336001	Infusion chemotherapy for malignant neoplasm
51534007	367336001	Oral chemotherapy for malignant neoplasm
68619000	367336001	Chemotherapy for non-neoplastic disease
70446004	367336001	Chemotherapy administration into pleural cavity requiring thoracentesis
77738002	367336001	Local chemotherapy for malignant neoplasm
87776000	367336001	Intra-arterial infusion of antineoplastic agent
169335009	367336001	External beam radiotherapy with surgery and chemotherapy
169336005	367336001	External beam radiation therapy with chemotherapy
169396008	367336001	Radiomimetic chemotherapy
169397004	367336001	Radiochemotherapy by local infiltration
169399001	367336001	Radiochemotherapy via oral route
169400008	367336001	Radiochemotherapy via intravenous route
169401007	367336001	Radiochemotherapy for immunosuppression
169402000	367336001	Intraarterial radiochemotherapy
169403005	367336001	Intracavitary radiochemotherapy
171765004	367336001	Intrathecal injection of chemotherapeutic agent
182975000	367336001	TB - (tuberculosis) chemotherapy
230857009	367336001	Injection of chemotherapeutic substance into subcutaneous reservoir
265761001	367336001	Intramuscular chemotherapy
266719004	367336001	Oral chemotherapy
315601005	367336001	Ambulatory chemotherapy
363688001	367336001	Administration of antineoplastic agent
394894008	367336001	Pre-operative chemotherapy
394895009	367336001	Postoperative chemotherapy
394934009	367336001	Combined preoperative chemotherapy and radiotherapy
394935005	367336001	Combined postoperative chemotherapy and radiotherapy
399042005	367336001	Chemotherapy cycle
450827009	367336001	Induction chemotherapy
700496000	367336001	Postoperative administration of antineoplastic agent into peritoneal cavity
703423002	367336001	Combined chemotherapy and radiation therapy
716872004	367336001	Antineoplastic chemotherapy regimen
720379009	367336001	Hepatic arterial infusion chemotherapy
722472009	367336001	R-ICE chemotherapy regimen
722482005	367336001	ABVD chemotherapy regimen
722491009	367336001	R-CHOP chemotherapy regimen
816151001	367336001	Consolidation antineoplastic chemotherapy
830155008	367336001	Administration of hyperthermic antineoplastic agent into peritoneal cavity
830156009	367336001	Administration of hyperthermic antineoplastic agent into thoracic cavity
870249004	367336001	FOLFIRI antineoplastic chemotherapy regimen
870250004	367336001	FOLFIRINOX antineoplastic chemotherapy regimen
890093004	367336001	Multi-agent systemic chemotherapy
897713009	367336001	Antineoplastic chemoimmunotherapy
1141994004	367336001	R-CEOP (rituximab, cyclophosphamide, etoposide, vincristine, prednisone) antineoplastic chemotherapy
1172516002	367336001	High-dose chemotherapy with stem cell transplant
1254741007	367336001	Intensification antineoplastic therapy regimen
1254742000	367336001	Delayed intensification antineoplastic therapy regimen
1255831008	367336001	Targeted chemotherapy for cancer
1255834000	367336001	Administration of antineoplastic chemotherapy into peritoneal cavity
1255904006	367336001	Palliative antineoplastic chemotherapy
1259200004	367336001	Neoadjuvant antineoplastic chemotherapy
1290226008	367336001	Administration of antineoplastic agent via intravenous route
1290228009	367336001	Administration of antineoplastic agent via subcutaneous route
1338030001	367336001	Anastrozole therapy
1338033004	367336001	Methotrexate therapy
1345242003	367336001	Maintenance antineoplastic therapy
427295004	370219009	Moderate persistent asthma
707446004	370219009	Exacerbation of moderate persistent asthma
707512002	370219009	Uncomplicated moderate persistent asthma
707980005	370219009	Acute severe exacerbation of moderate persistent asthma
125001000119103	370219009	Moderate persistent asthma co-occurrent with allergic rhinitis
10676271000119104	370219009	Acute exacerbation of moderate persistent allergic asthma
10676391000119108	370219009	Moderate persistent allergic asthma
10676431000119103	370219009	Acute severe exacerbation of moderate persistent allergic asthma
10676511000119109	370219009	Acute severe exacerbation of moderate persistent asthma co-occurrent with allergic rhinitis
426656000	370221004	Severe persistent asthma
707447008	370221004	Exacerbation of severe persistent asthma
707513007	370221004	Uncomplicated severe persistent asthma
707979007	370221004	Acute severe exacerbation of severe persistent asthma
786836003	370221004	Near fatal asthma
124991000119109	370221004	Severe persistent asthma co-occurrent with allergic rhinitis
10675391000119101	370221004	Severe controlled persistent asthma
10675431000119106	370221004	Severe persistent allergic asthma
10675471000119109	370221004	Acute severe exacerbation of severe persistent allergic asthma
10675551000119104	370221004	Acute severe exacerbation of severe persistent asthma co-occurrent with allergic rhinitis
10675751000119107	370221004	Severe uncontrolled persistent asthma
1264007008	370388006	Adenovirus infection in immunocompromised person
105841000119101	371111005	Immunity to measles determined by serology
293721000119101	371111005	Immunity to measles and mumps and rubella determined by serology
105821000119107	371112003	Immunity to mumps determined by serology
293721000119101	371112003	Immunity to measles and mumps and rubella determined by serology
105781000119102	371113008	Immunity to varicella determined by serology
407824008	386142008	Oseltamivir (as oseltamivir phosphate) 75 mg oral capsule
714401003	386142008	Oseltamivir-containing product in oral dose form
777006006	386142008	Oseltamivir only product
780078000	386142008	Oseltamivir only product in oral dose form
1208591008	386142008	Oseltamivir (as oseltamivir phosphate) 30 mg oral capsule
1208592001	386142008	Oseltamivir (as oseltamivir phosphate) 45 mg oral capsule
1208593006	386142008	Oseltamivir (as oseltamivir phosphate) 12 mg/mL oral suspension
1208594000	386142008	Oseltamivir (as oseltamivir phosphate) 6 mg/mL oral suspension
21527007	387759001	Chronic granulomatous disease, type IV
26252007	387759001	Chronic granulomatous disease, type IIA
29272001	387759001	Chronic granulomatous disease, type I
40197009	387759001	Chronic granulomatous disease, type IA
76243000	387759001	Chronic granulomatous disease, type IVA
77330006	387759001	Chronic granulomatous disease, type II
82317007	387759001	Chronic granulomatous disease, type III
240469009	38907003	Perinatal varicella
870310004	38907003	Perinatal mucocutaneous infection caused by Human herpesvirus 3
1142085005	38907003	Disseminated perinatal varicella
170631002	390798007	Asthma disturbing sleep
170632009	390798007	Asthma causing night waking
170633004	390798007	Asthma disturbs sleep weekly
170634005	390798007	Asthma disturbs sleep frequently
170635006	390798007	Asthma not disturbing sleep
170636007	390798007	Asthma never disturbs sleep
170638008	390798007	Asthma not limiting activities
170658009	390798007	Asthma never restricts exercise
312453004	390798007	Asthma - currently active
312454005	390798007	Asthma - currently dormant
370202007	390798007	Asthma causes daytime symptoms 1 to 2 times per month
370204008	390798007	Asthma causes daytime symptoms most days
370205009	390798007	Asthma causes night symptoms 1 to 2 times per month
370208006	390798007	Asthma never causes daytime symptoms
370225008	390798007	Asthma treatment compliance unsatisfactory
370226009	390798007	Asthma treatment compliance satisfactory
373899003	390798007	Asthma daytime symptoms
395022009	390798007	Asthma night-time symptoms
397579009	390798007	Asthma trigger finding
782559003	390798007	Asthma never causes night symptoms
641000119106	390798007	Intermittent asthma well controlled
10675591000119109	390798007	Severe persistent allergic asthma controlled
10675631000119109	390798007	Severe persistent asthma controlled co-occurrent with allergic rhinitis
10675671000119107	390798007	Severe persistent allergic asthma uncontrolled
10675711000119106	390798007	Severe persistent asthma uncontrolled co-occurrent with allergic rhinitis
10676031000119106	390798007	Mild persistent allergic asthma controlled
10676071000119109	390798007	Mild persistent asthma controlled
10676111000119102	390798007	Mild persistent asthma controlled co-occurrent with allergic rhinitis
10676151000119101	390798007	Mild persistent allergic asthma uncontrolled
10676191000119106	390798007	Mild persistent asthma uncontrolled
10676231000119102	390798007	Mild persistent asthma uncontrolled co-occurrent with allergic rhinitis
10676351000119103	390798007	Moderate persistent asthma controlled
10676551000119105	390798007	Moderate persistent allergic asthma controlled
10676591000119100	390798007	Moderate persistent controlled asthma co-occurrent with allergic rhinitis
10676631000119100	390798007	Moderate persistent allergic asthma uncontrolled
10676671000119102	390798007	Moderate persistent asthma uncontrolled co-occurrent with allergic rhinitis
10676711000119103	390798007	Moderate persistent asthma uncontrolled
67905004	39871006	Acute-on-chronic respiratory failure
426896000	39871006	Chronic hypercapnic respiratory failure
428173007	39871006	Chronic hypoxemic respiratory failure
770727008	39871006	Spinal muscular atrophy with respiratory distress type 2
7361000175106	39871006	Acute on chronic hypercapnic respiratory failure
20091000175107	39871006	Acute on chronic hypoxemic and hypercapnic respiratory failure
10672271000119100	39871006	Acute on chronic hypoxemic respiratory failure
350586651000119105	39871006	Chronic respiratory failure due to neuromuscular disease
971918681000119107	39871006	Chronic respiratory failure due to obstructive sleep apnea
397448007	399600009	Lymphoma involves a single lymph node region
397449004	399600009	Lymphoma involves multiple lymph node regions
397450004	399600009	Lymphoma involves spleen
397451000	399600009	Lymphoma involves liver
397452007	399600009	Lymphoma involves bone marrow
399430006	399600009	Lymphoma confined to mucosa AND/OR submucosa
399485005	399600009	Lymphoma involves muscular wall AND/OR subserosa
405988006	399600009	Lymphoma extent of involvement not specified
7014009	400047006	Mechanical purpura
21112004	400047006	Vascular hemostatic disease
31529002	400047006	Thrombosis of arteries of upper extremity
33591000	400047006	Thrombosis of arteries of the extremities
37151006	400047006	Erythromelalgia
45281005	400047006	Atherosclerosis of renal artery
51274000	400047006	Atherosclerosis of arteries of the extremities
51677000	400047006	Atheroembolism of renal arteries
52156004	400047006	Femoral artery thrombosis
53751009	400047006	Senile purpura
60989005	400047006	Thromboembolism of renal arteries
74725000	400047006	Erythrocyanosis
77788005	400047006	Vasomotor acroparesthesia
80383008	400047006	Embolism of iliac artery
82453008	400047006	Thrombosis of iliac artery
87239004	400047006	Popliteal artery thrombosis
90958004	400047006	Thrombosis of arteries of lower extremity
91304009	400047006	Capillary fragility abnormality
93388003	400047006	Congenital stenosis of subclavian artery
95579008	400047006	Thrombosis of renal artery
95580006	400047006	Renal artery embolism
127014009	400047006	Peripheral angiopathy due to diabetes mellitus
195319003	400047006	Embolism and thrombosis of the brachial artery
195320009	400047006	Embolism and thrombosis of the radial artery
195321008	400047006	Embolism and thrombosis of the ulnar artery
195323006	400047006	Embolism and thrombosis of the femoral artery
195324000	400047006	Embolism and thrombosis of the popliteal artery
195325004	400047006	Embolism and thrombosis of the anterior tibial artery
195326003	400047006	Embolism and thrombosis of the dorsalis pedis artery
195327007	400047006	Embolism and thrombosis of the posterior tibial artery
195335005	400047006	Embolism and/or thrombosis of the common iliac artery
195339004	400047006	Embolism and thrombosis of the subclavian artery
195341003	400047006	Embolism and thrombosis of the axillary artery
196999001	400047006	Superior mesenteric artery embolus
197000003	400047006	Superior mesenteric artery thrombosis
233958001	400047006	Peripheral ischemia
233959009	400047006	Upper limb ischemia
233960004	400047006	Critical upper limb ischemia
233961000	400047006	Lower limb ischemia
233962007	400047006	Critical lower limb ischemia
233967001	400047006	Common iliac artery stenosis
233968006	400047006	External iliac artery stenosis
233969003	400047006	Superficial femoral artery stenosis
233973000	400047006	Femoral artery embolus
233974006	400047006	Brachial artery embolus
235842000	400047006	Occlusive mesenteric ischemia
236488005	400047006	Renal artery occlusion
238787009	400047006	Secondary cutaneous vasculitis
243286001	400047006	Acute mesenteric arterial occlusion
243410003	400047006	Thrombosis of mesenteric artery
271432005	400047006	Congenital renal artery stenosis
276500007	400047006	Mesenteric embolus
282664001	400047006	Renal artery stenosis of unknown cause
286959000	400047006	Peripheral arterial embolism
289923007	400047006	Acquired renal artery stenosis
297135003	400047006	Subclavian artery embolus
297136002	400047006	Axillary artery embolus
297140006	400047006	Inferior mesenteric artery embolus
297141005	400047006	Popliteal artery embolus
297146000	400047006	Brachial artery thrombosis
297149007	400047006	Common femoral artery thrombosis
297150007	400047006	Common iliac artery thrombosis
297151006	400047006	External iliac artery thrombosis
297152004	400047006	Internal iliac artery thrombosis
297153009	400047006	Profunda femoris artery thrombosis
297154003	400047006	Subclavian artery thrombosis
297155002	400047006	Superficial femoral artery thrombosis
297162006	400047006	Crural artery thrombosis
300917007	400047006	Ischemia of feet
300919005	400047006	Digital arterial thrombosis
300921000	400047006	Subclavian artery stenosis
301755001	400047006	Ischemic foot
302233006	400047006	Renal artery stenosis
302300004	400047006	Femoral popliteal occlusion
302910002	400047006	Atherosclerotic renal artery stenosis
306848006	400047006	Occlusion of femoropopliteal bypass graft
306849003	400047006	Occlusion of femorofemoral crossover bypass graft
306852006	400047006	Occlusion of renal artery bypass graft
307406004	400047006	Trash foot
307407008	400047006	Ischemic hand
307408003	400047006	Ischemic toe
307409006	400047006	Ischemic finger
312375001	400047006	Upper limb arterial embolus
312377009	400047006	Post-radiological embolism of upper limb artery
312378004	400047006	Lower limb arterial embolus
312380005	400047006	Post-radiological embolism of lower limb artery
312496009	400047006	Iliac artery stenosis
312822006	400047006	Critical ischemia of foot
312825008	400047006	Common iliac artery occlusion
312826009	400047006	External iliac artery occlusion
312827000	400047006	Superficial femoral artery occlusion
312828005	400047006	Common femoral artery occlusion
312829002	400047006	Common femoral artery stenosis
314187004	400047006	Iliac artery occlusion
314188009	400047006	Femoral artery occlusion
314189001	400047006	Popliteal artery occlusion
314902007	400047006	Type 2 diabetes mellitus with peripheral angiopathy
361210001	400047006	Stasis purpura
399957001	400047006	Peripheral arterial occlusive disease
402850004	400047006	Purpura due to prolonged vomiting and/or coughing
402861007	400047006	Ischemic gangrene
403189002	400047006	Erythrocyanosis with nodules
403390002	400047006	Primary erythromelalgia
403391003	400047006	Secondary erythromelalgia
403393000	400047006	Stellate pseudoscar in senile purpura
403668007	400047006	Drug-induced erythromelalgia
405545007	400047006	Mesenteric artery stenosis
405556007	400047006	Stenosis of lower limb artery
405557003	400047006	Occlusion of lower limb artery
405588004	400047006	Upper limb artery stenosis
421365002	400047006	Peripheral circulatory disorder due to type 1 diabetes mellitus
421895002	400047006	Peripheral vascular disorder due to diabetes mellitus
422166005	400047006	Peripheral circulatory disorder due to type 2 diabetes mellitus
425414000	400047006	Bilateral renal artery stenosis
425527003	400047006	Atheromatous embolus of lower limb
427184002	400047006	Thrombosis of ulnar artery
427567003	400047006	Atheromatous embolus of upper limb
427592000	400047006	Occlusion of superior mesenteric artery
428171009	400047006	Peripheral vascular disease with rest pain
431706008	400047006	Occlusion of artery of upper extremity
442439008	400047006	Atherosclerosis of bypass graft of limb
442693003	400047006	Atherosclerosis of autologous vein bypass graft of limb
442701004	400047006	Atherosclerosis of nonautologous biological bypass graft of limb
442735001	400047006	Atherosclerosis of nonautologous bypass graft of limb
443971004	400047006	Arteriosclerosis of artery of extremity
698816006	400047006	Chronic occlusion of artery of extremity
709584004	400047006	Atherosclerosis of bypass graft of lower limb
709585003	400047006	Atherosclerosis of nonautologous biological bypass graft of lower limb
709587006	400047006	Atherosclerosis of autologous bypass graft of lower limb
713412006	400047006	Ischemic foot with rest pain
713825007	400047006	Transplant renal artery stenosis
723869004	400047006	Acute occlusion of aortoiliac artery co-occurrent and due to thromboembolus
723870003	400047006	Acute occlusion of artery of lower limb co-occurrent and due to thromboembolus
723871004	400047006	Acute occlusion of aortoiliac artery due to thrombosis
723872006	400047006	Acute occlusion of artery of lower limb due to thrombosis
724440007	400047006	Atherosclerosis of artery of lower limb
724441006	400047006	Non-atherosclerotic chronic arterial occlusive disease
733126003	400047006	Acute occlusion of artery of upper limb caused by thromboembolus
733127007	400047006	Acute occlusion of artery of upper limb caused by thrombus
734298005	400047006	Thromboembolus of internal iliac artery
734299002	400047006	Thromboembolus of external iliac artery
735572005	400047006	Acute occlusion of artery of upper limb
735574006	400047006	Acute occlusion of artery of lower limb
789703007	400047006	Arteriosclerosis of artery of lower extremity
789704001	400047006	Arteriosclerosis of artery of upper extremity
792844003	400047006	Limb pain at rest due to atherosclerosis of artery of lower limb
840580004	400047006	Peripheral arterial disease
1010729007	400047006	Thromboembolus of artery of upper limb
1010730002	400047006	Thromboembolus of artery of lower limb
1204126008	400047006	Cholesterol atheromatous embolism of digital artery
1204144000	400047006	Atherosclerosis of axillary artery
1204145004	400047006	Atherosclerosis of brachial artery
1204172007	400047006	Atherosclerosis of superficial femoral artery
1204173002	400047006	Atherosclerosis of popliteal artery
1204174008	400047006	Atherosclerosis of subclavian artery
1204175009	400047006	Atherosclerosis of crural artery
1204176005	400047006	Atherosclerosis of iliac artery
1204177001	400047006	Acute thromboembolic subclavian artery occlusion
1204178006	400047006	Acute thrombotic subclavian artery occlusion
1204179003	400047006	Acute thromboembolic renal artery occlusion
1204180000	400047006	Acute thrombotic renal artery occlusion
1204181001	400047006	Acute thrombotic popliteal artery occlusion
1204182008	400047006	Acute thrombotic iliac artery occlusion
1204183003	400047006	Acute occlusion of popliteal artery due to thromboembolus
1204184009	400047006	Acute thrombotic crural artery occlusion
1204185005	400047006	Acute thromboembolic iliac artery occlusion
1204186006	400047006	Acute thrombotic common femoral artery occlusion
1204187002	400047006	Acute thromboembolic crural artery occlusion
1204197006	400047006	Acute occlusion of superficial femoral artery due to thromboembolus
1204198001	400047006	Acute occlusion of superficial femoral artery due to thrombosis
1204212006	400047006	Acute occlusion of brachial artery due to thrombosis
1204213001	400047006	Acute occlusion of common femoral artery due to thromboembolus
1204214007	400047006	Acute occlusion of brachial artery due to thromboembolus
1204215008	400047006	Acute occlusion of axillary artery due to thromboembolus
1204216009	400047006	Acute occlusion of axillary artery due to thrombosis
1208875000	400047006	Renal artery stenosis due to fibromuscular hyperplasia
1230182004	400047006	Acute lower limb ischemia
1237129009	400047006	Left lower limb arteriosclerosis
1237130004	400047006	Right lower limb atherosclerosis
1258934002	400047006	Atherosclerosis of femoral artery
1279832006	400047006	Acute occlusion of peripheral artery due to thrombosis
1285065002	400047006	Bilateral atherosclerosis of artery of upper limbs
1303878002	400047006	Right external iliac artery stenosis
1303879005	400047006	Left external iliac artery stenosis
1344623000	400047006	Peripheral circulatory disorder due to malnutrition-related diabetes mellitus
8001000119106	400047006	Atherosclerosis of aortoiliac bypass graft
21631000119105	400047006	Limb ischemia
31211000119101	400047006	Peripheral angiopathy due to type 1 diabetes mellitus
34881000119105	400047006	Peripheral vascular disease associated with another disorder
116291000119103	400047006	Occlusion of renal artery due to embolism
153911000119104	400047006	Peripheral arterial insufficiency
10749961000119104	400047006	Occlusion of aortoiliac artery
12236991000119103	400047006	Bilateral lower limb pain at rest due to atherosclerosis
12237111000119107	400047006	Pain at rest of left lower limb due to atherosclerosis
12237231000119107	400047006	Pain at rest of right lower limb due to atherosclerosis
15648601000119102	400047006	Atherosclerosis of artery of right upper limb
15648691000119108	400047006	Atherosclerosis of artery of left upper limb
15648731000119101	400047006	Atherosclerosis of right renal artery
15648771000119103	400047006	Atherosclerosis of bilateral renal arteries
15648821000119105	400047006	Atherosclerosis of left renal artery
15649941000119102	400047006	Bilateral atherosclerosis of lower limbs with gangrene
15710281000119108	400047006	Atherosclerosis of autologous bypass graft of right lower limb
15710321000119103	400047006	Bilateral atherosclerosis of nonautologous biological bypass graft of lower limbs
15710521000119107	400047006	Atherosclerosis of autologous bypass graft of left lower limb
15712641000119101	400047006	Ischemia of right upper limb
15712681000119106	400047006	Ischemia of left upper limb
15966341000119102	400047006	Congenital stenosis of right renal artery
15966381000119107	400047006	Congenital stenosis of left renal artery
15966421000119103	400047006	Bilateral congenital stenosis of renal arteries
15967301000119102	400047006	Bilateral subclavian artery stenosis
15967341000119100	400047006	Stenosis of right subclavian artery
15972461000119101	400047006	Thrombosis of left iliac artery
15972501000119101	400047006	Thrombosis of right iliac artery
15972541000119104	400047006	Thrombosis of bilateral iliac arteries
16002551000119103	400047006	Pain of left upper limb co-occurrent and due to ischemia
16002711000119105	400047006	Right upper limb pain co-occurrent and due to ischemia
16005391000119108	400047006	Occlusion of distal artery of right upper limb
16005471000119100	400047006	Occlusion of distal artery of left upper limb
16007751000119109	400047006	Thrombosis of artery of right upper extremity
16007791000119104	400047006	Thrombosis of right ulnar artery
16007831000119105	400047006	Bilateral thrombosis of ulnar arteries
16007871000119108	400047006	Thrombosis of artery of left upper extremity
16007911000119106	400047006	Thrombosis of left ulnar artery
16009271000119101	400047006	Embolism of artery of right upper limb
16009311000119101	400047006	Bilateral atheroembolism of upper limbs
16009351000119100	400047006	Atheroembolism of artery of left upper limb
16009391000119105	400047006	Atheroembolism of artery of right upper limb
16009431000119100	400047006	Embolism of artery of left upper limb
16011391000119108	400047006	Stenosis of artery of left lower limb
16011431000119103	400047006	Stenosis of artery of right lower limb
16012511000119101	400047006	Embolism of artery of left lower limb
16012551000119100	400047006	Embolism of artery of right lower limb
16012591000119105	400047006	Embolism of left popliteal artery
16012671000119108	400047006	Embolism of right popliteal artery
16012711000119107	400047006	Bilateral atheroembolism of lower limbs
16012791000119103	400047006	Thrombosis of artery of right lower extremity
16012831000119109	400047006	Thrombosis of artery of left lower extremity
16012911000119105	400047006	Thrombosis of left popliteal artery
16012951000119106	400047006	Thrombosis of right popliteal artery
16012991000119101	400047006	Thrombosis of left femoral artery
16013031000119107	400047006	Thrombosis of right femoral artery
16013071000119105	400047006	Bilateral thrombosis of common femoral arteries
16013111000119103	400047006	Thrombosis of right common femoral artery
16013151000119102	400047006	Thrombosis of left common femoral artery
16013191000119107	400047006	Bilateral thrombosis of femoral arteries
16014671000119100	400047006	Occlusion of left femoral artery
16014711000119101	400047006	Occlusion of right popliteal artery
16014791000119105	400047006	Occlusion of left popliteal artery
16014871000119101	400047006	Occlusion of right femoral artery
16018831000119106	400047006	Atherosclerosis of bilateral iliac arteries
16018911000119107	400047006	Bilateral lower limb atherosclerosis of non-biological bypass graft
16018991000119103	400047006	Atherosclerosis of autologous vein bypass graft of left upper limb
16019031000119105	400047006	Atherosclerosis of autologous vein bypass graft of right upper limb
16019311000119103	400047006	Left lower limb atherosclerosis of nonbiological bypass graft
16019351000119102	400047006	Atherosclerosis of bypass graft of left upper limb
16019391000119107	400047006	Right lower limb atherosclerosis of nonbiological bypass graft
16019431000119102	400047006	Atherosclerosis of bypass graft of right upper limb
16019471000119104	400047006	Atherosclerosis of left iliac artery
16019511000119108	400047006	Atherosclerosis of right iliac artery
16066331000119101	400047006	Pain at rest of left upper limb due to atherosclerosis
16066531000119106	400047006	Pain at rest of right upper limb due to atherosclerosis
16066851000119103	400047006	Bilateral upper limb pain at rest due to atherosclerosis
16899261000119106	400047006	Atherosclerosis of superior mesenteric artery
18000001000004101	400047006	Stenosis of left subclavian artery
934007	40108008	Thalassemia intermedia
5300004	40108008	Hemoglobin Bart's hydrops syndrome
5967006	40108008	A>gamma< beta^+^ HPFH AND beta^0^ thalassemia in cis
15326009	40108008	beta^+^ Thalassemia, normal Hb A>2<, type 2
16360009	40108008	Delta beta thalassemia
16427007	40108008	Delta thalassemia
16964007	40108008	Hereditary persistence of fetal hemoglobin thalassemia
19442009	40108008	Heterozygous thalassemia
23371004	40108008	Epsilon gamma delta beta thalassemia
26682008	40108008	Homozygous beta thalassemia
27080008	40108008	Beta zero thalassemia deletion type
32855007	40108008	HPFH unlinked to beta-globulin gene cluster
36467003	40108008	Alpha plus thalassemia
36472007	40108008	Sickle cell-thalassemia disease
39586009	40108008	HPFH A gamma beta^+^ thalassemia
47047009	40108008	Thalassemia with other hemoglobinopathy
47084006	40108008	Beta plus thalassemia normal hemoglobin A>2< type 1 silent
48553001	40108008	Hemoglobin H disease
54006005	40108008	Hereditary persistence of fetal hemoglobin delta beta plus thalassemia
56205004	40108008	HPFH nondeletion type
61395005	40108008	Hereditary persistence of fetal hemoglobin G gamma beta plus thalassemia
61777009	40108008	Thalassemia-hemoglobin C disease
62074008	40108008	Delta zero thalassemia
65959000	40108008	Beta thalassemia
66055002	40108008	Alpha zero thalassemia
68913001	40108008	Alpha thalassemia
69216008	40108008	Hb Lepore thalassemia
73190000	40108008	Epsilon gamma delta beta^0^ thalassemia
75451007	40108008	Thalassemia major
76336008	40108008	Delta beta zero thalassemia
79592006	40108008	Beta plus thalassemia
84188003	40108008	Thalassemia syndrome
85422000	40108008	Alpha plus thalassemia non deletion type
85557000	40108008	HPFH deletion type
86242003	40108008	Alpha plus thalassemia deletion type
86715000	40108008	Beta zero thalassemia
89459006	40108008	HPFH linked to beta-globulin gene cluster
89810003	40108008	^A^gamma delta beta^0^ thalassemia
111572002	40108008	Beta zero thalassemia non deletion type
127041004	40108008	Sickle cell-beta-thalassemia
127042006	40108008	Sickle cell beta plus thalassemia
127043001	40108008	Sickle cell-beta^0^-thalassemia
127044007	40108008	Sickle cell-delta beta^0^-thalassemia
127045008	40108008	Sickle cell anemia with coexistent alpha-thalassemia
127046009	40108008	Sickle cell trait with coexistent alpha-thalassemia
191187006	40108008	Alpha trait thalassemia
191189009	40108008	Beta thalassemia intermedia
234383000	40108008	Homozygous alpha thalassemia
234385007	40108008	Alpha thalassemia-2 trait
234386008	40108008	Hemoglobin Constant Spring trait
234387004	40108008	Hemoglobin Lepore trait
234388009	40108008	Delta-beta-Lepore thalassemia
234389001	40108008	Alpha-beta thalassemia
234390005	40108008	Gamma thalassemia
234392002	40108008	Hemoglobin E/beta thalassemia disease
269175006	40108008	Beta thalassemia trait
307343001	40108008	Acquired hemoglobin H disease
416826005	40108008	Sickle cell-thalassemia disease with crisis
417048006	40108008	Sickle cell-thalassemia disease without crisis
447117006	40108008	Hemoglobin H constant spring thalassemia
715342005	40108008	Alpha thalassemia X-linked intellectual disability syndrome
716682000	40108008	Dominant beta-thalassemia
718196002	40108008	Beta thalassemia X-linked thrombocytopenia syndrome
734349003	40108008	Alpha-thalassemia intellectual disability syndrome linked to chromosome 16
788944005	40108008	Gamma delta beta thalassemia
1148897000	40108008	Hemoglobin Paksé disease
1148899002	40108008	Hemoglobin Seal Rock disease
72331000119105	40108008	Thalassemia in mother complicating pregnancy
685061000119108	40108008	Hemoglobin C beta plus thalassemia
685071000119102	40108008	Hemoglobin C beta zero thalassemia
685081000119104	40108008	Hemoglobin D beta plus thalassemia
685091000119101	40108008	Hemoglobin D beta zero thalassemia
685101000119106	40108008	Hemoglobin E beta plus thalassemia
685111000119109	40108008	Hemoglobin E beta zero thalassemia
10806241000119108	40108008	Thalassemia in mother complicating childbirth
16371831000119108	40108008	Delta beta thalassemia trait
403747000	403746009	Poppers' nodules due to intravenous drug abuse
405743003	405742008	Aspirin therapy location
405747002	405742008	Aspirin not given
405748007	405742008	Already on aspirin
205615000	41040004	Trisomy 21- meiotic nondisjunction
205616004	41040004	Trisomy 21- mitotic nondisjunction mosaicism
371045000	41040004	Translocation Down syndrome
724643004	41040004	Transient abnormal myelopoiesis co-occurrent with Down syndrome
724644005	41040004	Myeloid leukemia associated with Down syndrome
733194007	41040004	Dementia with Down syndrome
840505007	41040004	Down syndrome co-occurrent with leukemoid reaction associated transient neonatal pustulosis
2912004	413839001	Cystic-bullous disease of the lung
4981000	413839001	Panacinar emphysema
16003001	413839001	Giant bullous emphysema
16846004	413839001	Obstructive emphysema
18121009	413839001	Chronic berylliosis
18354001	413839001	Chronic induration of lung
23958009	413839001	Vanishing lung
26427008	413839001	Chronic pulmonary histoplasmosis
28295001	413839001	Middle lobe syndrome
31898008	413839001	Paraseptal emphysema
33325001	413839001	Compensatory emphysema
36599006	413839001	Chronic fibrosis of lung
46847001	413839001	Chronic pulmonary edema
47895001	413839001	Congenital emphysema
47938003	413839001	Chronic obliterative bronchiolitis
51577008	413839001	Wilson-Mikity syndrome
57686001	413839001	Emphysematous bleb of lung
60805002	413839001	Hemolytic anemia with emphysema AND cutis laxa
63841001	413839001	Chronic pulmonary congestion
66987001	413839001	Congenital lobar emphysema
67569000	413839001	Bronchopulmonary dysplasia of newborn
68328006	413839001	Centriacinar emphysema
70756004	413839001	Bronchial atresia with segmental pulmonary emphysema
77690003	413839001	Interstitial emphysema of lung
86680006	413839001	Ruptured emphysematous bleb of lung
87433001	413839001	Pulmonary emphysema
90610005	413839001	Interstitial pulmonary fibrosis of prematurity
123713005	413839001	Chronic atelectasis
195957006	413839001	Chronic bullous emphysema
195958001	413839001	Segmental bullous emphysema
195959009	413839001	Zonal bullous emphysema
196026004	413839001	Chronic emphysema caused by chemical fumes
196028003	413839001	Chronic pulmonary fibrosis caused by chemical fumes
196049002	413839001	Chronic pulmonary radiation disease
233615002	413839001	Chronic pulmonary coccidioidomycosis
233674008	413839001	Pulmonary emphysema in alpha-1 PI deficiency
233675009	413839001	Toxic emphysema
233677001	413839001	Scar emphysema
233692000	413839001	Cryptogenic pulmonary eosinophilia
233762004	413839001	Chronic silicosis
240742009	413839001	Chronic pulmonary African histoplasmosis
240747003	413839001	Chronic pulmonary blastomycosis
266355005	413839001	Bullous emphysema with collapse
266356006	413839001	Atrophic (senile) emphysema
276537001	413839001	Chronic pulmonary insufficiency of prematurity
361194002	413839001	Perinatal pulmonary fibroplasia
361195001	413839001	Pulmonary fibroplasia
417688002	413839001	Chronic progressive coccidioidal pneumonia
426437004	413839001	Familial idiopathic pulmonary fibrosis
430476004	413839001	Diffuse panbronchiolitis
432958009	413839001	Chronic rejection of lung transplant
700250006	413839001	Idiopathic pulmonary fibrosis
704345008	413839001	Chronic interstitial pneumonitis
707534000	413839001	Chronic lung disease due to surfactant disorder
707553005	413839001	Chronic exogenous lipoid pneumonitis
708026002	413839001	Chronic pneumonitis of infancy
708030004	413839001	Pulmonary emphysema co-occurrent with fibrosis of lung
723829000	413839001	Pulmonary fibrosis, hepatic hyperplasia, bone marrow hypoplasia syndrome
724500003	413839001	Idiopathic chronic eosinophilic pneumonitis
733171006	413839001	Chronic pulmonary aspergillosis
737180005	413839001	Chronic bronchiolitis
762618008	413839001	Bronchiolitis obliterans syndrome due to and after lung transplantation
771306007	413839001	Hereditary fibrosing poikiloderma, tendon contractures, myopathy, pulmonary fibrosis syndrome
783182004	413839001	Chronic respiratory distress with surfactant metabolism deficiency
789574002	413839001	Acute exacerbation of idiopathic pulmonary fibrosis
836477007	413839001	Chronic emphysema caused by vapor
840350008	413839001	Chronic obliterative bronchiolitis caused by chemical fumes
840351007	413839001	Chronic obliterative bronchiolitis caused by vapor
1010333003	413839001	Emphysema of left lung
1010334009	413839001	Emphysema of right lung
1010670004	413839001	Chronic endogenous lipoid pneumonitis
1163147006	413839001	Chronic fibrosing pulmonary aspergillosis
1163150009	413839001	Chronic cavitary pulmonary aspergillosis
1177120001	413839001	Bronchiolitis obliterans syndrome following allogeneic stem cell transplant
1197476009	413839001	Infantile-onset pulmonary alveolar proteinosis, hypogammaglobulinemia
1228876007	413839001	Severe early-onset pulmonary alveolar proteinosis due to MARS deficiency
1303457006	413839001	Mild bronchopulmonary dysplasia of newborn
1303458001	413839001	Moderate bronchopulmonary dysplasia of newborn
1303459009	413839001	Severe bronchopulmonary dysplasia of newborn
1344640009	413839001	Chronic pulmonary fibrosis caused by vapor
1348304006	413839001	Fibrosis, neurodegeneration, cerebral angiomatosis syndrome
1354861009	413839001	Lung disease, immunodeficiency, chromosome breakage syndrome
28791000119105	413839001	Chronic coccidioidomycotic pneumonia
102361000119104	413839001	Chronic pneumonia
10692761000119107	413839001	Asthma-chronic obstructive pulmonary disease overlap syndrome
652005	414027002	Gangrenous tonsillitis
1518005	414027002	Splenitis
1551001	414027002	Osteomyelitis of femur
1671000	414027002	Sago spleen
2128005	414027002	Disorder of adenoid
2694001	414027002	Myelophthisic anemia
3502005	414027002	Cervical lymphadenitis
3542000	414027002	Laceration extending into parenchyma of spleen with open wound into abdominal cavity
5256002	414027002	Injury of spleen with open wound into abdominal cavity
5791006	414027002	Cicatrix of adenoid
6461009	414027002	Amygdalolith
6803002	414027002	Salmonella osteomyelitis
7587000	414027002	Acute osteomyelitis of shoulder region
8214000	414027002	Telangiectasia macularis eruptiva perstans
8872002	414027002	Osteomyelitis of pelvic region
10138007	414027002	Bone marrow hyperplasia
10188004	414027002	Acute osteomyelitis of hand
10294000	414027002	Reactive mastocytosis
10345003	414027002	Primary syphilis of tonsils
10351008	414027002	Suppurative tonsillitis
10362008	414027002	Accessory spleen
10564005	414027002	Severe hereditary spherocytosis due to combined deficiency of spectrin AND ankyrin
10893003	414027002	Tuberculous adenitis
11461005	414027002	Staphylococcal tonsillitis
13272007	414027002	Masshoff's syndrome
13325005	414027002	Chronic osteomyelitis of hand
14024008	414027002	Humoral immunologic aplastic anemia
14266003	414027002	Atrophy of thymus gland
14465002	414027002	Ulcerative tonsillitis
15170009	414027002	Submandibular lymphadenitis
16294009	414027002	Splenomegaly
16358007	414027002	Chronic disease of tonsils AND/OR adenoids
16409009	414027002	Tuberculosis of retroperitoneal lymph nodes
16485001	414027002	Ulcer of tonsil
17028003	414027002	Osteomyelitis of forearm
17363001	414027002	Splenic sarcoidosis
17422006	414027002	Ectopic thymic tissue
17741008	414027002	Acute tonsillitis
19058002	414027002	Congestive splenomegaly
19471005	414027002	Lymphadenitis
19719003	414027002	Benign lymphocytic infiltration of Jessner
19750001	414027002	Pseudolymphoma
19956000	414027002	Acute osteomyelitis of forearm
20213006	414027002	Injury of spleen without open wound into abdominal cavity
20673009	414027002	Disorder of thymus gland
20888002	414027002	Neutrophilic hyperplasia of bone marrow
21120002	414027002	Osteomyelitis of lower leg
21857006	414027002	Glandular tularemia
22996003	414027002	Splenic infarction
23023009	414027002	Disorder of tonsil (palatine tonsil)
23589004	414027002	Injury of spleen
23761004	414027002	Hyposplenism
23794001	414027002	Paratracheal lymphadenopathy
23914009	414027002	Ectopic splenic tissue
24181002	414027002	Aplasia of thymus gland with immunodeficiency
24358005	414027002	Accessory thymic tissue
24738006	414027002	Osteomyelitis of petrous bone
24975009	414027002	Mild hereditary spherocytosis due to combined deficiency of spectrin AND ankyrin
25266006	414027002	Hereditary spherocytosis due to spectrin deficiency
27158007	414027002	Injury of thymus gland
27254001	414027002	Extramedullary hematopoiesis of spleen
27878001	414027002	Follicular tonsillitis
28399005	414027002	Tuberculosis of spleen
28769004	414027002	Osteomyelitis of ankle AND/OR foot
28975000	414027002	Constitutional aplastic anemia
30575002	414027002	Fanconi's anemia
30635002	414027002	Abscess of thymus
32035007	414027002	Chronic lymphadenitis
32392003	414027002	Acute osteomyelitis of jaw
32648007	414027002	Mild hereditary spherocytosis due to spectrin deficiency
33261009	414027002	Abscess of tonsil
33905008	414027002	Hereditary spherocytosis due to deficiency of protein 4.2
34287003	414027002	Rosai-Dorfman disease
34739009	414027002	Cutaneous mastocytosis, adult form
35082008	414027002	Cervical thymic remnant
36472007	414027002	Sickle cell-thalassemia disease
36568005	414027002	Hemolytic uremic syndrome of childhood
36585007	414027002	Dermatopathic lymphadenitis
36752001	414027002	Congenital splenomegaly
36760000	414027002	Hepatosplenomegaly
37722001	414027002	Ulceroglandular tularemia
38096003	414027002	Functional asplenia
38297003	414027002	Chronic osteomyelitis of jaw
38824008	414027002	Congenital anomaly of the thymus
38831007	414027002	Splenosis
38970002	414027002	Doan-Wright syndrome
39323002	414027002	Hyperplasia of adenoids
40453004	414027002	Hyperplasia of tonsils AND adenoids
40478000	414027002	Cyst of thymus gland
40888008	414027002	Congenital anomaly of the hematopoietic system
40970001	414027002	Chronic osteomyelitis
41174002	414027002	Acute lymphadenitis
41582007	414027002	Streptococcal tonsillitis
41614006	414027002	Hypoplastic anemia
42780004	414027002	Congenital lobulation of spleen
43325004	414027002	Nontraumatic splenic rupture
43756009	414027002	Traumatic rupture of spleen
43766001	414027002	Fibrotic lymphadenopathy
43858000	414027002	Secondary aplastic anemia
44298000	414027002	Lymph node abscess
44833003	414027002	Pseudolymphoma of lung in Sjögren's disease
44897000	414027002	Mesenteric lymphadenitis
46288008	414027002	Payr's syndrome
46689006	414027002	Hypertrophy of tonsils
46760003	414027002	Estren-Dameshek anemia
47516005	414027002	Hereditary spherocytosis due to combined deficiency of spectrin AND ankyrin
48119005	414027002	Dysplasia of thymus gland with immunodeficiency
48573006	414027002	Suppurative lymphadenopathy
49498000	414027002	Mesenteric adenitis caused by Pasteurella multocida
49631001	414027002	Acute mesenteric adenitis
49885004	414027002	Hyperplasia of tonsils
50088001	414027002	Hematoma of spleen without rupture of capsule AND without open wound into abdominal cavity
50220002	414027002	Cellular immunologic aplastic anemia
50715003	414027002	Pure red cell aplasia
50797007	414027002	Bubonic plague
51209006	414027002	Viral tonsillitis
51244008	414027002	Disorder of spleen
51499002	414027002	Disorder of tonsil AND/OR adenoid
52324001	414027002	Mediastinal lymphadenopathy
52636001	414027002	Actinic reticuloid
52967002	414027002	Myelofibrosis
53453008	414027002	Osteomyelitis of shoulder region
54084005	414027002	Cervical tuberculous lymphadenitis
55366007	414027002	Tonsillar tag
55907008	414027002	Acquired aplastic anemia
56118002	414027002	Congenital syphilitic splenomegaly
56338005	414027002	Splenic fibrosis
56517003	414027002	Splenic hemorrhage
57160007	414027002	Felty's syndrome
57192008	414027002	Acute pure red cell aplasia
57375005	414027002	Eosinophilic hyperplasia of bone marrow
57497006	414027002	Congenital anomaly of spleen
58381000	414027002	Hypersplenism
58639003	414027002	Doan-Wiseman syndrome
58764007	414027002	Tuberculous osteomyelitis
59867002	414027002	Acute osteomyelitis of multiple sites
59934002	414027002	Secondary syphilitic adenopathy
60168000	414027002	Osteomyelitis
60684003	414027002	SAPHO syndrome
61011009	414027002	Bacterial osteomyelitis
61014001	414027002	Laceration extending into parenchyma of spleen without open wound into abdominal cavity
61585002	414027002	Osteomyelitis of hand
62042001	414027002	Splenogonadal fusion
63175003	414027002	Localized extracutaneous mastocytosis
63375009	414027002	Brodie's abscess
64757003	414027002	Lymph node sarcoidosis
65146007	414027002	Ectopic spleen
65875003	414027002	Orbital osteomyelitis
66622006	414027002	Hypertrophy of tonsils AND adenoids
66634003	414027002	Chronic osteomyelitis of multiple sites
67322009	414027002	Subacute osteomyelitis
67529001	414027002	Cicatrix of tonsil
68164004	414027002	Erythroid hyperplasia of bone marrow
68712004	414027002	Lymphocytic hypoplasia
69981004	414027002	Hereditary spherocytosis due to beta spectrin defect
70020005	414027002	Adenoiditis
70529004	414027002	Lymphoid hyperplasia of appendix
70918005	414027002	Myeloid hyperplasia of bone marrow
71988008	414027002	Aase syndrome
72272002	414027002	Non malignant mast cell disease
72425000	414027002	Bilateral left-sidedness sequence
73363000	414027002	Oculoglandular tularemia
74387008	414027002	Tuberculosis of hilar lymph nodes
75053002	414027002	Acute febrile mucocutaneous lymph node syndrome
75286007	414027002	Osteomyelitis of upper arm
75886002	414027002	Chronic sclerosing nonsuppurative osteomyelitis
76616003	414027002	Disorder of lymph node
76621000	414027002	Cutaneous mastocytosis, infantile form
77038006	414027002	Tuberculosis of peripheral lymph nodes
77084001	414027002	Immunologic aplastic anemia
77413008	414027002	Severe hereditary spherocytosis due to spectrin deficiency
78209002	414027002	Hemolytic uremic syndrome, adult type
78436002	414027002	Tuberculosis of intrathoracic lymph nodes
78578005	414027002	Erythrocytosis due to pulmonary disease
79040006	414027002	Splenic cyst
80192004	414027002	Massive parenchymal disruption of spleen with open wound into abdominal cavity
80378000	414027002	Neonatal hepatosplenomegaly
80507005	414027002	Acute osteomyelitis of pelvic region
81339006	414027002	Secondary syphilis of tonsil
82053000	414027002	Splenic abscess
82495004	414027002	Tuberculosis of mediastinal lymph nodes
82893001	414027002	Splenic atrophy
83525004	414027002	Megakaryocytic hyperplasia of bone marrow
83707009	414027002	Neonatal osteomyelitis of jaw
84224006	414027002	Suppurative osteomyelitis of jaw
85692003	414027002	Tuberculosis of tracheobronchial lymph nodes
86006001	414027002	Massive parenchymal disruption of spleen without open wound into abdominal cavity
87117006	414027002	HIV infection with acute lymphadenitis
87415007	414027002	Osteomyelitis of jaw
87500009	414027002	Hilar lymphadenopathy
88854002	414027002	Congenital hypoplastic anemia
90176007	414027002	Tonsillitis
90414007	414027002	Chronic acquired pure red cell aplasia
90979004	414027002	Chronic tonsillitis
91538002	414027002	Osteomyelitis of multiple sites
91854005	414027002	Acute leukemia in remission
91855006	414027002	Acute leukemia
91856007	414027002	Acute lymphoid leukemia in remission
91857003	414027002	Acute lymphoid leukemia
91858008	414027002	Acute monocytic leukemia in remission
91860005	414027002	Acute myeloid leukemia in remission
91861009	414027002	Acute myeloid leukemia, disease
91918005	414027002	Congenital absence of thymus
91964000	414027002	Benign neoplasm of adenoid
91987008	414027002	Benign neoplasm of axillary lymph nodes
92028001	414027002	Benign neoplasm of lateral axillary lymph nodes
92032007	414027002	Benign neoplasm of bronchopulmonary lymph nodes
92073008	414027002	Benign neoplasm of cubital lymph nodes
92090002	414027002	Benign neoplasm of epitrochlear lymph nodes
92104000	414027002	Benign neoplasm of femoral lymph nodes
92135006	414027002	Benign neoplasm of hypogastric lymph nodes
92141004	414027002	Benign neoplasm of iliac lymph nodes
92143001	414027002	Benign neoplasm of infraclavicular lymph nodes
92144007	414027002	Benign neoplasm of inguinal lymph nodes
92149002	414027002	Benign neoplasm of intercostal lymph nodes
92150002	414027002	Benign neoplasm of intestinal lymph nodes
92152005	414027002	Benign neoplasm of intra-abdominal lymph nodes
92155007	414027002	Benign neoplasm of intrapelvic lymph nodes
92156008	414027002	Benign neoplasm of intrathoracic lymph nodes
92184003	414027002	Benign neoplasm of lingual tonsil
92197001	414027002	Benign neoplasm of lymph node
92198006	414027002	Benign neoplasm of lymph nodes of face
92199003	414027002	Benign neoplasm of lymph nodes of head
92200000	414027002	Benign neoplasm of lymph nodes of lower limb
92201001	414027002	Benign neoplasm of lymph nodes of multiple sites
92202008	414027002	Benign neoplasm of lymph nodes of neck
92203003	414027002	Benign neoplasm of lymph nodes of upper limb
92213006	414027002	Benign neoplasm of mediastinal lymph nodes
92215004	414027002	Benign neoplasm of mesenteric lymph nodes
92251006	414027002	Benign neoplasm of obturator lymph nodes
92254003	414027002	Benign neoplasm of occipital lymph nodes
92263001	414027002	Benign neoplasm of tonsil
92268005	414027002	Benign neoplasm of paramammary lymph nodes
92269002	414027002	Benign neoplasm of parametrial lymph nodes
92271002	414027002	Benign neoplasm of pararectal lymph nodes
92274005	414027002	Benign neoplasm of paravaginal lymph nodes
92280002	414027002	Benign neoplasm of parotid lymph nodes
92282005	414027002	Benign neoplasm of pectoral axillary lymph nodes
92299006	414027002	Benign neoplasm of popliteal lymph nodes
92306009	414027002	Benign neoplasm of preauricular lymph nodes
92324006	414027002	Benign neoplasm of retroperitoneal lymph nodes
92325007	414027002	Benign neoplasm of retropharyngeal lymph nodes
92333008	414027002	Benign neoplasm of scalene lymph nodes
92408009	414027002	Benign neoplasm of spleen
92414002	414027002	Benign neoplasm of submandibular lymph nodes
92416000	414027002	Benign neoplasm of submental lymph nodes
92417009	414027002	Benign neoplasm of superficial inguinal lymph nodes
92419007	414027002	Benign neoplasm of supraclavicular lymph nodes
92437008	414027002	Benign neoplasm of thymus
92441007	414027002	Benign neoplasm of tibial lymph nodes
92447006	414027002	Benign neoplasm of tracheobronchial lymph nodes
92487001	414027002	Benign neoplasm of Waldeyer's ring
92501000	414027002	Congenital cleft of thymus
92524007	414027002	Carcinoma in situ of adenoid
92642005	414027002	Carcinoma in situ of lingual tonsil
92671006	414027002	Carcinoma in situ of tonsil
92754004	414027002	Carcinoma in situ of spleen
92803008	414027002	Carcinoma in situ of Waldeyer's ring
92811003	414027002	Chronic leukemia in remission
92812005	414027002	Chronic leukemia
92813000	414027002	Chronic lymphoid leukemia in remission
92814006	414027002	Chronic lymphoid leukemia, disease
92817004	414027002	Chronic myeloid leukemia in remission
92818009	414027002	Chronic myeloid leukemia
92946005	414027002	Congenital abnormal shape of spleen
92953001	414027002	Congenital abnormal shape of thymus
93030006	414027002	Congenital absence of spleen
93049005	414027002	Congenital cyst of spleen
93142004	414027002	Leukemia in remission
93143009	414027002	Leukemia
93144003	414027002	Leukemic reticuloendotheliosis of intra-abdominal lymph nodes
93145002	414027002	Leukemic reticuloendotheliosis of intrapelvic lymph nodes
93146001	414027002	Leukemic reticuloendotheliosis of intrathoracic lymph nodes
93150008	414027002	Leukemic reticuloendotheliosis of lymph nodes of multiple sites
93151007	414027002	Hairy cell leukemia of spleen
93169003	414027002	Lymphoid leukemia in remission
93182006	414027002	Malignant histiocytosis of intra-abdominal lymph nodes
93183001	414027002	Malignant histiocytosis of intrapelvic lymph nodes
93184007	414027002	Malignant histiocytosis of intrathoracic lymph nodes
93188005	414027002	Malignant histiocytosis of lymph nodes of multiple sites
93189002	414027002	Malignant histiocytosis of spleen
93191005	414027002	Malignant lymphoma of intra-abdominal lymph nodes
93192003	414027002	Malignant lymphoma of intrapelvic lymph nodes
93193008	414027002	Malignant lymphoma of intrathoracic lymph nodes
93197009	414027002	Malignant lymphoma of lymph nodes of multiple sites
93198004	414027002	Malignant lymphoma of spleen
93200005	414027002	Malignant mast cell tumor of intra-abdominal lymph nodes
93201009	414027002	Malignant mast cell tumor of intrapelvic lymph nodes
93202002	414027002	Malignant mast cell tumor of intrathoracic lymph nodes
93292008	414027002	Congenital hypoplasia of spleen
93297002	414027002	Congenital hypoplasia of thymus
93351001	414027002	Congenital malposition of spleen
93361008	414027002	Congenital malposition of thymus
93451002	414027002	Erythroleukemia, FAB M6
93472004	414027002	Hemangioma of spleen
93477005	414027002	Hemorrhage of thymus
93493001	414027002	Hodgkin's disease, lymphocytic-histiocytic predominance of intra-abdominal lymph nodes
93494007	414027002	Hodgkin's disease, lymphocytic-histiocytic predominance of intrapelvic lymph nodes
93495008	414027002	Hodgkin's disease, lymphocytic-histiocytic predominance of intrathoracic lymph nodes
93500006	414027002	Hodgkin's disease, lymphocytic-histiocytic predominance of spleen
93509007	414027002	Hodgkin's disease, mixed cellularity of spleen
93518009	414027002	Hodgkin's disease, nodular sclerosis of spleen
93520007	414027002	Hodgkin's disease of intra-abdominal lymph nodes
93521006	414027002	Hodgkin's disease of intrapelvic lymph nodes
93522004	414027002	Hodgkin's disease of intrathoracic lymph nodes
93526001	414027002	Hodgkin's disease of lymph nodes of multiple sites
93527005	414027002	Hodgkin's disease of spleen
93530003	414027002	Hodgkin's granuloma of intrapelvic lymph nodes
93531004	414027002	Hodgkin's granuloma of intrathoracic lymph nodes
93536009	414027002	Hodgkin's granuloma of spleen
93547002	414027002	Hodgkin's sarcoma of intra-abdominal lymph nodes
93548007	414027002	Hodgkin's sarcoma of intrapelvic lymph nodes
93549004	414027002	Hodgkin's sarcoma of intrathoracic lymph nodes
93554008	414027002	Hodgkin's sarcoma of spleen
93662008	414027002	Primary malignant neoplasm of adenoid
93720005	414027002	Primary malignant neoplasm of bone marrow
93868009	414027002	Primary malignant neoplasm of lingual tonsil
94071006	414027002	Primary malignant neoplasm of spleen
94096009	414027002	Primary malignant neoplasm of thymus
94144008	414027002	Primary malignant neoplasm of Waldeyer's ring
94148006	414027002	Megakaryocytic leukemia in remission
94158005	414027002	Metastatic malignant neoplasm to adenoid
94181007	414027002	Metastatic malignant neoplasm to axillary lymph nodes
94217008	414027002	Metastatic malignant neoplasm to bone marrow
94227002	414027002	Metastatic malignant neoplasm to bronchopulmonary lymph nodes
94268006	414027002	Metastatic malignant neoplasm to cubital lymph nodes
94285008	414027002	Metastatic malignant neoplasm to epitrochlear lymph nodes
94299007	414027002	Metastatic malignant neoplasm to femoral lymph nodes
94330007	414027002	Metastatic malignant neoplasm to hypogastric lymph nodes
94336001	414027002	Metastatic malignant neoplasm to iliac lymph nodes
94338000	414027002	Metastatic malignant neoplasm to infraclavicular lymph nodes
94339008	414027002	Metastatic malignant neoplasm to inguinal lymph nodes
94344001	414027002	Metastatic malignant neoplasm to intercostal lymph nodes
94345000	414027002	Metastatic malignant neoplasm to intestinal lymph nodes
94347008	414027002	Metastatic malignant neoplasm to intra-abdominal lymph nodes
94350006	414027002	Metastatic malignant neoplasm to intrapelvic lymph nodes
94351005	414027002	Metastatic malignant neoplasm to intrathoracic lymph nodes
94379004	414027002	Metastatic malignant neoplasm to lingual tonsil
94392001	414027002	Metastatic malignant neoplasm to lymph node
94393006	414027002	Metastatic malignant neoplasm to lymph nodes of face
94394000	414027002	Metastatic malignant neoplasm to lymph nodes of head
94395004	414027002	Metastatic malignant neoplasm to lymph nodes of lower limb
94396003	414027002	Metastatic malignant neoplasm to lymph nodes of multiple sites
94397007	414027002	Metastatic malignant neoplasm to lymph nodes of neck
94398002	414027002	Metastatic malignant neoplasm to lymph nodes of upper limb
94408005	414027002	Metastatic malignant neoplasm to mediastinal lymph nodes
94410007	414027002	Metastatic malignant neoplasm to mesenteric lymph nodes
94446003	414027002	Metastatic malignant neoplasm to obturator lymph nodes
94449005	414027002	Metastatic malignant neoplasm to occipital lymph nodes
94458003	414027002	Metastatic malignant neoplasm to tonsil
94463004	414027002	Metastatic malignant neoplasm to paramammary lymph nodes
94464005	414027002	Metastatic malignant neoplasm to parametrial lymph nodes
94466007	414027002	Metastatic malignant neoplasm to pararectal lymph nodes
94469000	414027002	Metastatic malignant neoplasm to paravaginal lymph nodes
94475009	414027002	Metastatic malignant neoplasm to parotid lymph nodes
94477001	414027002	Metastatic malignant neoplasm to pectoral axillary lymph nodes
94494004	414027002	Metastatic malignant neoplasm to popliteal lymph nodes
94501001	414027002	Metastatic malignant neoplasm to preauricular lymph nodes
94519005	414027002	Metastatic malignant neoplasm to retroperitoneal lymph nodes
94520004	414027002	Metastatic malignant neoplasm to retropharyngeal lymph nodes
94528006	414027002	Metastatic malignant neoplasm to scalene lymph nodes
94603006	414027002	Metastatic malignant neoplasm to spleen
94609005	414027002	Metastatic malignant neoplasm to submandibular lymph nodes
94611001	414027002	Metastatic malignant neoplasm to submental lymph nodes
94612008	414027002	Metastatic malignant neoplasm to superficial inguinal lymph nodes
94614009	414027002	Metastatic malignant neoplasm to supraclavicular lymph nodes
94632009	414027002	Metastatic malignant neoplasm to thymus
94636007	414027002	Metastatic malignant neoplasm to tibial lymph nodes
94642006	414027002	Metastatic malignant neoplasm to tracheobronchial lymph nodes
94682004	414027002	Metastatic malignant neoplasm to Waldeyer's ring
94686001	414027002	Mixed cell type lymphosarcoma of intra-abdominal lymph nodes
94687005	414027002	Mixed cell type lymphosarcoma of intrapelvic lymph nodes
94688000	414027002	Mixed cell type lymphosarcoma of intrathoracic lymph nodes
94690004	414027002	Mixed cell type lymphosarcoma of lymph nodes of head, face, and neck
94707004	414027002	Mycosis fungoides of intra-abdominal lymph nodes
94708009	414027002	Mycosis fungoides of intrapelvic lymph nodes
94709001	414027002	Mycosis fungoides of intrathoracic lymph nodes
94714002	414027002	Mycosis fungoides of spleen
94716000	414027002	Myeloid leukemia in remission
94727003	414027002	Neoplasm of uncertain behavior of adenoid
94908004	414027002	Neoplasm of uncertain behavior of lingual tonsil
94921006	414027002	Neoplasm of uncertain behavior of lymph node
94977008	414027002	Neoplasm of uncertain behavior of tonsil
95111006	414027002	Neoplasm of uncertain behavior of spleen
95136000	414027002	Neoplasm of uncertain behavior of thymus
95184009	414027002	Neoplasm of uncertain behavior of Waldeyer's ring
95186006	414027002	Nodular lymphoma of intra-abdominal lymph nodes
95187002	414027002	Nodular lymphoma of intrapelvic lymph nodes
95188007	414027002	Nodular lymphoma of intrathoracic lymph nodes
95192000	414027002	Nodular lymphoma of lymph nodes of multiple sites
95193005	414027002	Nodular lymphoma of spleen
95209008	414027002	Plasma cell leukemia in remission
95210003	414027002	Plasma cell leukemia
95224004	414027002	Reticulosarcoma of intra-abdominal lymph nodes
95225003	414027002	Reticulosarcoma of intrapelvic lymph nodes
95226002	414027002	Reticulosarcoma of intrathoracic lymph nodes
95230004	414027002	Reticulosarcoma of lymph nodes of multiple sites
95231000	414027002	Reticulosarcoma of spleen
95263006	414027002	Sézary's disease of spleen
95423008	414027002	Osteomyelitis of cranium
95424002	414027002	Acute osteomyelitis of cranium
95425001	414027002	Chronic osteomyelitis of cranium
95846001	414027002	Red blood cell sequestration in spleen
109302008	414027002	Diffuse sclerosing osteomyelitis
109303003	414027002	Osteomyelitis of facial bone
109304009	414027002	Osteomyelitis of frontal bone
109305005	414027002	Osteomyelitis of zygomatic bone
109306006	414027002	Osteomyelitis of sphenoid bone
109307002	414027002	Osteomyelitis of temporal bone
109308007	414027002	Osteomyelitis of nasal-orbit complex
109309004	414027002	Acute osteomyelitis of facial bone
109310009	414027002	Acute osteomyelitis of frontal bone
109311008	414027002	Acute osteomyelitis of zygomatic bone
109312001	414027002	Acute osteomyelitis of sphenoid bone
109313006	414027002	Acute osteomyelitis of temporal bone
109314000	414027002	Acute osteomyelitis of nasal-orbit complex
109316003	414027002	Chronic osteomyelitis of frontal bone
109317007	414027002	Chronic osteomyelitis of zygomatic bone
109318002	414027002	Chronic osteomyelitis of sphenoid bone
109319005	414027002	Chronic osteomyelitis of temporal bone
109320004	414027002	Chronic osteomyelitis of nasal-orbit complex
109321000	414027002	Chronic sclerosing nonsuppurative osteomyelitis of facial bone
109322007	414027002	Chronic sclerosing nonsuppurative osteomyelitis of frontal bone
109323002	414027002	Chronic sclerosing nonsuppurative osteomyelitis of zygomatic bone
109324008	414027002	Chronic sclerosing nonsuppurative osteomyelitis of sphenoid bone
109325009	414027002	Chronic sclerosing nonsuppurative osteomyelitis of temporal bone
109326005	414027002	Chronic sclerosing nonsuppurative osteomyelitis of nasal-orbit complex
109346000	414027002	Osteoporotic bone marrow defect
109391009	414027002	Kaposi's sarcoma of lymph nodes
109690000	414027002	Chronic sclerosing nonsuppurative osteomyelitis of maxilla
109691001	414027002	Chronic sclerosing nonsuppurative osteomyelitis of mandible
109692008	414027002	Osteomyelitis of maxilla
109693003	414027002	Acute osteomyelitis of maxilla
109694009	414027002	Chronic osteomyelitis of maxilla
109695005	414027002	Osteomyelitis of mandible
109696006	414027002	Acute osteomyelitis of mandible
109697002	414027002	Chronic osteomyelitis of mandible
109991003	414027002	Acute panmyelosis with myelofibrosis
109992005	414027002	Polycythemia vera (clinical)
109993000	414027002	Chronic myeloproliferative disorder (clinical)
109995007	414027002	Myelodysplastic syndrome (clinical)
109998009	414027002	Myelodysplastic syndrome with ring sideroblasts and single lineage dysplasia
110002002	414027002	Mast cell leukemia (clinical)
110004001	414027002	Acute promyelocytic leukemia, FAB M3
110005000	414027002	Acute myelomonocytic leukemia, FAB M4
110006004	414027002	Prolymphocytic leukemia (clinical)
110007008	414027002	Adult T-cell leukemia/lymphoma
110013004	414027002	Overlapping malignant neoplasm of tonsil
110134008	414027002	Simple laceration of tonsil
110135009	414027002	Contaminated simple laceration of tonsil
110136005	414027002	Complex laceration of tonsil
110137001	414027002	Contaminated complex laceration of tonsil
110138006	414027002	Avulsion of tonsil
110161008	414027002	Abrasion of tonsil
110230006	414027002	Burn of tonsillar area
110231005	414027002	Burn erythema of tonsillar area
110232003	414027002	Second degree burn of tonsillar area
110233008	414027002	Third degree burn of tonsillar area
110260001	414027002	Contusion of tonsil
111002006	414027002	Proteinaceous lymphadenopathy
111590001	414027002	Disorder of lymphoid system
111591002	414027002	Hypertrophy of adenoids
111684008	414027002	Capsular tear without major disruption of parenchyma of spleen AND with open wound in abdominal cavity
111816002	414027002	Pneumococcal tonsillitis
118612006	414027002	Malignant histiocytosis (clinical)
118613001	414027002	Hairy cell leukemia (clinical)
118615008	414027002	Malignant mast cell tumor (clinical)
123616008	414027002	Granulocytic hyperplasia of bone marrow
123617004	414027002	Fleckmilz
123725008	414027002	Mild bone marrow hyperplasia
123726009	414027002	Moderate bone marrow hyperplasia
123727000	414027002	Severe bone marrow hyperplasia
123728005	414027002	Recurrent bone marrow hyperplasia
125574005	414027002	Angiolymphoid hyperplasia with eosinophilia
127035006	414027002	Bone marrow disorder
127041004	414027002	Sickle cell-beta-thalassemia
127042006	414027002	Sickle cell beta plus thalassemia
127043001	414027002	Sickle cell-beta^0^-thalassemia
127044007	414027002	Sickle cell-delta beta^0^-thalassemia
127045008	414027002	Sickle cell anemia with coexistent alpha-thalassemia
127066000	414027002	Familial polycythemia vera
127074004	414027002	Superficial lymphadenopathy
127075003	414027002	Deep lymphadenopathy
127076002	414027002	Occipital lymphadenopathy
127077006	414027002	Posterior auricular lymphadenopathy
127078001	414027002	Anterior auricular lymphadenopathy
127079009	414027002	Inferior auricular lymphadenopathy
127080007	414027002	Parotid lymphadenopathy
127081006	414027002	Facial lymphadenopathy
127082004	414027002	Submandibular lymphadenopathy
127083009	414027002	Submental lymphadenopathy
127084003	414027002	Mandibular lymphadenopathy
127085002	414027002	Submaxillary lymphadenopathy
127086001	414027002	Cervical lymphadenopathy
127087005	414027002	Lateral cervical lymphadenopathy
127088000	414027002	Supraclavicular lymphadenopathy
127089008	414027002	Jugular lymphadenopathy
127090004	414027002	Anterior cervical lymphadenopathy
127091000	414027002	Retropharyngeal lymphadenopathy
127092007	414027002	Prelaryngeal lymphadenopathy
127093002	414027002	Delphian lymphadenopathy
127094008	414027002	Pretracheal lymphadenopathy
127095009	414027002	Infraclavicular lymphadenopathy
127096005	414027002	Scalene lymphadenopathy
127097001	414027002	Thoracic lymphadenopathy
127098006	414027002	Prevertebral lymphadenopathy
127099003	414027002	Prepericardial lymphadenopathy
127100006	414027002	Lateral pericardial lymphadenopathy
127101005	414027002	Pulmonary lymphadenopathy
127103008	414027002	Tracheobronchial lymphadenopathy
127104002	414027002	Superior tracheobronchial lymphadenopathy
127105001	414027002	Inferior tracheobronchial lymphadenopathy
127106000	414027002	Tracheal lymphadenopathy
127107009	414027002	Parasternal lymphadenopathy
127109007	414027002	Anterior mediastinal lymphadenopathy
127110002	414027002	Posterior mediastinal lymphadenopathy
127111003	414027002	Esophageal lymphadenopathy
127112005	414027002	Intercostal lymphadenopathy
127113000	414027002	Diaphragmatic lymphadenopathy
127114006	414027002	Innominate lymphadenopathy
127116008	414027002	Gut-associated lymphadenopathy
127117004	414027002	Celiac lymphadenopathy
127118009	414027002	Superior mesenteric lymphadenopathy
127119001	414027002	Juxtaintestinal lymphadenopathy
127120007	414027002	Hepatic lymphadenopathy
127121006	414027002	Cystic lymphadenopathy
127122004	414027002	Lymphadenopathy of epiploic foramen
127123009	414027002	Left gastric lymphadenopathy
127124003	414027002	Lymphadenopathy of lesser curvature of stomach
127125002	414027002	Lymphadenopathy of greater curvature of stomach
127126001	414027002	Lymphadenopathy of lymph node ring of cardia of stomach
127127005	414027002	Gastro-omental lymphadenopathy
127128000	414027002	Pyloric lymphadenopathy
127129008	414027002	Suprapyloric lymphadenopathy
127130003	414027002	Subpyloric lymphadenopathy
127131004	414027002	Retropyloric lymphadenopathy
127132006	414027002	Pancreaticosplenic lymphadenopathy
127133001	414027002	Splenic lymphadenopathy
127134007	414027002	Pancreatic lymphadenopathy
127135008	414027002	Pancreaticoduodenal lymphadenopathy
127136009	414027002	Inferior pancreaticoduodenal lymphadenopathy
127137000	414027002	Superior pancreaticoduodenal lymphadenopathy
127138005	414027002	Inferior pancreatic lymphadenopathy
127139002	414027002	Superior pancreatic lymphadenopathy
127140000	414027002	Aortic lymphadenopathy
127141001	414027002	Renal hilar lymphadenopathy
127142008	414027002	Lumbar lymphadenopathy
127143003	414027002	Intestinal lymphadenopathy
127144009	414027002	Mesenteric lymphadenopathy
127145005	414027002	Inferior mesenteric lymphadenopathy
127146006	414027002	Sigmoid lymphadenopathy
127147002	414027002	Superior rectal lymphadenopathy
127148007	414027002	Ileocolic lymphadenopathy
127149004	414027002	Right colic lymphadenopathy
127150004	414027002	Midcolic lymphadenopathy
127151000	414027002	Left colic lymphadenopathy
127152007	414027002	Colic lymphadenopathy
127153002	414027002	Common duct lymphadenopathy
127154008	414027002	Retroperitoneal lymphadenopathy
127155009	414027002	Prececal lymphadenopathy
127156005	414027002	Retrocecal lymphadenopathy
127157001	414027002	Appendicular lymphadenopathy
127158006	414027002	Pelvic lymphadenopathy
127160008	414027002	Medial common iliac lymphadenopathy
127161007	414027002	Intermediate common iliac lymphadenopathy
127162000	414027002	Lateral common iliac lymphadenopathy
127163005	414027002	Subaortic common iliac lymphadenopathy
127164004	414027002	Promontory lymphadenopathy
127166002	414027002	External iliac lymphadenopathy
127167006	414027002	Medial external iliac lymphadenopathy
127168001	414027002	Intermediate external iliac lymphadenopathy
127169009	414027002	Lateral external iliac lymphadenopathy
127170005	414027002	Medial lacunar lymphadenopathy
127171009	414027002	Interiliac lymphadenopathy
127172002	414027002	Obturator lymphadenopathy
127173007	414027002	Hypogastric lymphadenopathy
127174001	414027002	Gluteal lymphadenopathy
127175000	414027002	Inferior gluteal lymphadenopathy
127176004	414027002	Superior gluteal lymphadenopathy
127177008	414027002	Sacral lymphadenopathy
127178003	414027002	Parametrial lymphadenopathy
127179006	414027002	Epigastric lymphadenopathy
127180009	414027002	Presymphysial lymphadenopathy
127181008	414027002	Uterine paracervical lymphadenopathy
127182001	414027002	Paravesicular lymphadenopathy
127183006	414027002	Prevesicular lymphadenopathy
127184000	414027002	Postvesicular lymphadenopathy
127185004	414027002	Lateral vesicular lymphadenopathy
127186003	414027002	Paravaginal lymphadenopathy
127187007	414027002	Pararectal lymphadenopathy
127188002	414027002	Upper extremity lymphadenopathy
127189005	414027002	Axillary lymphadenopathy
127190001	414027002	Lateral axillary lymphadenopathy
127191002	414027002	Central axillary lymphadenopathy
127192009	414027002	Apical axillary lymphadenopathy
127193004	414027002	Pectoral axillary lymphadenopathy
127194005	414027002	Subscapular axillary lymphadenopathy
127195006	414027002	Paramammary lymphadenopathy
127196007	414027002	Cubital lymphadenopathy
127197003	414027002	Epitrochlear lymphadenopathy
127198008	414027002	Lower extremity lymphadenopathy
127199000	414027002	Inguinal lymphadenopathy
127200002	414027002	Deep inguinal lymphadenopathy
127202005	414027002	Superficial inguinal lymphadenopathy
127203000	414027002	Superior medial inguinal lymphadenopathy
127204006	414027002	Superior lateral inguinal lymphadenopathy
127205007	414027002	Inferior inguinal lymphadenopathy
127206008	414027002	Popliteal lymphadenopathy
127207004	414027002	Deep popliteal lymphadenopathy
127208009	414027002	Superficial popliteal lymphadenopathy
127209001	414027002	Tibial lymphadenopathy
127210006	414027002	Posterior tibial lymphadenopathy
127211005	414027002	Anterior tibial lymphadenopathy
127212003	414027002	Fibular lymphadenopathy
127213008	414027002	Angiofollicular lymph node hyperplasia, hyaline-vascular type
127214002	414027002	Angiofollicular lymph node hyperplasia, plasma cell type
127215001	414027002	Progressively transformed germinal centers
127217009	414027002	Histiocytic necrotizing lymphadenitis
127218004	414027002	Reactive follicular hyperplasia in the elderly
127220001	414027002	Malignant lymphoma of lymph nodes
127225006	414027002	Chronic myelomonocytic leukemia
127226007	414027002	Neoplasm of Waldeyer's ring
127227003	414027002	Neoplasm of tonsil
127228008	414027002	Neoplasm of adenoid
127229000	414027002	Neoplasm of lingual tonsil
127230005	414027002	Neoplasm of spleen
127231009	414027002	Neoplasm of thymus
127232002	414027002	Neoplasm of lymph node
127233007	414027002	Neoplasm of lymph node of head
127234001	414027002	Neoplasm of lymph node of face
127235000	414027002	Neoplasm of lymph node of neck
127236004	414027002	Neoplasm of occipital lymph nodes
127237008	414027002	Neoplasm of parotid lymph nodes
127238003	414027002	Neoplasm of preauricular lymph nodes
127239006	414027002	Neoplasm of submandibular lymph nodes
127240008	414027002	Neoplasm of submental lymph nodes
127241007	414027002	Neoplasm of supraclavicular lymph nodes
127242000	414027002	Neoplasm of retropharyngeal lymph nodes
127243005	414027002	Neoplasm of infraclavicular lymph nodes
127244004	414027002	Neoplasm of scalene lymph nodes
127245003	414027002	Neoplasm of intrathoracic lymph nodes
127246002	414027002	Neoplasm of bronchopulmonary lymph nodes
127247006	414027002	Neoplasm of tracheobronchial lymph nodes
127248001	414027002	Neoplasm of mediastinal lymph nodes
127249009	414027002	Neoplasm of intercostal lymph nodes
127250009	414027002	Neoplasm of intra-abdominal lymph nodes
127251008	414027002	Neoplasm of intestinal lymph nodes
127252001	414027002	Neoplasm of mesenteric lymph nodes
127253006	414027002	Neoplasm of retroperitoneal lymph nodes
127254000	414027002	Neoplasm of lymph nodes of upper limb
127255004	414027002	Neoplasm of axillary lymph nodes
127256003	414027002	Neoplasm of lateral axillary lymph nodes
127257007	414027002	Neoplasm of pectoral axillary lymph nodes
127258002	414027002	Neoplasm of paramammary lymph nodes
127259005	414027002	Neoplasm of cubital lymph nodes
127260000	414027002	Neoplasm of epitrochlear lymph nodes
127261001	414027002	Neoplasm of lymph node of lower limb
127262008	414027002	Neoplasm of inguinal lymph nodes
127263003	414027002	Neoplasm of superficial inguinal lymph nodes
127264009	414027002	Neoplasm of femoral lymph nodes
127265005	414027002	Neoplasm of popliteal lymph nodes
127266006	414027002	Neoplasm of tibial lymph nodes
127267002	414027002	Neoplasm of intrapelvic lymph node
127268007	414027002	Neoplasm of iliac lymph nodes
127269004	414027002	Neoplasm of obturator lymph nodes
127270003	414027002	Neoplasm of hypogastric lymph nodes
127271004	414027002	Neoplasm of parametrial lymph nodes
127272006	414027002	Neoplasm of paravaginal lymph nodes
127273001	414027002	Neoplasm of pararectal lymph nodes
127274007	414027002	Neoplasm of lymph nodes of multiple sites
128235003	414027002	Disorder of intra-abdominal lymph nodes
128862000	414027002	Cutaneous pseudolymphoma
128864004	414027002	Cutaneous T-cell pseudolymphoma
128865003	414027002	Cutaneous B-cell pseudolymphoma
128873007	414027002	Post-scabetic nodules
129638002	414027002	Hemolytic anemia caused by hyperbaric oxygen
129640007	414027002	Benign granulocytopenia in childhood
129641006	414027002	Chronic benign neutropenia of childhood
129642004	414027002	Chronic idiopathic immunoneutropenia in adult
129643009	414027002	Chronic hypoplastic neutropenia
129654004	414027002	Acquired PF-3 disease
181225007	414027002	Bilateral hilar adenopathy syndrome
186259007	414027002	Scrofulous tuberculous abscess
186326007	414027002	Pasteurella mesenteric adenitis
186792002	414027002	Plasmodium vivax malaria with rupture of spleen
187084006	414027002	Tonsillar aspergillosis
187694000	414027002	Malignant neoplasm of adenoid
187716008	414027002	Malignant neoplasm of pharyngeal lymphoid ring
187821001	414027002	Angiosarcoma of spleen
187822008	414027002	Fibrosarcoma of spleen
188489006	414027002	Reticulosarcoma of lymph nodes of head, face and neck
188492005	414027002	Reticulosarcoma of lymph nodes of axilla and upper limb
188493000	414027002	Reticulosarcoma of lymph nodes of inguinal region and lower limb
188500005	414027002	Lymphosarcoma of lymph nodes of head, face and neck
188501009	414027002	Lymphosarcoma of intrathoracic lymph nodes
188502002	414027002	Lymphosarcoma of intra-abdominal lymph nodes
188503007	414027002	Lymphosarcoma of lymph nodes of axilla and upper limb
188504001	414027002	Lymphosarcoma of lymph nodes of inguinal region and lower limb
188505000	414027002	Lymphosarcoma of intrapelvic lymph nodes
188506004	414027002	Lymphosarcoma of spleen
188507008	414027002	Lymphosarcoma of lymph nodes of multiple sites
188511002	414027002	Burkitt's lymphoma of intrathoracic lymph nodes
188512009	414027002	Burkitt's lymphoma of intra-abdominal lymph nodes
188515006	414027002	Burkitt's lymphoma of intrapelvic lymph nodes
188516007	414027002	Burkitt's lymphoma of spleen
188517003	414027002	Burkitt's lymphoma of lymph nodes of multiple sites
188524002	414027002	Hodgkin's paragranuloma of intrathoracic lymph nodes
188529007	414027002	Hodgkin's paragranuloma of intrapelvic lymph nodes
188531003	414027002	Hodgkin's paragranuloma of lymph nodes of multiple sites
188536008	414027002	Hodgkin's granuloma of intra-abdominal lymph nodes
188541000	414027002	Hodgkin's granuloma of lymph nodes of multiple sites
188551004	414027002	Hodgkin's sarcoma of lymph nodes of multiple sites
188562004	414027002	Hodgkin's disease, lymphocytic-histiocytic predominance of lymph nodes of multiple sites
188566001	414027002	Hodgkin's disease, nodular sclerosis of intrathoracic lymph nodes
188567005	414027002	Hodgkin's disease, nodular sclerosis of intra-abdominal lymph nodes
188570009	414027002	Hodgkin's disease, nodular sclerosis of intrapelvic lymph nodes
188572001	414027002	Hodgkin's disease, nodular sclerosis of lymph nodes of multiple sites
188576003	414027002	Hodgkin's disease, mixed cellularity of intrathoracic lymph nodes
188577007	414027002	Hodgkin's disease, mixed cellularity of intra-abdominal lymph nodes
188580008	414027002	Hodgkin's disease, mixed cellularity of intrapelvic lymph nodes
188582000	414027002	Hodgkin's disease, mixed cellularity of lymph nodes of multiple sites
188586002	414027002	Hodgkin's disease, lymphocytic depletion of intrathoracic lymph nodes
188587006	414027002	Hodgkin's disease, lymphocytic depletion of intra-abdominal lymph nodes
188591001	414027002	Hodgkin's disease, lymphocytic depletion of intrapelvic lymph nodes
188592008	414027002	Hodgkin's disease, lymphocytic depletion of spleen
188593003	414027002	Hodgkin's disease, lymphocytic depletion of lymph nodes of multiple sites
188609000	414027002	Nodular lymphoma of lymph nodes of head, face and neck
188612002	414027002	Nodular lymphoma of lymph nodes of axilla and upper limb
188613007	414027002	Nodular lymphoma of lymph nodes of inguinal region and lower limb
188627002	414027002	Mycosis fungoides of lymph nodes of multiple sites
188631008	414027002	Sézary's disease of intrathoracic lymph nodes
188632001	414027002	Sézary's disease of intra-abdominal lymph nodes
188633006	414027002	Sezary's disease of lymph nodes of axilla and upper limb
188634000	414027002	Sézary's disease of lymph nodes of inguinal region and lower limb
188635004	414027002	Sézary's disease of intrapelvic lymph nodes
188637007	414027002	Sézary's disease of lymph nodes of multiple sites
188641006	414027002	Malignant histiocytosis of lymph nodes of axilla and upper limb
188645002	414027002	Leukemic reticuloendotheliosis of lymph nodes of head, face and neck
188648000	414027002	Leukemic reticuloendotheliosis of lymph nodes of axilla and upper limb
188649008	414027002	Leukemic reticuloendotheliosis of lymph nodes of inguinal region and lower limb
188662007	414027002	Mast cell malignancy of lymph nodes of head and neck
188668006	414027002	Malignant mast cell sarcoma of spleen
188669003	414027002	Mast cell malignancy of lymph nodes of multiple sites
188725004	414027002	Lymphoid leukemia
188726003	414027002	Subacute lymphoid leukemia
188728002	414027002	Aleukemic lymphoid leukemia
188732008	414027002	Myeloid leukemia
188733003	414027002	Chronic eosinophilic leukemia
188734009	414027002	Chronic neutrophilic leukemia
188737002	414027002	Chloroma
188744006	414027002	Monocytic leukemia
188754005	414027002	Megakaryocytic leukemia
188768003	414027002	Myelomonocytic leukemia
188770007	414027002	Subacute myelomonocytic leukemia
190030009	414027002	Compound leukemias
190959006	414027002	Hemophagocytic lymphohistiocytosis due to infection
190995003	414027002	Thymic aplasia or dysplasia with immunodeficiency
191244003	414027002	Aplastic anemia due to chronic disease
191246001	414027002	Aplastic anemia due to infection
191247005	414027002	Aplastic anemia due to radiation
191248000	414027002	Aplastic anemia caused by toxic cause
191251007	414027002	Transient hypoplastic anemia
191255003	414027002	Transient acquired pure red cell aplasia
191256002	414027002	Idiopathic aplastic anemia
191373003	414027002	Polycythemia due to cyanotic respiratory disease
191377002	414027002	Chronic mesenteric lymphadenitis
191382009	414027002	Chronic congestive splenomegaly
191384005	414027002	Wandering spleen
191394000	414027002	Calcified lymph nodes
195498006	414027002	Lymph node fistula
195500007	414027002	Lymph node infarction
195502004	414027002	Lymph node rupture
195666007	414027002	Acute erythematous tonsillitis
195667003	414027002	Acute follicular tonsillitis
195668008	414027002	Acute ulcerative tonsillitis
195669000	414027002	Acute catarrhal tonsillitis
195670004	414027002	Acute gangrenous tonsillitis
195671000	414027002	Acute bacterial tonsillitis
195672007	414027002	Acute pneumococcal tonsillitis
195673002	414027002	Acute staphylococcal tonsillitis
195676005	414027002	Acute viral tonsillitis
195677001	414027002	Recurrent acute tonsillitis
195797002	414027002	Adenoid vegetations
195798007	414027002	Chronic adenotonsillitis
195803003	414027002	Caseous tonsillitis
195804009	414027002	Lingular tonsillitis
200697006	414027002	Acute lymphadenitis of trunk
200698001	414027002	Acute lymphadenitis of upper limb
200699009	414027002	Acute lymphadenitis of lower limb
200700005	414027002	Acute lymphadenitis of face, head and neck
203153007	414027002	Acute osteomyelitis of lower leg
203157008	414027002	Acute osteomyelitis of cervical spine
203158003	414027002	Acute osteomyelitis of thoracic spine
203159006	414027002	Acute osteomyelitis of lumbar spine
203160001	414027002	Acute osteomyelitis of sacrum
203161002	414027002	Acute osteomyelitis of coccyx
203162009	414027002	Acute osteomyelitis of clavicle
203163004	414027002	Acute osteomyelitis of scapula
203164005	414027002	Acute osteomyelitis of humerus
203165006	414027002	Acute osteomyelitis of radius
203166007	414027002	Acute osteomyelitis of ulna
203167003	414027002	Acute osteomyelitis of carpal bone
203168008	414027002	Acute osteomyelitis of metacarpal
203169000	414027002	Acute osteomyelitis of phalanx of hand
203170004	414027002	Acute osteomyelitis of femur
203171000	414027002	Acute osteomyelitis of patella
203172007	414027002	Acute osteomyelitis of tibia
203173002	414027002	Acute osteomyelitis of fibula
203174008	414027002	Acute osteomyelitis of calcaneum
203175009	414027002	Acute osteomyelitis of talus
203177001	414027002	Acute osteomyelitis of metatarsal
203178006	414027002	Acute osteomyelitis of phalanx of toe
203179003	414027002	Acute hematogenous osteomyelitis
203184009	414027002	Chronic osteomyelitis of shoulder
203185005	414027002	Chronic osteomyelitis of upper arm
203186006	414027002	Chronic osteomyelitis of forearm
203189004	414027002	Chronic osteomyelitis of lower leg
203193005	414027002	Chronic osteomyelitis of cervical spine
203194004	414027002	Chronic osteomyelitis of thoracic spine
203195003	414027002	Chronic osteomyelitis of lumbar spine
203196002	414027002	Chronic osteomyelitis of sacrum
203197006	414027002	Chronic osteomyelitis of coccyx
203198001	414027002	Brodie's abscess of cervical spine
203199009	414027002	Brodie's abscess of thoracic spine
203200007	414027002	Brodie's abscess of lumbar spine
203201006	414027002	Brodie's abscess of sacrum
203202004	414027002	Brodie's abscess of coccyx
203221007	414027002	Osteomyelitis of coccyx
203222000	414027002	Osteomyelitis of clavicle
203241002	414027002	Osteomyelitis of vertebra
203296008	414027002	Subacute osteomyelitis of cervical spine
203297004	414027002	Subacute osteomyelitis of thoracic spine
203298009	414027002	Subacute osteomyelitis of lumbar spine
203299001	414027002	Subacute osteomyelitis of sacrum
203300009	414027002	Subacute osteomyelitis of coccyx
205735005	414027002	Hypoplasia of spleen
205736006	414027002	Mis-shapen spleen
207036003	414027002	Castleman disease
210089008	414027002	Closed injury of thymus
210095009	414027002	Open injury of thymus
210180009	414027002	Closed injury of spleen
210188002	414027002	Open injury of spleen
210190001	414027002	Spleen injury with hematoma without rupture of capsule, with open wound into cavity
232371001	414027002	Hemorrhage from adenoid bed
232417005	414027002	Vincent's tonsillitis
232418000	414027002	Acute infection of tonsillar remnant
232419008	414027002	Enlargement of tonsil or adenoid
232420002	414027002	Chronic adenoiditis
232422005	414027002	Cryptic tonsil
232423000	414027002	Tonsillar retention cyst
232424006	414027002	Foreign body in tonsil
232425007	414027002	Tonsillar hemorrhage
233743002	414027002	Mediastinal lymph node sarcoidosis
233744008	414027002	Hilar lymph node sarcoidosis
234088000	414027002	Hyperplastic lymph node
234089008	414027002	Hypoplastic lymph node
234090004	414027002	Tuberculous mesenteric adenitis
234091000	414027002	Atypical mycobacterial lymphadenitis
234092007	414027002	Chronic bancroftian lymphadenitis
234093002	414027002	Chronic Malayan filarial lymphadenitis
234094008	414027002	Chronic Timorian filarial lymphadenitis
234375006	414027002	Transient erythroblastopenia of childhood
234376007	414027002	Acquired red cell aplasia
234391009	414027002	Sickle cell anemia with high hemoglobin F
234437005	414027002	Hemophagocytic lymphohistiocytosis
234501002	414027002	Epidermoid cyst of spleen
234503004	414027002	Hydatid cyst of spleen
234504005	414027002	Polycystic spleen
234505006	414027002	Splenic pseudocyst
234506007	414027002	Rupture of spleen
234507003	414027002	Subcapsular hematoma of spleen
234508008	414027002	Delayed rupture of spleen
234509000	414027002	Torsion of spleen
234510005	414027002	Amyloidosis of spleen
234519006	414027002	Bone marrow transplant rejection
234520000	414027002	Bone marrow transplant failure
234522008	414027002	Disease relapse in transplant marrow
236854007	414027002	Septic splenitis
237656000	414027002	Acute splenic tumor
238405002	414027002	Acute cervical adenitis
238676008	414027002	Lofgrens syndrome
240142002	414027002	Acute osteomyelitis of foot
240143007	414027002	Acute osteomyelitis of ankle
240147008	414027002	Chronic osteomyelitis of foot
240148003	414027002	Chronic osteomyelitis of ankle
240149006	414027002	Chronic osteomyelitis of femur
240150006	414027002	Chronic osteomyelitis of pelvis
240152003	414027002	Chronic osteomyelitis with draining sinus
240414006	414027002	Cervical atypical mycobacterial lymphadenitis
240444009	414027002	Fusobacterial necrotizing tonsillitis
240486003	414027002	Parvoviral aplastic crisis
240630008	414027002	Hyperreactive malarial splenomegaly syndrome
240789006	414027002	Hepatosplenic schistosomiasis
240793000	414027002	Schistosomal splenomegaly
240794006	414027002	Splenic schistosomal giant cell lymphoma
241954008	414027002	Idiopathic anaphylaxis
248488001	414027002	Ulceration of lymph node
249423002	414027002	Bleeding from tonsillar bed
254423005	414027002	Carcinoma of lingual tonsil
262779007	414027002	Hematoma of thymus
262780005	414027002	Laceration of thymus
262818004	414027002	Splenic hematoma
262819007	414027002	Intraparenchymal hematoma of spleen
262820001	414027002	Contusion of spleen
262821002	414027002	Avulsion of spleen
262822009	414027002	Laceration of spleen
262823004	414027002	Capsular tear of spleen
262824005	414027002	Transection of spleen
264508001	414027002	Bilateral hilar adenopathy
264564001	414027002	Red pulp hamartoma
266343004	414027002	Tonsil and/or adenoid hypertrophy
267524009	414027002	Constitutional aplastic anemia with malformation
267527002	414027002	Aplastic anemia due to drugs
267548000	414027002	Nonspecific mesenteric adenitis
268017000	414027002	Acute osteomyelitis of ankle and/or foot
268019002	414027002	Chronic osteomyelitis of ankle and/or foot
268826001	414027002	Spleen rupture due to birth trauma
271981000	414027002	Tonsillar debris
274085008	414027002	Tonsil carcinoma
274740001	414027002	Enlarged submandibular lymph gland
274741002	414027002	Generalized enlarged lymph nodes
274744005	414027002	Localized enlarged lymph nodes
275364007	414027002	Spleen injury due to birth trauma
275392002	414027002	Fungating tumor of lymph node
275486007	414027002	Chronic disease of tonsil
275487003	414027002	Chronic adenoid disease
275525005	414027002	Acute abscess lymph node
277474005	414027002	B-cell chronic lymphocytic leukemia variant
277549009	414027002	Chronic lymphocytic prolymphocytic leukemia syndrome
277550009	414027002	Richter's syndrome
277551008	414027002	Splenic lymphoma with villous lymphocytes
277567002	414027002	T-cell prolymphocytic leukemia
277568007	414027002	Hairy cell leukemia variant
277569004	414027002	Large granular lymphocytic leukemia
277570003	414027002	Lymphoma with spill
277571004	414027002	B-cell acute lymphoblastic leukemia
277572006	414027002	Precursor B-cell acute lymphoblastic leukemia
277573001	414027002	Common acute lymphoblastic leukemia
277574007	414027002	Null cell acute lymphoblastic leukemia
277575008	414027002	T-lymphoblastic leukemia
277587001	414027002	Juvenile chronic myeloid leukemia
277589003	414027002	Myelodysplastic/myeloproliferative neoplasm with neutrophilia
277597005	414027002	Myelodysplastic syndrome with isolated del(5q)
277602003	414027002	Acute megakaryoblastic leukemia
277604002	414027002	Malignant myeloid/lymphoid neoplasm
277619001	414027002	B-cell prolymphocytic leukemia
278189009	414027002	Hypergranular promyelocytic leukemia
278453007	414027002	Acute biphenotypic leukemia
283981003	414027002	Crushing injury of spleen
283998003	414027002	Lymph node injury
285769009	414027002	Acute promyelocytic leukemia - hypogranular variant
287050006	414027002	Acute osteomyelitis of elbow
287052003	414027002	Acute osteomyelitis of hip
287053008	414027002	Chronic osteomyelitis of elbow
287055001	414027002	Chronic osteomyelitis of hip
287056000	414027002	Chronic osteomyelitis of knee
288242005	414027002	Acute osteomyelitis of knee
300929003	414027002	Tonsillar adenitis
301771001	414027002	Cervical lymph node abscess
302061009	414027002	Brachial lymphadenopathy
302089007	414027002	Ulceration of cervical lymph node
302090003	414027002	Ulceration of axillary lymph node
302091004	414027002	Ulceration of inguinal lymph node
302092006	414027002	Ulceration of epitrochlear lymph node
302093001	414027002	Ulceration of popliteal lymph node
302855005	414027002	Subacute leukemia
302856006	414027002	Aleukemic leukemia
302911003	414027002	Acute lingual tonsillitis
303194003	414027002	Metastasis to head and neck lymph node
303201005	414027002	Metastatic malignant neoplasm to multiple lymph nodes
303266002	414027002	Aplastic bone marrow
304132006	414027002	Hematopoietic aplasia
306058006	414027002	Aplastic anemia
307340003	414027002	Monosomy 7 syndrome
307341004	414027002	Atypical hairy cell leukemia
307592006	414027002	Basophilic leukemia
307617006	414027002	Neutrophilic leukemia
307650006	414027002	Histiocytic medullary reticulosis
307651005	414027002	Primary myelofibrosis
307762000	414027002	Bone marrow depression
309734000	414027002	Cyst of tonsil
314213003	414027002	Brodie's abscess of tibia
314214009	414027002	Chronic osteomyelitis of tibia
331460002	414027002	Signal node
332457007	414027002	Virchow's node
359631009	414027002	Acute myeloid leukemia, minimal differentiation, FAB M0
359640008	414027002	Acute myeloid leukemia without maturation, FAB M1
359648001	414027002	Acute myeloid leukemia with maturation, FAB M2
359780007	414027002	Metastatic malignant neoplasm to lateral axillary lymph nodes
361201009	414027002	Persistent hyperplasia of thymus
361202002	414027002	Hypertrophy of thymus
363377003	414027002	Malignant neoplasm of lingual tonsil
363393007	414027002	Malignant neoplasm of tonsil
363434003	414027002	Malignant neoplasm of thymus gland
363499005	414027002	Malignant neoplasm of spleen
371012000	414027002	Acute lymphoblastic leukemia, transitional pre-B-cell
371551001	414027002	Osteomyelitis of upper limb
372020000	414027002	Primary malignant neoplasm of tonsil
373422007	414027002	Diarrhea-negative hemolytic uremic syndrome
397007003	414027002	Mast cell disorder
397008008	414027002	Aggressive lymphadenopathic mastocytosis with eosinophilia
397011009	414027002	Mast cell malignancy of lymph nodes
397012002	414027002	Cutaneous mastocytosis
397013007	414027002	Solitary cutaneous mastocytoma
397014001	414027002	Diffuse erythrodermic mastocytosis
397015000	414027002	Systemic mastocytosis with associated clonal hematological non-mast cell lineage disease
398250003	414027002	Familial hemophagocytic lymphohistiocytosis
398623004	414027002	Myelodysplastic syndrome with excess blasts
399894006	414027002	Kimura's disease
399945005	414027002	Castleman's superficial pseudotumor, involving skin
400131007	414027002	Epithelioid hemangioma of skin
400146000	414027002	Splenic hamartoma
402748000	414027002	Pseudolymphomatous eruption caused by drug
403622009	414027002	B-cell pseudolymphoma caused by drug
403623004	414027002	T-cell pseudolymphoma caused by drug
404101009	414027002	Solitary T-cell pseudolymphoma
404136008	414027002	Aggressive NK-cell leukemia involving skin
404139001	414027002	Leukemic infiltration of skin in hairy-cell leukemia
404151004	414027002	Leukemic infiltration of skin in myeloid leukemia
404152006	414027002	Leukemic infiltration of skin in acute myeloid leukemia
404153001	414027002	Leukemic infiltration of skin in chronic myeloid leukemia
404154007	414027002	Leukemic infiltration of skin in monocytic leukemia
404169008	414027002	Malignant histiocytosis involving skin
404170009	414027002	Bullous cutaneous mastocytosis
404172001	414027002	Mast cell leukemia affecting skin
404173006	414027002	Familial mastocytosis
405544006	414027002	Drug-induced hypoplasia of bone marrow
409557008	414027002	Q fever osteomyelitis
409648008	414027002	Hemorrhagic thoracic lymphadenitis
409780002	414027002	Acute osteomyelitis
413389003	414027002	Accelerated phase chronic myeloid leukemia
413441006	414027002	Acute monocytic leukemia
413565006	414027002	Aplastic anemia associated with metabolic alteration
413566007	414027002	Aplastic anemia associated with pancreatitis
413567003	414027002	Aplastic anemia associated with pregnancy
413656006	414027002	Blastic phase chronic myeloid leukemia
413842007	414027002	Chronic myeloid leukemia in lymphoid blast crisis
413843002	414027002	Chronic myeloid leukemia in myeloid blast crisis
413847001	414027002	Chronic phase chronic myeloid leukemia
414028007	414027002	Disorder of hematopoietic system in newborn
414823004	414027002	Neoplasm affecting hematopoietic structure
414824005	414027002	Neoplasm of bone marrow
415283002	414027002	Myelodysplastic syndrome with excess blasts-1
415284008	414027002	Myelodysplastic syndrome with excess blasts-2
415287001	414027002	Relapsing chronic myeloid leukemia
415724006	414027002	Tonsillitis caused by Gram negative bacteria
416826005	414027002	Sickle cell-thalassemia disease with crisis
417048006	414027002	Sickle cell-thalassemia disease without crisis
418040002	414027002	Littoral cell angioma
418103007	414027002	Hypertrophy of lingual tonsil
418973007	414027002	Disorder of lingual tonsil
420384005	414027002	Hematopoietic system disease with AIDS (acquired immunodeficiency syndrome)
421102007	414027002	Aplastic anemia with AIDS (acquired immunodeficiency syndrome)
424327005	414027002	Tonsillar actinomycosis
425061006	414027002	Lymphadenopathy of head AND/OR neck
425333006	414027002	Myeloproliferative disorder
425688002	414027002	Philadelphia chromosome-positive acute lymphoblastic leukemia
425869007	414027002	Acute promyelocytic leukemia, FAB M3, in remission
425941003	414027002	Precursor B-cell acute lymphoblastic leukemia in remission
426121003	414027002	Granulomatous lymphadenitis
426124006	414027002	Acute myeloid leukemia with maturation, FAB M2, in remission
426217000	414027002	Aleukemic leukemia in remission
426248008	414027002	Aleukemic lymphoid leukemia in remission
426370008	414027002	Subacute lymphoid leukemia in remission
426642002	414027002	Erythroleukemia, FAB M6 in remission
426874006	414027002	Adenolymphangitis
426885008	414027002	Hodgkin's disease, lymphocytic depletion of lymph nodes of head
427056005	414027002	Subacute leukemia in remission
427642009	414027002	T-lymphoblastic leukemia in remission
427658007	414027002	Acute myelomonocytic leukemia, FAB M4, in remission
428103008	414027002	Disorder of transplanted bone marrow
428783003	414027002	Osteomyelitis caused by Staphylococcus aureus
430338009	414027002	Smoldering chronic lymphocytic leukemia
430478003	414027002	Macrophage activation syndrome
431456004	414027002	Accelerated rejection of bone marrow transplant
431862001	414027002	Acute rejection of bone marrow transplant
431953002	414027002	Chronic rejection of bone marrow transplant
432782005	414027002	Hyperacute rejection of bone marrow transplant
440525003	414027002	Primary small cell neuroendocrine carcinoma of thymus
441559006	414027002	Mantle cell lymphoma of spleen
441962003	414027002	Large cell lymphoma of intrapelvic lymph nodes
442360003	414027002	Calcification of spleen
443230004	414027002	Myeloid metaplasia
443495005	414027002	Neoplasm of lymphoid system structure
444108000	414027002	Acute sickle cell splenic sequestration crisis
444374006	414027002	Type C thymoma
444596001	414027002	Malignant thymoma
444760002	414027002	Acute osteomyelitis of vertebra
444911000	414027002	Acute myeloid leukemia with t(9:11)(p22;q23); MLLT3-MLL
445063003	414027002	Chronic osteomyelitis of vertebra
445130008	414027002	Acute infective adenoiditis
445227008	414027002	Juvenile myelomonocytic leukemia
445408000	414027002	Osteomyelitis of tibia
445448008	414027002	Acute myeloid leukemia with myelodysplasia-related changes
445554007	414027002	Congenital asymmetry of tonsils
445738007	414027002	Myelodysplastic/myeloproliferative disease
446019002	414027002	Laceration of parenchyma of spleen
446121009	414027002	Traction injury of spleen
446292002	414027002	Necrotizing lymphadenitis
447596005	414027002	Myelodysplastic/myeloproliferative neoplasm, unclassifiable
448602005	414027002	Spleen in right sided position
449058008	414027002	Follicular non-Hodgkin's lymphoma of tonsil
449173006	414027002	Diffuse non-Hodgkin's lymphoma of tonsil
449292003	414027002	Non-Hodgkin's lymphoma of tonsil
450878002	414027002	Mass of palatine tonsil
699293000	414027002	Ischemic myelofibrosis
699818003	414027002	T-cell large granular lymphocytic leukemia
700057001	414027002	Emberger syndrome
700076004	414027002	Osteomyelitis of ankle
700439005	414027002	Osteomyelitis of midfoot
700440007	414027002	Osteomyelitis of hindfoot
702444009	414027002	Autoimmune lymphoproliferative syndrome
702446006	414027002	Core binding factor acute myeloid leukemia
702476004	414027002	Therapy-related myelodysplastic syndrome
702623002	414027002	Aplasia of thymus
702624008	414027002	Aplasia of spleen
703387000	414027002	Cytogenetically normal acute myeloid leukemia
703468005	414027002	Bacterial tonsillitis
704281009	414027002	Head and neck lymphadenopathy
705059000	414027002	Osteomyelitis of forefoot
705061009	414027002	Childhood myelodysplastic syndrome
707147002	414027002	Asplenia
707149004	414027002	Mycobacterial lymphadenitis
708022000	414027002	Congenital pulmonary lymphatic dysplasia syndrome
708057002	414027002	Sclerosing osteomyelitis
709471005	414027002	Periodontitis co-occurrent with leukemia
709557000	414027002	Periodontitis co-occurrent with hematologic disorder
710231001	414027002	Chronic osteomyelitis of ankle and/or foot with draining sinus
711366008	414027002	Injury of spleen during surgery
711407000	414027002	Thrombocytopathy, asplenia and miosis
712861006	414027002	Osteomyelitis of sacrum
712867005	414027002	Chronic osteomyelitis of facial bone
713275003	414027002	Splenomegaly co-occurrent with human immunodeficiency virus infection
713444005	414027002	Hemophagocytic syndrome with human immunodeficiency virus infection
713508003	414027002	Aplastic anemia co-occurrent with human immunodeficiency virus infection
713910008	414027002	Antibody mediated acquired pure red cell aplasia caused by erythropoiesis stimulating agent
714251006	414027002	Philadelphia chromosome-negative precursor B-cell acute lymphoblastic leukemia
714460000	414027002	Castleman disease co-occurrent with infection caused by Human herpesvirus 8
714985003	414027002	Chronic osteomyelitis of carpal bone
716653001	414027002	Neuroendocrine carcinoma of thymus
717156002	414027002	Biliary atresia with splenic malformation syndrome
717231003	414027002	PFAPA syndrome
718373005	414027002	Cutaneous B-cell pseudolymphoma caused by Borrelia
719019000	414027002	WT limb blood syndrome
719376008	414027002	Chronic hematogenous osteomyelitis
721102001	414027002	Pasteurella multocida osteomyelitis
721239009	414027002	Infection of spleen
721298003	414027002	Minor laceration of spleen
721299006	414027002	Moderate laceration of spleen
721300003	414027002	Major laceration of spleen
721304007	414027002	Refractory thrombocytopenia
721306009	414027002	Therapy related acute myeloid leukemia and myelodysplastic syndrome
721307000	414027002	Transient abnormal myelopoiesis
721308005	414027002	Acute leukemia of ambiguous lineage
721310007	414027002	Aggressive natural killer-cell leukemia
721586007	414027002	Pharyngotonsillitis caused by Human herpes simplex virus
722453009	414027002	Hennekam Beemer syndrome
722530005	414027002	Primary squamous cell carcinoma of pharyngeal tonsil
722670005	414027002	Primary thymic carcinoma
722673007	414027002	Primary squamous cell carcinoma of lingual tonsil
722795004	414027002	Meningeal leukemia
722921008	414027002	Neonatal hemorrhage of spleen
723489005	414027002	Hematopoietic subsyndrome of acute radiation syndrome
723512008	414027002	Revesz syndrome
723555007	414027002	Thymic, renal, anal, lung dysplasia syndrome
723829000	414027002	Pulmonary fibrosis, hepatic hyperplasia, bone marrow hypoplasia syndrome
723889003	414027002	B lymphoblastic leukemia lymphoma with t(9:22) (q34;q11.2); BCR-ABL 1
724639003	414027002	Asplenia following surgical procedure
724643004	414027002	Transient abnormal myelopoiesis co-occurrent with Down syndrome
724644005	414027002	Myeloid leukemia associated with Down syndrome
725390002	414027002	Acute myeloid leukemia with t(8;16)(p11;p13) translocation
725437002	414027002	Chronic lymphocytic leukemia genetic mutation variant
726708009	414027002	Familial isolated congenital asplenia
726724005	414027002	Splenogonadal fusion, limb defect, micrognathia syndrome
733598001	414027002	Acute myeloid leukemia with t(6;9)(p23;q34) translocation
762315004	414027002	Therapy related acute myeloid leukemia due to and following administration of antineoplastic agent
763309005	414027002	Acute myeloid leukemia with NPM1 somatic mutation
763796007	414027002	Megakaryoblastic acute myeloid leukemia with t(1;22)(p13;q13)
764855007	414027002	Acute myeloid leukemia with CEBPA somatic mutations
764940002	414027002	Inherited acute myeloid leukemia
765748009	414027002	Adult pure red cell aplasia
766045006	414027002	Acute myeloid leukemia and myelodysplastic syndrome related to alkylating agent
766046007	414027002	Acute myeloid leukemia and myelodysplastic syndrome related to topoisomerase type 2 inhibitor
766048008	414027002	Acute myeloid leukemia and myelodysplastic syndrome related to radiation
771471002	414027002	Optic nerve edema, splenomegaly syndrome
771511005	414027002	Thrombocythemia with distal limb defect
773537001	414027002	Differentiation syndrome due to and following chemotherapy co-occurrent with acute promyelocytic leukemia
774071007	414027002	Pancytopenia with developmental delay syndrome
775909002	414027002	Congenital neutropenia, myelofibrosis, nephromegaly syndrome
778006008	414027002	Autosomal dominant aplasia and myelodysplasia
780817000	414027002	Undifferentiated myeloproliferative disease
780844005	414027002	Acute myeloid leukemia with inv(3)(q21q26.2) or t(3;3)(q21;q26.2); RPN1-EVI1
782915004	414027002	Acquired hemophagocytic lymphohistiocytosis associated with malignant disease
783255002	414027002	Hereditary isolated aplastic anemia
784307009	414027002	Benign thymoma
788874003	414027002	B-cell prolymphocytic leukemia in remission
788888004	414027002	Chronic axillary lymphadenitis
788889007	414027002	Chronic cervical lymphadenitis
788890003	414027002	Chronic inguinal lymphadenitis
788972003	414027002	Juvenile myelomonocytic leukemia in remission
789697006	414027002	Mast cell gastritis
816203001	414027002	Melanocytic nevus of lymph node
838340006	414027002	B lymphoblastic leukemia lymphoma with t(5;14)(q31;q32); IL3-IGH
838341005	414027002	B lymphoblastic leukemia lymphoma with t(v;11q23); MLL rearranged
838342003	414027002	B lymphoblastic leukemia lymphoma with t(12;21) (p13;q22); TEL/AML1 (ETV6-RUNX1)
838343008	414027002	B lymphoblastic leukemia lymphoma with t(1;19)(Q23;P13.3); E2A-PBX1 (TCF3/PBX1)
838344002	414027002	B lymphoblastic leukemia lymphoma with hypodiploidy
838346000	414027002	B lymphoblastic leukemia lymphoma with hyperdiploidy
838355002	414027002	Acute myeloid leukemia with CBFB::MYH11 fusion
846604005	414027002	Sternal osteomyelitis
860856002	414027002	Hepatosplenic schistosomiasis caused by Schistosoma haematobium
860861000	414027002	Infection of liver and spleen caused by Schistosoma mansoni
870348009	414027002	Regional lymphadenopathy caused by Bacillus of Calmette-Guérin
871540009	414027002	Post-polycythemia vera myelofibrosis
871541008	414027002	Post-essential thrombocythemia myelofibrosis
878818001	414027002	Pharyngotonsillitis
898197001	414027002	Adult T-cell leukemia/lymphoma in remission
898198006	414027002	T-cell prolymphocytic leukemia in remission
1003473002	414027002	B cell lymphocyte aplasia caused by drug
1003550007	414027002	Agenesis of thymus
1003551006	414027002	Agenesis of spleen
1010208004	414027002	Hematoma of spleen with open wound into abdominal cavity
1137694009	414027002	Peliosis of spleen
1144500005	414027002	Chronic osteomyelitis of pelvis and femur
1144501009	414027002	Acute osteomyelitis of pelvis and femur
1144922006	414027002	Thymoma type AB
1144924007	414027002	Thymoma type B
1144928005	414027002	Thymoma type A
1148891004	414027002	Bullous diffuse cutaneous mastocytosis
1148906001	414027002	Acute myeloid leukemia with t(8;21)(q22;q22) RUNX1-RUNX1T1
1153341001	414027002	Myeloproliferative hypereosinophilic syndrome
1153344009	414027002	Pseudoxanthomatous nodular cutaneous mastocytosis
1153349004	414027002	Primary familial polycythemia due to erythropoietin receptor mutation
1153359003	414027002	Lymphoid hyperplasia of spleen
1153366002	414027002	Inflammatory pseudoneoplasm of spleen
1153374001	414027002	Myelofibrosis caused by drug
1153377008	414027002	Mixed phenotype acute leukemia with t(9;22) (q34;q11.2); BCR-ABL1
1153379006	414027002	Mixed phenotype acute leukemia with T-cell and myeloid lineage
1153381008	414027002	Mixed phenotype acute leukemia with myeloid and B-cell lymphoid phenotypes
1153413001	414027002	Acute splenic sequestration of spleen due to sickle cell thalassemia with crisis
1153415008	414027002	Acute splenic sequestration due to sickle cell hemoglobin C disease with crisis
1153417000	414027002	Secondary hemophagocytic lymphohistiocytosis
1153418005	414027002	Sclerosing angiomatoid nodular transformation of spleen
1156784009	414027002	Localized Castleman disease
1156801007	414027002	Macrophage activation syndrome due to juvenile systemic onset arthritis
1156805003	414027002	Multicentric Castleman disease
1157157006	414027002	Acute myeloid leukemia with 11q23 abnormality
1162362005	414027002	Felty syndrome with seronegative erosive rheumatoid arthritis
1162364006	414027002	Felty syndrome with seronegative rheumatoid arthritis
1162531007	414027002	Acute myeloid leukemia in complete remission
1162654006	414027002	Splenomegaly due to storage disease
1177173001	414027002	Congenital progressive bone marrow failure, B-cell immunodeficiency, skeletal dysplasia syndrome
1179378005	414027002	Osteomyelitis caused by Salmonella enterica enterica serovar Typhi
1187113001	414027002	Mucopolysaccharidosis-like plus disease
1187123005	414027002	Mixed phenotype acute leukemia
1197276007	414027002	Primary squamous cell carcinoma of Waldeyer ring
1197285007	414027002	Metastatic squamous cell carcinoma to thoracic lymph node
1197292002	414027002	Metastatic squamous cell carcinoma of pelvic lymph node
1197293007	414027002	Metastatic squamous cell carcinoma of lymph nodes of head and neck
1197295000	414027002	Metastatic squamous cell carcinoma to lymph nodes of multiple sites
1197297008	414027002	Metastatic squamous cell carcinoma to lymph node of lower limb
1197299006	414027002	Metastatic squamous cell carcinoma to lymph node of upper limb
1197310007	414027002	Metastatic adenocarcinoma to lymph node of lower limb
1197311006	414027002	Metastatic adenocarcinoma to lymph node of upper limb
1197312004	414027002	Metastatic adenocarcinoma to abdominal lymph node
1197313009	414027002	Metastatic adenocarcinoma to lymph node of head and/or neck
1197322005	414027002	Metastatic squamous cell carcinoma to abdominal lymph node
1197323000	414027002	Metastatic carcinoma to lymph node of thorax
1197325007	414027002	Metastatic carcinoma of pelvic lymph node
1197326008	414027002	Metastatic carcinoma to lymph node of head and neck
1197327004	414027002	Metastatic carcinoma to lymph node of lower limb
1197328009	414027002	Metastatic adenocarcinoma to thoracic lymph node
1197329001	414027002	Metastatic carcinoma of abdominal lymph node
1197330006	414027002	Metastatic adenocarcinoma of lymph nodes of multiple sites
1197331005	414027002	Metastatic adenocarcinoma to pelvic lymph node
1197361002	414027002	Autoimmune lymphoproliferative syndrome due to CTLA4 haploinsufficiency
1197362009	414027002	STAT3-related early-onset multisystem autoimmune disease
1197594000	414027002	Periodic fever, infantile enterocolitis, autoinflammatory syndrome
1204159006	414027002	Acute mediastinal lymphadenitis
1204161002	414027002	Acute inguinal lymphadenitis
1204163004	414027002	Acute cervical lymphadenitis
1204199009	414027002	Acute occipital lymphadenitis
1204201006	414027002	Acute pelvic lymphadenitis
1204221007	414027002	Acute inflammation of retroperitoneal lymph node
1204420006	414027002	Chronic nonbacterial osteomyelitis/chronic recurrent multifocal osteomyelitis
1217373008	414027002	Diaphragmatic hernia, short bowel, asplenia syndrome
1231681002	414027002	Parinaud oculoglandular syndrome
1231735008	414027002	Isolated bone marrow mastocytosis
1235004000	414027002	Lymphadenitis caused by Toxoplasma gondii
1236960004	414027002	Metastatic carcinoma to lingual tonsil
1237368006	414027002	Acute myeloid leukemia with BCR-ABL1
1237489001	414027002	Metastatic carcinoma to tonsil
1255666008	414027002	Hodgkin lymphoma, lymphocyte depletion of lymph nodes of neck
1255687003	414027002	Hodgkin lymphoma, lymphocyte depletion of lymph nodes of head and neck
1255726001	414027002	Hodgkin granuloma of lymph nodes of head
1255727005	414027002	Hodgkin granuloma of lymph nodes of neck
1255728000	414027002	Hodgkin granuloma of lymph nodes of head and neck
1255729008	414027002	Mast cell malignancy of lymph nodes of head
1255730003	414027002	Mast cell malignancy of lymph nodes of neck
1255737000	414027002	Hodgkin disease, lymphocytic-histiocytic predominance of lymph nodes of head
1255738005	414027002	Hodgkin disease, lymphocytic-histiocytic predominance of lymph nodes of neck
1255739002	414027002	Hodgkin disease, lymphocytic-histiocytic predominance of lymph nodes of head and neck
1255743003	414027002	Hodgkin sarcoma of lymph nodes of head
1255744009	414027002	Hodgkin sarcoma of lymph nodes of neck
1255745005	414027002	Hodgkin sarcoma of lymph nodes of head and neck
1255746006	414027002	Malignant histiocytosis of lymph nodes of head
1255747002	414027002	Malignant histiocytosis of lymph nodes of neck
1255748007	414027002	Malignant histiocytosis of lymph nodes of head and neck
1255749004	414027002	Burkitt tumor of lymph nodes of head
1255750004	414027002	Burkitt tumor of lymph nodes of neck
1255751000	414027002	Burkitt tumor of lymph nodes of head and neck
1255752007	414027002	Mycosis fungoides of lymph nodes of head
1255753002	414027002	Mycosis fungoides of lymph nodes of neck
1255754008	414027002	Mycosis fungoides of lymph nodes of head and neck
1255784000	414027002	Hodgkin paragranuloma of lymph nodes of head
1255785004	414027002	Hodgkin paragranuloma of lymph nodes of neck
1255786003	414027002	Hodgkin paragranuloma of lymph nodes of head and neck
1255789005	414027002	Hodgkin disease, mixed cellularity of lymph nodes of neck
1255790001	414027002	Hodgkin disease, mixed cellularity of lymph nodes of head and neck
1255791002	414027002	Hodgkin disease, nodular sclerosis of lymph nodes of head and neck
1255792009	414027002	Hodgkin disease, nodular sclerosis of lymph nodes of head
1255793004	414027002	Hodgkin disease, nodular sclerosis of lymph nodes of neck
1255795006	414027002	Malignant histiocytosis of lymph nodes of lower limb
1255796007	414027002	Burkitt lymphoma of lymph nodes of lower limb
1255797003	414027002	Hodgkin disease, nodular sclerosis of lymph nodes of lower limb
1255798008	414027002	Hodgkin granuloma of lymph nodes of upper limb
1255799000	414027002	Sézary disease of lymph nodes of head
1255800001	414027002	Sézary disease of lymph nodes of neck
1255801002	414027002	Sézary disease of lymph nodes of head and neck
1255802009	414027002	Hodgkin disease of lymph nodes of head
1255803004	414027002	Hodgkin disease of lymph nodes of neck
1255804005	414027002	Hodgkin disease of lymph nodes of head and neck
1255805006	414027002	Malignant lymphoma of lymph nodes of head
1255806007	414027002	Malignant lymphoma of lymph nodes of neck
1255807003	414027002	Malignant lymphoma of lymph nodes of head and neck
1255808008	414027002	Hodgkin sarcoma of lymph nodes of upper limb
1255809000	414027002	Malignant mast cell tumor of lymph nodes of upper limb
1255811009	414027002	Hodgkin disease, mixed cellularity of lymph nodes of upper limb
1255812002	414027002	Hodgkin disease, nodular sclerosis of lymph nodes of upper limb
1255814001	414027002	Hodgkin disease, lymphocytic-histiocytic predominance of lymph nodes of upper limb
1255815000	414027002	Malignant histiocytosis of lymph nodes of upper limb
1255886009	414027002	Mycosis fungoides of lymph nodes of upper limb
1255887000	414027002	Hodgkin's paragranuloma of lymph nodes of lower limb
1255888005	414027002	Hodgkin paragranuloma of lymph nodes of upper limb
1255890006	414027002	Hodgkin disease, lymphocytic depletion of lymph nodes of upper limb
1255892003	414027002	Hodgkin disease, lymphocytic depletion of lymph nodes of lower limb
1255894002	414027002	Hodgkin granuloma of lymph nodes of lower limb
1255895001	414027002	Burkitt lymphoma of lymph nodes of upper limb
1255897009	414027002	Hodgkin disease, lymphocytic-histiocytic predominance of lymph nodes of lower limb
1255898004	414027002	Hodgkin disease, mixed cellularity of lymph nodes of lower limb
1255899007	414027002	Malignant mast cell tumor of lymph nodes of lower limb
1255902005	414027002	Hodgkin disease of lymph nodes of lower limb
1255905007	414027002	Hodgkin disease of lymph nodes of upper limb
1255906008	414027002	Malignant lymphoma of lymph nodes of upper limb
1255907004	414027002	Malignant lymphoma of lymph nodes of lower limb
1259049004	414027002	Castleman disease with immunoglobulin M monoclonal gammopathy of uncertain significance
1259312003	414027002	Primary fibrosarcoma of spleen
1259330005	414027002	Primary carcinoma of lingual tonsil
1259440007	414027002	Primary tonsil carcinoma
1260191006	414027002	Acute radiation syndrome
1260202003	414027002	Monoclonal mast cell activation syndrome
1260217004	414027002	Myelodysplastic neoplasm with low blasts and SF3B1 mutation
1260268001	414027002	Myelodysplastic syndrome with low blasts
1260270005	414027002	Hypoplastic myelodysplastic syndrome
1260406003	414027002	Myelodysplastic neoplasm with biallelic TP53 inactivation
1264416003	414027002	Unclassifiable myelodysplastic syndrome
1264458000	414027002	Acute undifferentiated leukemia
1268718007	414027002	Primary malignant thymoma
1285021005	414027002	Fanconi anemia of complementation group C
1287197000	414027002	Primary well-differentiated neuroendocrine tumor of thymus
1287564005	414027002	Well-differentiated neuroendocrine tumor of thymus
1290179007	414027002	Osteomyelitis of ulna
1290500002	414027002	Infection-associated macrophage activation syndrome
1303694006	414027002	Chronic metatarsal osteomyelitis
1303703003	414027002	Chronic left metatarsal osteomyelitis
1303705005	414027002	Chronic right metatarsal osteomyelitis
1332134000	414027002	Maculopapular cutaneous mastocytosis
1332385000	414027002	AMeD syndrome
1332422001	414027002	Disseminated Langerhans cell histiocytosis of lymph nodes of lower limb
1332423006	414027002	Disseminated Langerhans cell histiocytosis of lymph nodes of upper limb
1332425004	414027002	Disseminated Langerhans cell histiocytosis of lymph nodes of head
1332426003	414027002	Disseminated Langerhans cell histiocytosis of cervical lymph nodes
1332427007	414027002	Disseminated Langerhans cell histiocytosis of spleen
1332428002	414027002	Disseminated Langerhans cell histiocytosis of lymph nodes of multiple sites
1332429005	414027002	Disseminated Langerhans cell histiocytosis of lymph nodes of thorax
1332430000	414027002	Disseminated Langerhans cell histiocytosis of pelvic lymph nodes
1332431001	414027002	Disseminated Langerhans cell histiocytosis of abdominal lymph nodes
1339017006	414027002	Disorder of bone marrow caused by ionizing radiation
1344626008	414027002	Osteomyelitis of elbow
1344627004	414027002	Osteomyelitis of hip region
1344628009	414027002	Osteomyelitis of knee
1344629001	414027002	Osteomyelitis of carpal bone
1671000119100	414027002	Metastatic squamous cell carcinoma to lymph node
1681000119102	414027002	Metastasis to lymph node from adenocarcinoma
6411000179107	414027002	Edema of bone marrow
12281000132104	414027002	Relapsing acute myeloid leukemia
12291000132102	414027002	Refractory acute myeloid leukemia
12301000132103	414027002	Acute lymphoid leukemia relapse
12311000132101	414027002	Refractory acute lymphoid leukemia
18121000119104	414027002	Primary squamous cell carcinoma of palatine tonsil
49991000119104	414027002	Focal lymphadenopathy
61291000119103	414027002	Disorder of central nervous system co-occurrent and due to acute lymphoid leukemia in remission
61301000119102	414027002	Disorder of central nervous system co-occurrent and due to acute lymphoid leukemia
72041000119103	414027002	Osteomyelitis due to type 1 diabetes mellitus
72061000119104	414027002	Osteomyelitis due to type 2 diabetes mellitus
76691000119101	414027002	Ulcer of tonsil due to amygdalolith
84821000119100	414027002	Primary follicular dendritic cell sarcoma of spleen
88171000119100	414027002	Acute adenoiditis
105111000119109	414027002	Primary squamous cell carcinoma of thymus
116811000119106	414027002	Non-Hodgkin lymphoma of central nervous system metastatic to lymph node of lower limb
116821000119104	414027002	Non-Hodgkin lymphoma of central nervous system metastatic to lymph node of upper limb
116841000119105	414027002	Marginal zone lymphoma of lymph nodes of multiple sites
116871000119103	414027002	Mantle cell lymphoma of lymph nodes of multiple sites
117211000119105	414027002	Peripheral T-cell lymphoma of lymph nodes of multiple sites
118791000119106	414027002	Aplastic anemia caused by antineoplastic agent
141701000119101	414027002	Lesion of spleen
153421000119100	414027002	Polycythemia vera in remission
294981000119103	414027002	Osteomyelitis of foot
295831000119109	414027002	Chronic osteomyelitis of ankle with draining sinus
295841000119100	414027002	Chronic osteomyelitis of foot with draining sinus
295851000119103	414027002	Chronic osteomyelitis of femur with draining sinus
295861000119101	414027002	Chronic osteomyelitis of forearm with draining sinus
295871000119107	414027002	Chronic osteomyelitis of humerus with draining sinus
295881000119105	414027002	Chronic osteomyelitis of lower leg with draining sinus
295891000119108	414027002	Chronic osteomyelitis of shoulder with draining sinus
300071000119101	414027002	Subacute osteomyelitis of ankle
300081000119103	414027002	Subacute osteomyelitis of femur
300091000119100	414027002	Subacute osteomyelitis of hand
300151000119109	414027002	Subacute osteomyelitis of tibia
304521000119101	414027002	Chronic osteomyelitis of hand with draining sinus
315681000119104	414027002	Osteomyelitis of cervical vertebra
321971000119104	414027002	Subacute osteomyelitis of left femur
321981000119101	414027002	Subacute osteomyelitis of left hand
322061000119100	414027002	Subacute osteomyelitis of right hand
333291000119106	414027002	Right Parinaud oculoglandular syndrome
338901000119101	414027002	Left Parinaud oculoglandular syndrome
350951000119101	414027002	B-cell lymphoma of intra-abdominal lymph nodes
351211000119104	414027002	B-cell lymphoma of lymph nodes of multiple sites
352251000119109	414027002	Small lymphocytic B-cell lymphoma of lymph nodes of multiple sites
352411000119109	414027002	Small lymphocytic B-cell lymphoma of intra-abdominal lymph nodes
352791000119108	414027002	Non-Hodgkin's lymphoma of lymph nodes of multiple sites
354851000119101	414027002	Follicular non-Hodgkin's lymphoma of lymph nodes of multiple sites
366961000119106	414027002	Albinism co-occurrent with hematologic disorder
673361000119102	414027002	Osteomyelitis of radius
679581000119102	414027002	Osteomyelitis of orbit of left eye
679591000119104	414027002	Osteomyelitis of orbit of right eye
686961000119104	414027002	Mycosis fungoides of axillary lymph nodes
686981000119108	414027002	Mycosis fungoides of inguinal lymph node
686991000119106	414027002	Mycosis fungoides of lower limb lymph node
688231000119103	414027002	Sézary syndrome of lymph nodes of upper limb
688241000119107	414027002	Sézary syndrome of lymph nodes of axilla
688271000119100	414027002	Sézary syndrome of inguinal lymph nodes
1077351000119104	414027002	Acute osteomyelitis of right foot
1077371000119108	414027002	Acute osteomyelitis of left foot
1077551000119106	414027002	Chronic osteomyelitis of right femur
1077561000119108	414027002	Chronic osteomyelitis of left femur
1077571000119102	414027002	Chronic osteomyelitis of right tibia
1077591000119101	414027002	Chronic osteomyelitis of left tibia
1077611000119106	414027002	Chronic osteomyelitis of right ankle
1077621000119104	414027002	Chronic osteomyelitis of right foot
1077631000119101	414027002	Chronic osteomyelitis of left ankle
1077641000119105	414027002	Chronic osteomyelitis of left foot
1077651000119107	414027002	Osteomyelitis of right shoulder
1077661000119109	414027002	Osteomyelitis of left shoulder
1077671000119103	414027002	Osteomyelitis of right radius
1077681000119100	414027002	Osteomyelitis of left radius
1077691000119102	414027002	Osteomyelitis of right ulna
1077701000119102	414027002	Osteomyelitis of left ulna
1077711000119104	414027002	Osteomyelitis of right hand
1077721000119106	414027002	Osteomyelitis of left hand
1077731000119109	414027002	Osteomyelitis of right femur
1077741000119100	414027002	Osteomyelitis of left femur
1077751000119103	414027002	Osteomyelitis of right tibia
1077761000119101	414027002	Osteomyelitis of left tibia
1077791000119108	414027002	Osteomyelitis of left ankle
1077801000119109	414027002	Osteomyelitis of right ankle
1077811000119107	414027002	Osteomyelitis of left foot
1077821000119100	414027002	Osteomyelitis of right foot
1087051000119109	414027002	Gonococcal osteomyelitis
10628951000119102	414027002	Acute lymphadenitis of face
10628991000119107	414027002	Acute lymphadenitis of head
10629031000119100	414027002	Acute lymphadenitis of neck
10629071000119102	414027002	Acute lymphadenitis of axilla
10629111000119109	414027002	Acute lymphadenitis of inguinal lymph nodes
10629231000119109	414027002	Recurrent acute streptococcal tonsillitis
15694481000119107	414027002	Osteomyelitis of bilateral hands
15695161000119106	414027002	Osteomyelitis of bilateral femurs
15696801000119109	414027002	Osteomyelitis of bilateral feet
15696841000119106	414027002	Osteomyelitis of bilateral ankles
15696881000119101	414027002	Osteomyelitis of bilateral tibias
16007951000119107	414027002	Osteomyelitis of bilateral radii
16007991000119102	414027002	Osteomyelitis of bilateral ulnas
16029991000119101	414027002	Subacute osteomyelitis of bilateral tibias
16030071000119107	414027002	Subacute osteomyelitis of bilateral femurs
16030111000119100	414027002	Subacute osteomyelitis of right femur
16030231000119100	414027002	Subacute osteomyelitis of right tibia
16030311000119102	414027002	Subacute osteomyelitis of right foot
16030471000119103	414027002	Subacute osteomyelitis of bilateral ankles
16030511000119107	414027002	Subacute osteomyelitis of left foot
16030551000119108	414027002	Subacute osteomyelitis of left tibia
16030671000119100	414027002	Subacute osteomyelitis of right ankle
16030871000119101	414027002	Subacute osteomyelitis of left ankle
16030911000119103	414027002	Subacute osteomyelitis of bilateral hands
16697831000119103	414027002	Idiopathic mast cell activation syndrome
16697871000119100	414027002	Mast cell activation syndrome
16775311000119107	414027002	Mycosis fungoides of facial lymph node
16833831000119106	414027002	Congenital cutaneous mastocytosis
140633841000119106	414027002	Metastatic well-differentiated neuroendocrine tumor to regional lymph node
5036006	414915002	Hypogonadal obesity
53146006	414915002	Hypothyroid obesity
57337005	414915002	Steatopygia
62999006	414915002	Adiposogenital dystrophy
63702009	414915002	Alstrom syndrome
80660001	414915002	Mauriac's syndrome
82793005	414915002	Hypothalamic obesity
111036000	414915002	Hyperinsulinar obesity
162864005	414915002	Body mass index 30+ - obesity
190965006	414915002	Drug-induced obesity
190966007	414915002	Extreme obesity with alveolar hypoventilation
238132000	414915002	Android obesity
238133005	414915002	Gynecoid obesity
238134004	414915002	Generalized obesity
238135003	414915002	Fat pad syndrome
238136002	414915002	Morbid obesity
248311001	414915002	Central obesity
248312008	414915002	Peripheral obesity
270486005	414915002	Localized adiposity
290439001	414915002	Familial obesity
292464007	414915002	Constitutional obesity
293481008	414915002	Hyperplastic-hypertrophic obesity
294493008	414915002	Lifelong obesity
295509007	414915002	Hypertrophic obesity
296526005	414915002	Adult-onset obesity
297500005	414915002	Endogenous obesity
298464002	414915002	Obesity of endocrine origin
360566006	414915002	Buffalo obesity
408512008	414915002	Body mass index 40+ - severely obese
414438005	414915002	Hyperplastic obesity
414916001	414915002	Obesity
414917005	414915002	Obesity by adipocyte growth pattern
414919008	414915002	Obesity by contributing factors
414920002	414915002	Obesity by fat distribution pattern
415530009	414915002	Simple obesity
444862003	414915002	Childhood obesity
700150001	414915002	Congenital leptin deficiency
702949005	414915002	Proopiomelanocortin deficiency syndrome
715628009	414915002	MORM syndrome
717269008	414915002	Obesity due to melanocortin 4 receptor deficiency
717761005	414915002	Choroideremia with deafness and obesity syndrome
719160009	414915002	Syndromic X-linked intellectual disability type 7
719834005	414915002	Wilson Turner syndrome
721231007	414915002	Hydrocephalus with obesity and hypogonadism syndrome
722037004	414915002	MEHMO syndrome
722051004	414915002	Obesity, colitis, hypothyroidism, cardiac hypertrophy, developmental delay syndrome
722053001	414915002	Obesity due to prohormone convertase I deficiency
722596001	414915002	Obesity caused by energy imbalance
724137002	414915002	MOMO syndrome
763350002	414915002	Intellectual disability, obesity, brain malformation, facial dysmorphism syndrome
770680004	414915002	Prader-Willi-like syndrome
770750002	414915002	Intellectual disability, seizures, macrocephaly, obesity syndrome
773663004	414915002	Rapid-onset childhood obesity, hypothalamic dysfunction, hypoventilation, autonomic dysregulation syndrome
774102003	414915002	Intellectual disability, obesity, prognathism, eye and skin anomalies syndrome
776204008	414915002	Colobomatous microphthalmia, obesity, hypogenitalism, intellectual disability syndrome
783549006	414915002	Obesity due to CEP19 deficiency
783556000	414915002	Severe early-onset obesity insulin resistance syndrome due to SH2B1 deficiency
783719006	414915002	Obesity due to SIM1 deficiency
785722006	414915002	Obesity due to leptin receptor gene deficiency
788996008	414915002	Obesity in adolescence
819948005	414915002	Obese class III
1003380001	414915002	6q16 microdeletion syndrome
1187531009	414915002	Obesity due to pituitary disease
1208987006	414915002	PHIP-related behavioral problems, intellectual disability, obesity, dysmorphic features syndrome
1229943004	414915002	SIM1-related Prader-Willi-like syndrome
1229946007	414915002	MAGEL2-related Prader-Willi-like syndrome
1255335006	414915002	X-linked intellectual disability, short stature, overweight syndrome
1260134001	414915002	Spastic paraplegia, intellectual disability, nystagmus, obesity syndrome
1260139006	414915002	Genetic non-syndromic obesity
1300132009	414915002	Clark Baraitser syndrome
1303866001	414915002	MYT1L-related developmental delay, intellectual disability, obesity syndrome
1303867005	414915002	Early-onset obesity, hyperphagia, severe developmental delay syndrome
1340175001	414915002	CPE-related Prader-Willi-like syndrome
1340176000	414915002	Developmental delay, overweight, facial dysmorphism, behavioral abnormalities syndrome
171000119107	414915002	Maternal obesity complicating pregnancy, childbirth and the puerperium, antepartum
83911000119104	414915002	Severe obesity
443371000124107	414915002	Obese class I
443381000124105	414915002	Obese class II
10750551000119100	414915002	Obesity in mother complicating childbirth
15750121000119108	414915002	Severe obesity complicating pregnancy
23269001	417357006	Double heterozygous sickling disorder
25472008	417357006	Sickle cell-hemoglobin D disease
35434009	417357006	Sickle cell-hemoglobin C disease
36472007	417357006	Sickle cell-thalassemia disease
47024008	417357006	Sickle cell-hemoglobin E disease
127040003	417357006	Sickle cell-hemoglobin SS disease
127041004	417357006	Sickle cell-beta-thalassemia
127042006	417357006	Sickle cell beta plus thalassemia
127043001	417357006	Sickle cell-beta^0^-thalassemia
127044007	417357006	Sickle cell-delta beta^0^-thalassemia
127045008	417357006	Sickle cell anemia with coexistent alpha-thalassemia
127047000	417357006	Sickle cell-hemoglobin Lepore disease
127048005	417357006	Sickle cell-Hemoglobin O Arab disease
234391009	417357006	Sickle cell anemia with high hemoglobin F
416180004	417357006	Hemoglobin SS disease without crisis
416214006	417357006	Sickle cell-hemoglobin D disease without crisis
416290001	417357006	Hemoglobin S sickling disorder without crisis
416484003	417357006	Sickle cell-hemoglobin E disease with crisis
416638004	417357006	Sickle cell-hemoglobin E disease without crisis
416826005	417357006	Sickle cell-thalassemia disease with crisis
417048006	417357006	Sickle cell-thalassemia disease without crisis
417279003	417357006	Hemoglobin S sickling disorder with crisis
417425009	417357006	Hemoglobin SS disease with crisis
417517009	417357006	Sickle cell-hemoglobin C disease with crisis
417683006	417357006	Sickle cell-hemoglobin C disease without crisis
417748003	417357006	Sickle cell-hemoglobin D disease with crisis
440206000	417357006	Hemoglobin SS disease with vasoocclusive crisis
444108000	417357006	Acute sickle cell splenic sequestration crisis
783254003	417357006	Hereditary persistence of fetal hemoglobin with sickle cell disease syndrome
1153413001	417357006	Acute splenic sequestration of spleen due to sickle cell thalassemia with crisis
1153415008	417357006	Acute splenic sequestration due to sickle cell hemoglobin C disease with crisis
10759351000119103	417357006	Sickle cell anemia in mother complicating childbirth
5148006	42343007	Hypertensive heart disease with congestive heart failure
5375005	42343007	Chronic left-sided congestive heart failure
10633002	42343007	Acute congestive heart failure
43736008	42343007	Rheumatic left ventricular failure
66989003	42343007	Chronic right-sided congestive heart failure
74960003	42343007	Acute left-sided congestive heart failure
80479009	42343007	Acute right-sided congestive heart failure
82523003	42343007	Congestive rheumatic heart failure
83105008	42343007	Malignant hypertensive heart disease with congestive heart failure
88805009	42343007	Chronic congestive heart failure
92506005	42343007	Biventricular congestive heart failure
194767001	42343007	Benign hypertensive heart disease with congestive cardiac failure
194779001	42343007	Hypertensive heart and renal disease with (congestive) heart failure
194781004	42343007	Hypertensive heart and renal disease with both (congestive) heart failure and renal failure
426263006	42343007	Congestive heart failure due to left ventricular systolic dysfunction
426611007	42343007	Congestive heart failure due to valvular disease
698296002	42343007	Acute exacerbation of chronic congestive heart failure
698594003	42343007	Symptomatic congestive heart failure
717840005	42343007	Congestive heart failure stage B
15781000119107	42343007	Hypertensive heart AND chronic kidney disease with congestive heart failure
23341000119109	42343007	Congestive heart failure with right heart failure
67431000119105	42343007	Congestive heart failure stage D
67441000119101	42343007	Congestive heart failure stage C
72481000119103	42343007	Congestive heart failure as early postoperative complication
96311000119109	42343007	Exacerbation of congestive heart failure
101281000119107	42343007	Congestive heart failure due to cardiomyopathy
15629541000119106	42343007	Congestive heart failure stage C due to ischemic cardiomyopathy
15629591000119103	42343007	Congestive heart failure stage B due to ischemic cardiomyopathy
16838951000119100	42343007	Acute on chronic right-sided congestive heart failure
707447008	426656000	Exacerbation of severe persistent asthma
707513007	426656000	Uncomplicated severe persistent asthma
707979007	426656000	Acute severe exacerbation of severe persistent asthma
124991000119109	426656000	Severe persistent asthma co-occurrent with allergic rhinitis
10675391000119101	426656000	Severe controlled persistent asthma
10675431000119106	426656000	Severe persistent allergic asthma
10675471000119109	426656000	Acute severe exacerbation of severe persistent allergic asthma
10675551000119104	426656000	Acute severe exacerbation of severe persistent asthma co-occurrent with allergic rhinitis
10675751000119107	426656000	Severe uncontrolled persistent asthma
707446004	427295004	Exacerbation of moderate persistent asthma
707512002	427295004	Uncomplicated moderate persistent asthma
707980005	427295004	Acute severe exacerbation of moderate persistent asthma
125001000119103	427295004	Moderate persistent asthma co-occurrent with allergic rhinitis
10676271000119104	427295004	Acute exacerbation of moderate persistent allergic asthma
10676391000119108	427295004	Moderate persistent allergic asthma
10676431000119103	427295004	Acute severe exacerbation of moderate persistent allergic asthma
10676511000119109	427295004	Acute severe exacerbation of moderate persistent asthma co-occurrent with allergic rhinitis
416234007	427314002	Highly active antiretroviral therapy
473382005	427314002	Administration of prophylactic antiviral after potential sexual exposure to human immunodeficiency virus
897017002	427314002	Administration of prophylactic antiviral
1269419008	427314002	Telaprevir therapy
1287783000	427314002	Administration of human immunodeficiency virus pre-exposure prophylaxis
235921000112100	427314002	Administration of human immunodeficiency virus post-exposure prophylaxis
39871006	427896006	Chronic respiratory failure
67905004	427896006	Acute-on-chronic respiratory failure
276537001	427896006	Chronic pulmonary insufficiency of prematurity
426896000	427896006	Chronic hypercapnic respiratory failure
428173007	427896006	Chronic hypoxemic respiratory failure
770727008	427896006	Spinal muscular atrophy with respiratory distress type 2
7361000175106	427896006	Acute on chronic hypercapnic respiratory failure
20091000175107	427896006	Acute on chronic hypoxemic and hypercapnic respiratory failure
10672271000119100	427896006	Acute on chronic hypoxemic respiratory failure
350586651000119105	427896006	Chronic respiratory failure due to neuromuscular disease
971918681000119107	427896006	Chronic respiratory failure due to obstructive sleep apnea
360103009	43252007	Intracochlear prosthesis
360104003	43252007	Extracochlear prosthesis
16362001	44172002	Human poliovirus 3
22580008	44172002	Human poliovirus 1
55174004	44172002	Human poliovirus 2
53481000087101	44172002	Vaccine-derived human poliovirus
428982002	443143006	Dependence on hemodialysis due to end stage renal disease
236434000	46177005	End stage renal failure untreated by renal replacement therapy
236435004	46177005	End stage renal failure on dialysis
236436003	46177005	End stage renal failure with renal transplant
704667004	46177005	Hypertension concurrent and due to end stage renal disease on dialysis
707324008	46177005	Anemia in end stage renal disease
712487000	46177005	End stage renal disease due to benign hypertension
90771000119100	46177005	End stage renal disease on dialysis due to type 1 diabetes mellitus
90791000119104	46177005	End stage renal disease on dialysis due to type 2 diabetes mellitus
111411000119103	46177005	End stage renal disease due to hypertension
127991000119101	46177005	Hypertension concurrent and due to end stage renal disease on dialysis due to type 2 diabetes mellitus
128001000119105	46177005	Hypertension concurrent and due to end stage renal disease on dialysis due to type 1 diabetes mellitus
153891000119101	46177005	End stage renal disease on dialysis due to hypertension
285841000119104	46177005	Malignant hypertensive end stage renal disease
286371000119107	46177005	Malignant hypertensive end stage renal disease on dialysis
368471000119109	46177005	End stage renal disease on dialysis due to drug induced diabetes mellitus
10698009	4740000	Herpes zoster iridocyclitis
21954000	4740000	Herpes zoster auricularis
42448002	4740000	Herpes zoster keratoconjunctivitis
87513003	4740000	Herpes zoster ophthalmicus
230536009	4740000	Acute trigeminal herpes zoster
240470005	4740000	Thoracic herpes zoster infection
240471009	4740000	Lumbar herpes zoster infection
240474001	4740000	Multidermatomal herpes zoster infection
397573005	4740000	Herpes zoster keratitis
400020001	4740000	Herpes zoster dermatitis
402897003	4740000	Cervical dermatome herpes zoster infection
402898008	4740000	Sacral herpes zoster infection
410500004	4740000	Hutchinson sign
410509003	4740000	Herpes zoster conjunctivitis
421029004	4740000	Herpes zoster retinitis
422446008	4740000	Herpes zoster subepithelial infiltrates
422471006	4740000	Herpes zoster acute retinal necrosis
423628002	4740000	Acute herpes zoster neuropathy
424435009	4740000	Herpes zoster pseudodendrites
424801004	4740000	Herpes zoster corneal endotheliitis
426570007	4740000	Herpes zoster interstitial keratitis
713733003	4740000	Infection caused by herpes zoster virus co-occurrent with human immunodeficiency virus infection
713964006	4740000	Multidermatomal infection caused by Herpes zoster co-occurrent with human immunodeficiency virus infection
12551000132107	4740000	Cranial neuropathy due to Herpes zoster
331071000119101	4740000	Herpes zoster iritis
15678841000119100	4740000	Bilateral herpes zoster iridocyclitis
15680281000119103	4740000	Bilateral herpes zoster keratoconjunctivitis
15685201000119100	4740000	Interstitial keratitis of left eye caused by Herpes zoster virus
15685241000119103	4740000	Bilateral interstitial keratitis caused by Human alphaherpesvirus 3
15685281000119108	4740000	Interstitial keratitis of right eye caused by Herpes zoster virus
15989271000119107	4740000	Conjunctivitis of right eye caused by herpes zoster virus
15989311000119107	4740000	Bilateral conjunctivitis of eyes caused by herpes zoster virus
15989351000119108	4740000	Conjunctivitis of left eye caused by herpes zoster virus
15992271000119100	4740000	Keratitis of right eye due to herpes zoster
15992311000119100	4740000	Keratitis of left eye due to herpes zoster
25412000	4855003	Microaneurysm of retinal artery due to diabetes mellitus
59276001	4855003	Proliferative retinopathy due to diabetes mellitus
193349004	4855003	Preproliferative retinopathy due to diabetes mellitus
193350004	4855003	Advanced maculopathy due to diabetes mellitus
232020009	4855003	Disorder of macula due to diabetes mellitus
232021008	4855003	Proliferative retinopathy with optic disc neovascularization due to diabetes mellitus
232022001	4855003	Proliferative retinopathy with neovascularization elsewhere than the optic disc due to diabetes mellitus
232023006	4855003	Traction detachment of retina due to diabetes mellitus
311782002	4855003	Advanced retinal disease due to diabetes mellitus
312903003	4855003	Mild nonproliferative retinopathy due to diabetes mellitus
312904009	4855003	Moderate nonproliferative retinopathy due to diabetes mellitus
312905005	4855003	Severe nonproliferative retinopathy due to diabetes mellitus
312906006	4855003	Non-high-risk proliferative retinopathy due to diabetes mellitus
312907002	4855003	High risk proliferative retinopathy due to diabetes mellitus
312908007	4855003	Quiescent proliferative retinopathy due to diabetes mellitus
312909004	4855003	Proliferative retinopathy with iris neovascularization due to diabetes mellitus
312912001	4855003	Macular edema due to diabetes mellitus
314010006	4855003	Diffuse exudative maculopathy due to diabetes mellitus
314011005	4855003	Focal exudative maculopathy due to diabetes mellitus
314014002	4855003	Ischemic maculopathy due to diabetes mellitus
314015001	4855003	Mixed maculopathy due to diabetes mellitus
314537004	4855003	Diabetic optic papillopathy
390834004	4855003	Nonproliferative retinopathy due to diabetes mellitus
399862001	4855003	High risk proliferative retinopathy without macular edema due to diabetes mellitus
399863006	4855003	Very severe nonproliferative retinopathy without macular edema due to diabetes mellitus
399864000	4855003	Macular edema not clinically significant due to diabetes mellitus
399865004	4855003	Very severe proliferative retinopathy due to diabetes mellitus
399866003	4855003	Venous beading of retina due to diabetes mellitus
399868002	4855003	Diabetic intraretinal microvascular anomaly
399869005	4855003	High risk proliferative retinopathy not amenable to photocoagulation due to diabetes mellitus
399870006	4855003	Non-high-risk proliferative retinopathy with no macular edema due to diabetes mellitus
399871005	4855003	Visually threatening diabetic retinopathy
399872003	4855003	Severe nonproliferative retinopathy with clinically significant macular edema due to diabetes mellitus
399873008	4855003	Severe nonproliferative retinopathy without macular edema due to diabetes mellitus
399874002	4855003	High risk proliferative retinopathy with clinically significant macula edema due to diabetes mellitus
399875001	4855003	Non-high-risk proliferative retinopathy with clinically significant macular edema due to diabetes mellitus
399876000	4855003	Very severe nonproliferative retinopathy due to diabetes mellitus
399877009	4855003	Very severe nonproliferative retinopathy with clinically significant macular edema due to diabetes mellitus
420486006	4855003	Exudative maculopathy due to type 1 diabetes mellitus
420789003	4855003	Retinopathy due to type 1 diabetes mellitus
421779007	4855003	Exudative maculopathy due to type 2 diabetes mellitus
422034002	4855003	Retinopathy due to type 2 diabetes mellitus
706894000	4855003	Retinopathy due to unstable diabetes mellitus type 1
769181007	4855003	Preproliferative retinopathy of right eye due to diabetes mellitus
769182000	4855003	Preproliferative retinopathy of left eye due to diabetes mellitus
769183005	4855003	Mild nonproliferative retinopathy of right eye due to diabetes mellitus
769184004	4855003	Mild nonproliferative retinopathy of left eye due to diabetes mellitus
769185003	4855003	Moderate nonproliferative diabetic retinopathy of right eye
769186002	4855003	Moderate nonproliferative diabetic retinopathy of left eye
769187006	4855003	Severe nonproliferative retinopathy of right eye due to diabetes mellitus
769188001	4855003	Severe nonproliferative retinopathy of left eye due to diabetes mellitus
769190000	4855003	Very severe nonproliferative retinopathy of right eye due to diabetes mellitus
769191001	4855003	Very severe nonproliferative retinopathy of left eye due to diabetes mellitus
769217008	4855003	Macular edema of right eye due to diabetes mellitus
769218003	4855003	Macular edema of left eye due to diabetes mellitus
769219006	4855003	Macular edema due to type 1 diabetes mellitus
769220000	4855003	Macular edema due to type 2 diabetes mellitus
769221001	4855003	Clinically significant macular edema of right eye due to diabetes mellitus
769222008	4855003	Clinically significant macular edema of left eye due to diabetes mellitus
769244003	4855003	Disorder of right macula due to diabetes mellitus
769245002	4855003	Disorder of left macula due to diabetes mellitus
770097006	4855003	Clinically significant macular edema due to diabetes mellitus
770323005	4855003	Retinal edema due to diabetes mellitus
770324004	4855003	Ischemia of retina due to diabetes mellitus
770581008	4855003	Microaneurysm of right retinal artery due to diabetes mellitus
770582001	4855003	Microaneurysm of left retinal artery due to diabetes mellitus
770599000	4855003	Venous beading of right retina due to diabetes mellitus
770600002	4855003	Venous beading of left retina due to diabetes mellitus
770765001	4855003	Proliferative retinopathy of right eye with diabetes mellitus
770766000	4855003	Proliferative retinopathy of left eye due to diabetes mellitus
816177009	4855003	Nonproliferative retinopathy of left eye due to diabetes mellitus
816178004	4855003	Nonproliferative retinopathy of right eye due to diabetes mellitus
816961009	4855003	Stable treated proliferative retinopathy of right eye due to diabetes mellitus
816962002	4855003	Stable treated proliferative retinopathy of left eye due to diabetes mellitus
860721006	4855003	Disorder of macula of bilateral eyes due to diabetes mellitus
870420005	4855003	Severe nonproliferative diabetic retinopathy with venous beading
870421009	4855003	Cystoid macular edema due to diabetes mellitus
870529009	4855003	Persistent macular edema due to diabetes mellitus
871778008	4855003	Centrally involved macular edema due to diabetes mellitus
871781003	4855003	Non centrally involved macular edema due to diabetes mellitus
1306699009	4855003	Stable treated proliferative retinopathy due to diabetes mellitus
1306700005	4855003	Bilateral stable treated proliferative retinopathy due to diabetes mellitus
1354552000	4855003	Mild diabetic macular edema
1354553005	4855003	Moderate diabetic macular edema
1354554004	4855003	Severe diabetic macular edema
1501000119109	4855003	Proliferative retinopathy due to type 2 diabetes mellitus
1551000119108	4855003	Nonproliferative retinopathy due to type 2 diabetes mellitus
28331000119107	4855003	Retinal edema due to type 2 diabetes mellitus
60961000119107	4855003	Nonproliferative diabetic retinopathy due to type 1 diabetes mellitus
60971000119101	4855003	Proliferative retinopathy due to type 1 diabetes mellitus
82541000119100	4855003	Traction detachment of retina due to type 2 diabetes mellitus
82571000119107	4855003	Traction detachment of retina due to type 1 diabetes mellitus
97331000119101	4855003	Macular edema and retinopathy due to type 2 diabetes mellitus
97341000119105	4855003	Proliferative retinopathy with retinal edema due to type 2 diabetes mellitus
103981000119101	4855003	Proliferative retinopathy following surgery due to diabetes mellitus
104941000119109	4855003	Ischemia of retina due to type 1 diabetes mellitus
104961000119108	4855003	Ischemia of retina due to type 2 diabetes mellitus
109171000119104	4855003	Retinal edema due to type 1 diabetes mellitus
138881000119106	4855003	Mild nonproliferative retinopathy due to type 1 diabetes mellitus
138891000119109	4855003	Moderate nonproliferative retinopathy due to type 1 diabetes mellitus
138911000119106	4855003	Mild nonproliferative retinopathy due to type 2 diabetes mellitus
138921000119104	4855003	Moderate nonproliferative retinopathy due to type 2 diabetes mellitus
368711000119106	4855003	Mild nonproliferative retinopathy due to secondary diabetes mellitus
368721000119104	4855003	Non-proliferative retinopathy due to secondary diabetes mellitus
368741000119105	4855003	Moderate nonproliferative retinopathy due to secondary diabetes mellitus
16697421000119103	4855003	Moderate nonproliferative retinopathy of left eye due to diabetes mellitus type 1
16697471000119102	4855003	Moderate nonproliferative retinopathy of right eye due to diabetes mellitus type 1
16697521000119104	4855003	Bilateral moderate nonproliferative retinopathy due to diabetes mellitus type 1
16745051000119107	4855003	Nonproliferative retinopathy of right eye due to diabetes mellitus type 2
16745131000119100	4855003	Nonproliferative retinopathy of left eye due to diabetes mellitus type 2
16745211000119100	4855003	Nonproliferative retinopathy of left eye due to diabetes mellitus type 1
16745411000119104	4855003	Bilateral mild nonproliferative retinopathy due to diabetes mellitus type 1
16745531000119108	4855003	Mild nonproliferative retinopathy of left eye due to diabetes mellitus type 2
16745611000119102	4855003	Mild nonproliferative retinopathy of right eye due to diabetes mellitus type 1
16745651000119101	4855003	Mild nonproliferative retinopathy of right eye due to diabetes mellitus type 2
16745891000119105	4855003	Mild nonproliferative retinopathy of left eye due to diabetes mellitus type 1
16745931000119102	4855003	Bilateral mild nonproliferative retinopathy due to diabetes mellitus type 2
16746131000119105	4855003	Moderate nonproliferative retinopathy of left eye due to diabetes mellitus type 2
16746261000119108	4855003	Moderate nonproliferative retinopathy of right eye due to diabetes mellitus type 2
16746341000119103	4855003	Bilateral moderate nonproliferative retinopathy due to diabetes mellitus type 2
16746661000119106	4855003	Bilateral nonproliferative retinopathy of eyes due to diabetes mellitus type 1
16746741000119102	4855003	Nonproliferative retinopathy of right eye due to diabetes mellitus type 1
16746901000119101	4855003	Severe nonproliferative retinopathy of left eye due to diabetes mellitus type 2
16746941000119104	4855003	Severe nonproliferative retinopathy of left eye due to diabetes mellitus type 1
16747021000119109	4855003	Bilateral severe nonproliferative retinopathy of eyes due to diabetes mellitus type 2
16747101000119101	4855003	Bilateral severe nonproliferative retinopathy of eyes due to diabetes mellitus type 1
16747141000119104	4855003	Severe nonproliferative retinopathy of right eye due to diabetes mellitus type 2
16747341000119101	4855003	Severe nonproliferative retinopathy of right eye due to diabetes mellitus type 1
16747661000119109	4855003	Bilateral nonproliferative retinopathy due to diabetes mellitus type 2
16747741000119100	4855003	Proliferative retinopathy of left eye due to diabetes mellitus type 1
16747901000119104	4855003	Proliferative retinopathy of left eye due to diabetes mellitus type 2
16748141000119100	4855003	Bilateral proliferative retinopathy due to diabetes mellitus type 2
16748741000119101	4855003	Proliferative retinopathy of right eye due to diabetes mellitus type 1
16749661000119102	4855003	Proliferative retinopathy of right eye due to diabetes mellitus type 2
16749781000119101	4855003	Bilateral proliferative retinopathy of eyes due to diabetes mellitus type 1
11578004	49723003	Intussusception of rectum
17186003	49723003	Ileocolic intussusception
24610009	49723003	Sigmoidorectal intussusception
26316005	49723003	Internal complete rectal prolapse with intussusception of rectosigmoid
27673007	49723003	Intussusception of colon
64976006	49723003	Cecocolic intussusception
91446004	49723003	Intussusception of appendix
111361008	49723003	Intussusception of cecum
197046003	49723003	Gastroduodenal intussusception
197047007	49723003	Jejunogastric intussusception
197049005	49723003	Ileocecal intussusception
313326008	49723003	Internal intussusception of rectum
405558008	49723003	Intussusception of ileum
721651002	49723003	Intussusception of small intestine
721676001	49723003	Intussusception of large intestine
128302006	50711007	Chronic hepatitis C
235866006	50711007	Acute hepatitis C
442374005	50711007	Hepatitis B and hepatitis C
702969000	50711007	Reactivation of hepatitis C viral hepatitis
703866000	50711007	Chronic hepatitis C with stage 2 fibrosis
708198006	50711007	Chronic active hepatitis C
767809001	50711007	Chronic hepatitis C caused by hepatitis C virus genotype 6
767810006	50711007	Chronic hepatitis C caused by hepatitis C virus genotype 5
768006009	50711007	Chronic hepatitis C caused by Hepatitis C virus genotype 3
768125005	50711007	Chronic hepatitis C caused by Hepatitis C virus genotype 2
768126006	50711007	Chronic hepatitis C caused by Hepatitis C virus genotype 4
768127002	50711007	Chronic hepatitis C caused by Hepatitis C virus genotype 1
768288001	50711007	Chronic hepatitis C caused by Hepatitis C virus genotype 1b
768289009	50711007	Chronic hepatitis C caused by Hepatitis C virus genotype 1a
838377003	50711007	Chronic hepatitis C co-occurrent with human immunodeficiency virus infection
838380002	50711007	Chronic hepatitis B co-occurrent with hepatitis C and hepatitis D
1197150002	50711007	Recurrent hepatitis C virus induced liver disease following liver transplant
347891000119103	50711007	Chronic hepatitis C with stage 3 fibrosis
16623921000119105	50711007	Viral hepatitis C in mother during pregnancy
323133000	51361008	Amantadine hydrochloride 100 mg oral capsule
375373003	51361008	Amantadine hydrochloride 100 mg oral tablet
767863003	51361008	Amantadine-containing product in oral dose form
769279001	51361008	Amantadine hydrochloride 10 mg/mL oral solution
774525005	51361008	Amantadine only product
778274004	51361008	Amantadine only product in oral dose form
40233000	52254009	Nephrotic-nephritic syndrome
48796009	52254009	Congenital nephrotic syndrome
67132008	52254009	Hypoxic nephrosis
197589005	52254009	Nephrotic syndrome with proliferative glomerulonephritis
197590001	52254009	Nephrotic syndrome with membranous glomerulonephritis
197591002	52254009	Nephrotic syndrome with membranoproliferative glomerulonephritis
197593004	52254009	Nephrotic syndrome, minor glomerular abnormality
197594005	52254009	Nephrotic syndrome, focal and segmental glomerular lesions
197595006	52254009	Nephrotic syndrome, diffuse membranous glomerulonephritis
197596007	52254009	Nephrotic syndrome, diffuse mesangial proliferative glomerulonephritis
197597003	52254009	Nephrotic syndrome, diffuse endocapillary proliferative glomerulonephritis
197598008	52254009	Nephrotic syndrome, diffuse mesangiocapillary glomerulonephritis
197599000	52254009	Nephrotic syndrome, dense deposit disease
197600002	52254009	Nephrotic syndrome, diffuse crescentic glomerulonephritis
197601003	52254009	Finnish congenital nephrotic syndrome
197603000	52254009	Nephrotic syndrome associated with another disorder
197604006	52254009	Nephrotic syndrome in amyloidosis
197605007	52254009	Nephrotic syndrome due to diabetes mellitus
197606008	52254009	Nephrotic syndrome in malaria
197607004	52254009	Nephrotic syndrome in polyarteritis nodosa
236380004	52254009	Steroid-sensitive nephrotic syndrome
236381000	52254009	Steroid-resistant nephrotic syndrome
236382007	52254009	Steroid-dependent nephrotic syndrome
236383002	52254009	Familial mesangial sclerosis
236384008	52254009	Congenital nephrotic syndrome with focal glomerulosclerosis
236385009	52254009	Drash syndrome
236530006	52254009	Pulmonic stenosis and congenital nephrosis
266549004	52254009	Nephrotic syndrome with minimal change glomerulonephritis
363233007	52254009	Nephrotic syndrome secondary to glomerulonephritis
363234001	52254009	Nephrotic syndrome secondary to systemic disease
445119005	52254009	Steroid sensitive nephrotic syndrome of childhood
449820008	52254009	Steroid resistant nephrotic syndrome of childhood
705065000	52254009	Childhood nephrotic syndrome
713695001	52254009	Nephrotic syndrome co-occurrent with human immunodeficiency virus infection
717191005	52254009	Sporadic idiopathic steroid-resistant nephrotic syndrome
717760006	52254009	Multi-drug resistant nephrotic syndrome
718141008	52254009	Genetic steroid-resistant nephrotic syndrome
721297008	52254009	Galloway Mowat syndrome
722118005	52254009	Congenital nephrotic syndrome due to congenital infection
722369003	52254009	Congenital nephrotic syndrome due to diffuse mesangial sclerosis
723449004	52254009	Pierson syndrome
733453005	52254009	Congenital nephrotic syndrome, interstitial lung disease, epidermolysis bullosa syndrome
771447009	52254009	LAMB2-related infantile-onset nephrotic syndrome
773647007	52254009	Nephrotic syndrome, deafness, pretibial epidermolysis bullosa syndrome
783614008	52254009	Familial steroid-resistant nephrotic syndrome with sensorineural deafness
1187040004	52254009	Familial steroid-resistant nephrotic syndrome with adrenal insufficiency
1260194003	52254009	Idiopathic steroid-resistant nephrotic syndrome
1260198000	52254009	Idiopathic steroid-sensitive nephrotic syndrome with secondary steroid resistance
71441000119104	52254009	Nephrotic syndrome due to type 2 diabetes mellitus
71721000119101	52254009	Nephrotic syndrome due to type 1 diabetes mellitus
295111000119108	52254009	Nephrotic syndrome co-occurrent and due to systemic lupus erythematosus
368911000119109	52254009	Nephrotic syndrome co-occurrent and due to membranoproliferative glomerulonephritis type III
1081801000112104	52254009	Acute nephrotic syndrome
281004	52448006	Dementia associated with alcoholism
4817008	52448006	Primary degenerative dementia of the Alzheimer type, senile onset, with delirium
6475002	52448006	Primary degenerative dementia of the Alzheimer type, presenile onset, uncomplicated
9345005	52448006	Dialysis dementia
10349009	52448006	Multi-infarct dementia with delirium
10532003	52448006	Primary degenerative dementia of the Alzheimer type, presenile onset, with depression
12348006	52448006	Presenile dementia
14070001	52448006	Multi-infarct dementia with depression
15662003	52448006	Senile dementia
25772007	52448006	Multi-infarct dementia with delusions
26852004	52448006	Primary degenerative dementia of the Alzheimer type, senile onset, with depression
26929004	52448006	Alzheimer's disease
32875003	52448006	Inhalant-induced persisting dementia
51928006	52448006	General paresis - neurosyphilis
54502004	52448006	Primary degenerative dementia of the Alzheimer type, presenile onset, with delusions
55009008	52448006	Primary degenerative dementia of the Alzheimer type, senile onset, with delusions
56267009	52448006	Multi-infarct dementia
58756001	52448006	Huntington's chorea
59651006	52448006	Sedative, hypnotic AND/OR anxiolytic-induced persisting dementia
65096006	52448006	Primary degenerative dementia of the Alzheimer type, presenile onset, with delirium
66108005	52448006	Primary degenerative dementia of the Alzheimer type, senile onset, uncomplicated
70936005	52448006	Multi-infarct dementia, uncomplicated
82959004	52448006	Dementia paralytica juvenilis
90099008	52448006	Subcortical leukoencephalopathy
111480006	52448006	Psychoactive substance-induced organic dementia
191449005	52448006	Uncomplicated senile dementia
191451009	52448006	Uncomplicated presenile dementia
191452002	52448006	Presenile dementia with delirium
191454001	52448006	Presenile dementia with paranoia
191455000	52448006	Presenile dementia with depression
191457008	52448006	Senile dementia with depressive or paranoid features
191458003	52448006	Senile dementia with paranoia
191459006	52448006	Senile dementia with depression
191461002	52448006	Senile dementia with delirium
191463004	52448006	Uncomplicated arteriosclerotic dementia
191464005	52448006	Arteriosclerotic dementia with delirium
191465006	52448006	Arteriosclerotic dementia with paranoia
191466007	52448006	Arteriosclerotic dementia with depression
191493005	52448006	Drug-induced dementia
191519005	52448006	Dementia associated with another disease
230265002	52448006	Familial Alzheimer's disease of early onset
230266001	52448006	Non-familial Alzheimer's disease of early onset
230267005	52448006	Familial Alzheimer's disease of late onset
230268000	52448006	Non-familial Alzheimer's disease of late onset
230269008	52448006	Focal Alzheimer's disease
230270009	52448006	Frontotemporal dementia
230271008	52448006	Pick's disease with Pick bodies
230272001	52448006	Pick's disease with Pick cells and no Pick bodies
230274000	52448006	Frontal lobe degeneration with motor neurone disease
230280008	52448006	Progressive aphasia in Alzheimer's disease
230282000	52448006	Traumatic encephalopathy
230285003	52448006	Vascular dementia of acute onset
230286002	52448006	Subcortical vascular dementia
230287006	52448006	Mixed cortical and subcortical vascular dementia
230288001	52448006	Semantic dementia
230289009	52448006	Patchy dementia
230299004	52448006	Juvenile onset Huntington's disease
230300007	52448006	Late onset Huntington's disease
230301006	52448006	Akinetic-rigid form of Huntington's disease
268612007	52448006	Senile and presenile organic psychotic conditions
278857002	52448006	Dementia of frontal lobe type
312991009	52448006	Senile dementia of the Lewy body type
371024007	52448006	Senile dementia with delusion
371026009	52448006	Senile dementia with psychosis
416780008	52448006	Primary degenerative dementia of the Alzheimer type, presenile onset
416975007	52448006	Primary degenerative dementia of the Alzheimer type, senile onset
420614009	52448006	Organic dementia with AIDS (acquired immunodeficiency syndrome)
421023003	52448006	Presenile dementia with AIDS (acquired immunodeficiency syndrome)
421529006	52448006	Dementia with AIDS (acquired immunodeficiency syndrome)
425390006	52448006	Dementia associated with Parkinson's Disease
429458009	52448006	Dementia due to Creutzfeldt Jakob disease
429998004	52448006	Vascular dementia
442344002	52448006	Dementia due to Huntington chorea
698624003	52448006	Dementia associated with cerebral lipidosis
698625002	52448006	Dementia associated with normal pressure hydrocephalus
698626001	52448006	Dementia associated with multiple sclerosis
698687007	52448006	Post-traumatic dementia with behavioral change
698725008	52448006	Dementia associated with neurosyphilis
698726009	52448006	Dementia associated with viral encephalitis
698781002	52448006	Dementia associated with cerebral anoxia
698948009	52448006	Vascular dementia in remission
698949001	52448006	Dementia in remission
698954005	52448006	Primary degenerative dementia of the Alzheimer type, senile onset in remission
698955006	52448006	Primary degenerative dementia of the Alzheimer type, presenile onset in remission
702393003	52448006	CHMP2B-related frontotemporal dementia
713488003	52448006	Presenile dementia co-occurrent with human immunodeficiency virus infection
713844000	52448006	Dementia co-occurrent with human immunodeficiency virus infection
715737004	52448006	Parkinsonism with dementia of Guadeloupe
716667005	52448006	Right temporal lobar atrophy
716994006	52448006	Behavioral variant of frontotemporal dementia
722600006	52448006	Non-amnestic Alzheimer disease
722977005	52448006	Dementia co-occurrent and due to neurocysticercosis
722978000	52448006	Toxic dementia
722979008	52448006	Dementia due to metabolic abnormality
722980006	52448006	Dementia due to chromosomal anomaly
723123001	52448006	Ischemic vascular dementia
723390000	52448006	Rapidly progressive dementia
724776007	52448006	Dementia due to disorder of central nervous system
724777003	52448006	Dementia due to infectious disease
724992007	52448006	Epilepsy co-occurrent and due to dementia
725898002	52448006	Delirium co-occurrent with dementia
733184002	52448006	Dementia caused by heavy metal exposure
733190003	52448006	Dementia due to primary malignant neoplasm of brain
733191004	52448006	Dementia due to chronic subdural hematoma
733192006	52448006	Dementia due to herpes encephalitis
733193001	52448006	Dementia with progressive multifocal leukoencephalopathy
733194007	52448006	Dementia with Down syndrome
762350007	52448006	Dementia due to prion disease
762351006	52448006	Dementia due to and following injury of head
762707000	52448006	Subcortical dementia
774069007	52448006	PRKAR1B-related neurodegenerative dementia with intermediate filaments
783161005	52448006	ABri amyloidosis
783258000	52448006	ADan amyloidosis
788898005	52448006	Dementia caused by volatile inhalant
788899002	52448006	Dementia due to pellagra
789170003	52448006	Disinhibited behavior due to dementia
833326008	52448006	Cortical vascular dementia
838276009	52448006	Amyotrophic lateral sclerosis, parkinsonism, dementia complex
840464007	52448006	Dementia due to carbon monoxide poisoning
840465008	52448006	Dementia due to iron deficiency
1148924004	52448006	Dementia due to deficiency of folic acid
1156789004	52448006	Autosomal dominant Alzheimer disease due to mutation of amyloid precursor protein
1156798001	52448006	Autosomal dominant Alzheimer disease due to mutation of presenilin 2
1156800008	52448006	Autosomal dominant Alzheimer disease due to mutation of presenilin 1
1186724002	52448006	HTRA1-related autosomal dominant cerebral small vessel disease
1186877003	52448006	Dementia due to vitamin E deficiency
1186879000	52448006	Dementia due to thiamine deficiency
1186880002	52448006	Dementia due to cobalamin deficiency
1186881003	52448006	Dementia due to niacin deficiency
1186883000	52448006	Dementia due to nutritional deficiency
1186887004	52448006	Dementia caused by manganese
1187004001	52448006	Chronic traumatic encephalopathy
1187126002	52448006	ITM2B-related amyloidosis
1259124000	52448006	Amyotrophic lateral sclerosis with frontotemporal dementia
1259128002	52448006	Alzheimer disease with psychosis
1259465009	52448006	Dementia due to hepatic failure
1259467001	52448006	Dementia due to hypercalcemia
1259469003	52448006	Dementia due to Gerstmann Straussler Scheinker syndrome
1259471003	52448006	Dementia due to Hashimoto encephalopathy
1259473000	52448006	Dementia due to fragile X syndrome
1259476008	52448006	Dementia due to genetic disease
1259478009	52448006	Dementia due to familial Creutzfeldt-Jakob disease
1259480003	52448006	Dementia due to fatal familial insomnia
1259485008	52448006	Dementia due to cerebral vasculitis
1259488005	52448006	Dementia due to cerebral amyloid angiopathy
1259492003	52448006	Dementia due to metastatic malignant neoplasm to brain
1259494002	52448006	Dementia due to leukodystrophy
1259496000	52448006	Dementia due to Lyme disease
1259499007	52448006	Dementia due to hemorrhagic cerebral infarction due to hypertension
1259501004	52448006	Dementia due to kuru
1259503001	52448006	Dementia due to iatrogenic Creutzfeldt-Jakob disease
1259511006	52448006	Dementia due to Wilson disease
1259513009	52448006	Dementia due to Whipple disease
1259517005	52448006	Dementia due to systemic lupus erythematosus
1259519008	52448006	Dementia due to subacute sclerosing panencephalitis
1259522005	52448006	Dementia due to variant Creutzfeldt-Jakob disease
1259524006	52448006	Dementia due to trypanosomiasis
1259529001	52448006	Dementia due to sporadic Creutzfeldt-Jakob disease
1259531005	52448006	Dementia due to hypertensive encephalopathy
1259579003	52448006	Dementia due to Behcet syndrome
1259581001	52448006	Dementia due to celiac disease
1259584009	52448006	Post-dialysis dementia
1259586006	52448006	Dementia due to autoimmune encephalitis
1259591007	52448006	Dementia due to acquired hypothyroidism
1259656006	52448006	Dementia due to renal failure
1259661008	52448006	Dementia due to rheumatological disease
1259663006	52448006	Dementia due to polyarteritis nodosa
1259665004	52448006	Dementia due to progressive subcortical gliosis
1259667007	52448006	Dementia due to paraneoplastic encephalitis
1259673008	52448006	Dementia due to neurofilament inclusion body disease
1259675001	52448006	Dementia due to obstructive hydrocephalus
1259677009	52448006	Dementia due to multiple system atrophy
1259679007	52448006	Dementia due to atypical pantothenate kinase associated neurodegeneration
1259990004	52448006	Dementia due to classical pantothenate kinase associated neurodegeneration
1260352009	52448006	Frontotemporal dementia due to TARDBP mutation
1260353004	52448006	Frontotemporal dementia due to VCP mutation
1260354005	52448006	Frontotemporal dementia due to C9orf72 mutation
1260355006	52448006	Frontotemporal dementia due to FUS mutation
1263555006	52448006	Logopenic non-amnestic Alzheimer disease
1263585001	52448006	Frontal variant non-amnestic Alzheimer disease
1339031006	52448006	Dementia caused by ionizing radiation
1581000119101	52448006	Dementia of the Alzheimer type with behavioral disturbance
1591000119103	52448006	Dementia with behavioral disturbance
2421000119107	52448006	Hallucinations co-occurrent and due to late onset dementia
21921000119103	52448006	Dementia due to Pick's disease
22381000119105	52448006	Primary degenerative dementia
31081000119101	52448006	Presenile dementia with delusions
79341000119107	52448006	Mixed dementia
82351000119105	52448006	Altered behavior due to Pick's disease
82361000119107	52448006	Altered behavior in Huntington's dementia
82371000119101	52448006	Dementia due to multiple sclerosis with altered behavior
82381000119103	52448006	Epileptic dementia with behavioral disturbance
97751000119108	52448006	Altered behavior in Alzheimer's disease
101421000119107	52448006	Dementia due to Parkinson's disease
105421000119105	52448006	Early onset Alzheimer's disease with behavioral disturbance
106021000119105	52448006	Multi-infarct dementia due to atherosclerosis
130121000119104	52448006	Dementia due to Rett syndrome
141991000119109	52448006	Delusions in Alzheimer's disease
142001000119106	52448006	Depressed mood in Alzheimer's disease
142011000119109	52448006	Alzheimer's disease co-occurrent with delirium
288631000119104	52448006	Vascular dementia with behavioral disturbance
293671000119109	52448006	Behavioral disturbance due to multi-infarct dementia
16219201000119101	52448006	Behavioral disturbance co-occurrent and due to late onset Alzheimer dementia
16276361000119109	52448006	Vascular dementia without behavioral disturbance
42866003	53741008	Congenital coronary artery sclerosis
92517006	53741008	Calcific coronary arteriosclerosis
194842008	53741008	Single coronary vessel disease
194843003	53741008	Double coronary vessel disease
233817007	53741008	Triple vessel disease of the heart
233844002	53741008	Accelerated coronary artery disease in transplanted heart
315348000	53741008	Asymptomatic coronary heart disease
371803003	53741008	Multi vessel coronary artery disease
371804009	53741008	Left main coronary artery disease
371805005	53741008	Significant coronary bypass graft disease
420006002	53741008	Obliterative coronary artery disease
427919004	53741008	Coronary arteriosclerosis caused by radiation
429245005	53741008	Recurrent coronary arteriosclerosis after percutaneous transluminal coronary angioplasty
429673002	53741008	Arteriosclerosis of coronary artery bypass graft
442224005	53741008	Arteriosclerosis of autologous vein coronary artery bypass graft
442240008	53741008	Arteriosclerosis of nonautologous coronary artery bypass graft
442421004	53741008	Arteriosclerosis of arterial coronary artery bypass graft
443502000	53741008	Coronary atherosclerosis
444855007	53741008	Arteriosclerosis of coronary artery bypass graft of transplanted heart
444856008	53741008	Arteriosclerosis of internal mammary artery coronary artery bypass graft
719678003	53741008	Non-obstructive atherosclerosis of coronary artery
723862008	53741008	Atherosclerosis of non-autologous coronary artery bypass graft
724431008	53741008	Atherosclerosis of autologous coronary artery bypass graft
792842004	53741008	Coronary arteriosclerosis in artery of transplanted heart
1269257006	53741008	Arteriosclerosis of nonautologous biological coronary artery bypass graft
1293192009	53741008	Premature coronary artery disease
1303693000	53741008	Atherosclerosis of right coronary artery
139011000119104	53741008	Coronary arteriosclerosis following coronary artery bypass graft
285141000119106	53741008	Arteriosclerosis of autologous arterial coronary artery bypass graft
285151000119108	53741008	Arteriosclerosis of autologous coronary artery bypass graft
15960061000119102	53741008	Unstable angina co-occurrent and due to coronary arteriosclerosis
15960141000119102	53741008	Angina co-occurrent and due to coronary arteriosclerosis
15960381000119109	53741008	Angina co-occurrent and due to arteriosclerosis of coronary artery bypass graft
15960581000119102	53741008	Arteriosclerosis of autologous vein coronary artery bypass graft with angina
15960661000119107	53741008	Unstable angina co-occurrent and due to arteriosclerosis of coronary artery bypass graft
15960861000119108	53741008	Preinfarction syndrome due to coronary arteriosclerosis in artery of transplanted heart
16891151000119103	53741008	Coronary artery disease due to type 2 diabetes mellitus
16891191000119108	53741008	Coronary artery disease due to type 1 diabetes mellitus
840684000	5595000	Multidrug-resistant Salmonella enterica subspecies enterica serovar Typhi
30751000112106	5595000	Extended spectrum beta-lactamase producing Salmonella enterica subspecies enterica serovar Typhi
4225003	56717001	Tuberculosis of nose
4445009	56717001	Tuberculosis of genitourinary system
4501007	56717001	Tuberculous ascites
7444001	56717001	Tuberculosis of rectum
8250007	56717001	Tuberculosis of subcutaneous cellular tissue
8832006	56717001	Tuberculosis orificialis of anus
10528009	56717001	Lupus vulgaris
10706006	56717001	Tuberculosis of central nervous system
10893003	56717001	Tuberculous adenitis
11676005	56717001	Tuberculous leptomeningitis
12677003	56717001	Tuberculosis of brain
12985005	56717001	Tuberculosis of seminal vesicle
13570003	56717001	Tuberculous tenosynovitis
14188007	56717001	Tuberculosis of hip
14527007	56717001	Tuberculous empyema
15202009	56717001	Tuberculoma
15284007	56717001	Tuberculosis of esophagus
16409009	56717001	Tuberculosis of retroperitoneal lymph nodes
17136009	56717001	Tuberculosis of knee
17653001	56717001	Tuberculosis of bones and/or joints
20372007	56717001	Tuberculosis of prostate
22990009	56717001	Chronic tuberculosis
24235005	56717001	Tuberculous hydrothorax
24810006	56717001	Tuberculosis orificialis of mouth
25629007	56717001	Acute tuberculosis
25738004	56717001	Tuberculous synovitis
25831001	56717001	Tuberculosis of nasal septum
26935004	56717001	Tuberculosis of thyroid gland
28399005	56717001	Tuberculosis of spleen
29731002	56717001	Tuberculous pneumothorax
31112008	56717001	Tuberculous meningoencephalitis
32268008	56717001	Tuberculosis of urinary bladder
33893009	56717001	Tuberculosis verrucosa cutis
35117008	56717001	Tuberculosis of small intestine
35585004	56717001	Tuberculous endometritis
35786001	56717001	Tuberculoma of meninges
35984006	56717001	Tuberculosis of vertebral column
37133005	56717001	Tuberculous pyelitis
37260006	56717001	Congenital tuberculosis
38115001	56717001	Tuberculosis of spinal meninges
38279006	56717001	Tuberculosis of bone
38420005	56717001	Tuberculosis of large intestine
39306006	56717001	Tuberculosis of anus
40258005	56717001	Tuberculosis of testis
44182001	56717001	Tuberculous osteonecrosis
44323002	56717001	Tuberculosis of kidney
44572005	56717001	Tuberculous peritonitis
47292005	56717001	Tuberculosis of myocardium
47604008	56717001	Miliary tuberculosis
48225000	56717001	Tuberculous disseminated chorioretinitis
49107007	56717001	Tuberculosis of eye
49558004	56717001	Tuberculous salpingitis
49807009	56717001	Tuberculous dactylitis
51014003	56717001	Reactivation tuberculosis
52721006	56717001	Tuberculosis of nasal sinus
52987001	56717001	Tuberculosis of endocardium
54084005	56717001	Cervical tuberculous lymphadenitis
55419007	56717001	Tuberculosis of glottis
56498009	56717001	Tuberculosis of nasopharynx
58374007	56717001	Acute diffuse tuberculosis
58437007	56717001	Tuberculosis of meninges
58764007	56717001	Tuberculous osteomyelitis
60136008	56717001	Tuberculosis of intestine
62494007	56717001	Chronic miliary tuberculosis
62819009	56717001	Tuberculous cervicitis
63309002	56717001	Primary tuberculosis
63808004	56717001	Tuberculous chancre
66986005	56717001	Tuberculosis of skin
67256000	56717001	Tuberculosis of pericardium
70341005	56717001	Tuberculous laryngitis
71375000	56717001	Tuberculosis of mastoid process
71943007	56717001	Chronic granulomatous tuberculosis
72807002	56717001	Tuberculous polyserositis
74181004	56717001	Tuberculosis of female genital organs
74387008	56717001	Tuberculosis of hilar lymph nodes
77038006	56717001	Tuberculosis of peripheral lymph nodes
78436002	56717001	Tuberculosis of intrathoracic lymph nodes
79158003	56717001	Tuberculous interstitial keratitis
80003002	56717001	Tuberculous pneumonia
80010008	56717001	Isolated bronchial tuberculosis
80602006	56717001	Nodular tuberculosis of lung
81133003	56717001	Tuberculosis of bones of lower extremity
81359005	56717001	Tuberculosis of ureter
81554001	56717001	Tuberculosis of lung with involvement of bronchus
82495004	56717001	Tuberculosis of mediastinal lymph nodes
82796002	56717001	Scrofuloderma
83652003	56717001	Tuberculosis of epididymis
83784000	56717001	Tuberculosis of mediastinum
84194006	56717001	Tuberculous oophoritis
84288007	56717001	Tuberculous episcleritis
85692003	56717001	Tuberculosis of tracheobronchial lymph nodes
85940005	56717001	Tuberculous otitis media
88356006	56717001	Primary tuberculous complex
90117007	56717001	Tuberculous fibrosis of lung
90302003	56717001	Tuberculosis of cerebral meninges
91483004	56717001	Tuberculous encephalitis
111825008	56717001	Tuberculosis of conjunctiva
111830007	56717001	Tuberculosis of urinary organs
111832004	56717001	Primary progressive tuberculosis
154283005	56717001	Pulmonary tuberculosis
182159002	56717001	Disseminated tuberculosis
185113005	56717001	Tuberculosis of adrenal glands
186172004	56717001	Tuberculous pleurisy in primary progressive tuberculosis
186175002	56717001	Infiltrative lung tuberculosis
186177005	56717001	Tuberculosis of lung with cavitation
186178000	56717001	Tuberculosis of bronchus
186182003	56717001	Tuberculosis of pleura
186193001	56717001	Tuberculosis of lung, confirmed by sputum microscopy with or without culture
186194007	56717001	Tuberculosis of lung, confirmed by culture only
186195008	56717001	Tuberculosis of lung, confirmed histologically
186199002	56717001	Tuberculosis of larynx, trachea and bronchus, confirmed bacteriologically and histologically
186200004	56717001	Tuberculous pleurisy, confirmed bacteriologically and histologically
186202007	56717001	Respiratory tuberculosis, not confirmed bacteriologically or histologically
186203002	56717001	Tuberculosis of lung, bacteriologically and histologically negative
186204008	56717001	Tuberculosis of lung, bacteriological and histological examination not done
186225008	56717001	Tuberculosis of intestines, peritoneum and mesenteric glands
186259007	56717001	Scrofulous tuberculous abscess
186263000	56717001	Tuberculous chorioretinitis
186266008	56717001	Tuberculous chronic iridocyclitis
186267004	56717001	Tuberculous keratoconjunctivitis
186269001	56717001	Tuberculosis of ear
186270000	56717001	Tuberculous Addison's disease
186272008	56717001	Tuberculosis of stomach
186273003	56717001	Tuberculosis of liver
186276006	56717001	Acute miliary tuberculosis
186278007	56717001	Acute miliary tuberculosis of multiple sites
190710003	56717001	Tuberculous arthritis
193787009	56717001	Keratitis due to tuberculosis
194908003	56717001	Acute tuberculous pericarditis
194949003	56717001	Acute myocarditis - tuberculous
198241002	56717001	Female tuberculous pelvic inflammatory disease
199175001	56717001	Maternal tuberculosis during pregnancy, childbirth and the puerperium
202994006	56717001	Tuberculous infection of tendon sheath
203263006	56717001	Tuberculosis of cervical spine
203264000	56717001	Tuberculosis of thoracic spine
203265004	56717001	Tuberculosis of lumbar spine
203267007	56717001	Tuberculosis of limb bones
203269005	56717001	Tuberculosis of the upper arm bone
203270006	56717001	Tuberculosis of the forearm bone
203272003	56717001	Tuberculosis of bone of lower leg
203274002	56717001	Tuberculosis of multiple limb bones
203278004	56717001	Tuberculosis of bones of shoulder region
203279007	56717001	Tuberculosis of the bones of the hand
203280005	56717001	Tuberculosis of the bones of the ankle and/or foot
203282002	56717001	Tuberculosis of the bones of multiple sites
213580002	56717001	Caseating tuberculoid granuloma
233649005	56717001	Tuberculous chylothorax
233763009	56717001	Silicotuberculosis
233794009	56717001	Tuberculous bronchopleural fistula
234090004	56717001	Tuberculous mesenteric adenitis
235067001	56717001	Oral tuberculosis
235694001	56717001	Tuberculous duodenitis
236602004	56717001	Tuberculous stricture of ureter
236684001	56717001	Tuberculous urethritis
236770001	56717001	Tuberculous epididymo-orchitis
237445009	56717001	Tuberculosis of breast
238430004	56717001	Cutaneous complication of BCG immunization
238431000	56717001	BCG granuloma
238432007	56717001	BCG ulcer
240376003	56717001	Tuberculosis of gastrointestinal tract
240379005	56717001	Tuberculosis of male genital organs
240380008	56717001	Acute tuberculous ulcer
240381007	56717001	Acute miliary cutaneous tuberculosis
240382000	56717001	Cutaneous tuberculous gumma
267317007	56717001	Tuberculosis in pregnancy
271423008	56717001	Tuberculosis of skin and subcutaneous tissue
281623008	56717001	Genital tuberculosis
301836007	56717001	Tuberculosis of colon
302131003	56717001	Tuberculosis of heart
314029000	56717001	Tuberculous uveitis
373043002	56717001	Infection caused by Mycobacterium microti
373085003	56717001	Infection caused by Mycobacterium africanum
373086002	56717001	Infection caused by mycobacterium tuberculosis hominis
373437006	56717001	Infection caused by Mycobacterium bovis
373576009	56717001	Infection caused by Mycobacterium tuberculosis
402973006	56717001	BCG-induced lupus vulgaris
402974000	56717001	BCG-induced scrofuloderma
402975004	56717001	BCG-induced tuberculide
413556004	56717001	Antibiotic resistant tuberculosis
413852006	56717001	Ciprofloxacin resistant tuberculosis
414146004	56717001	Ethambutol resistant tuberculosis
414149006	56717001	Ethionamide resistant tuberculosis
414546009	56717001	Isoniazid resistant tuberculosis
415222009	56717001	Pyrazinamide resistant tuberculosis
415345001	56717001	Rifampicin resistant tuberculosis
415622003	56717001	Streptomycin resistant tuberculosis
416265003	56717001	Tuberculoma of brain
416903004	56717001	Tuberculoma of spinal cord
421571007	56717001	Tuberculosis with AIDS (acquired immunodeficiency syndrome)
422481005	56717001	Extreme drug resistant tuberculosis
423092005	56717001	Multidrug resistant tuberculosis
423709000	56717001	Drug resistant tuberculosis
423997002	56717001	Tuberculosis, extrapulmonary
427099000	56717001	Active tuberculosis
441770001	56717001	Orificial tuberculosis
446753005	56717001	Tuberculosis of oropharynx
446946005	56717001	Reinfection pulmonary tuberculosis
446986002	56717001	Tuberculous pleural effusion
447006007	56717001	Relapse pulmonary tuberculosis
447012002	56717001	Tuberculosis of spinal cord
447253004	56717001	Tuberculous arachnoiditis
447330002	56717001	Tuberculosis of abdomen
447371008	56717001	Tuberculous ileitis
449925002	56717001	Tuberculosis of bone of upper limb
460440005	56717001	Pericarditis with pericardial effusion caused by Mycobacterium tuberculosis complex
460464006	56717001	Constrictive pericarditis caused by Mycobacterium tuberculosis complex
473426009	56717001	Primary tuberculous complex confirmed by culture
473427000	56717001	Primary tuberculous complex confirmed histologically
473428005	56717001	Primary tuberculous complex confirmed by microscopic examination
473429002	56717001	Tuberculoma of spinal cord confirmed
473430007	56717001	Primary tuberculous complex confirmed
473431006	56717001	Primary tuberculous complex with bacteriological or histological examination results unknown
700272008	56717001	Respiratory tuberculosis
700273003	56717001	Isolated tracheobronchial tuberculosis
707149004	56717001	Mycobacterial lymphadenitis
710106005	56717001	Extensively drug resistant tuberculosis
714394004	56717001	Lupus vulgaris of nose
717697005	56717001	Tuberculous ulceration of vulva
721732001	56717001	Infection of musculoskeletal system caused by Mycobacterium tuberculosis
724541008	56717001	Acute miliary tuberculosis of single site
733835007	56717001	Extrapulmonary tuberculosis co-occurrent with human immunodeficiency virus infection
735517008	56717001	Myositis caused by Mycobacterium tuberculosis
735518003	56717001	Infection of digestive system caused by Mycobacterium tuberculosis
735519006	56717001	Infection of endocrine gland caused by Mycobacterium tuberculosis
735521001	56717001	Human immunodeficiency virus World Health Organization 2007 stage 1 co-occurrent with tuberculosis
735523003	56717001	Human immunodeficiency virus World Health Organization 2007 stage 2 co-occurrent with tuberculosis
735525005	56717001	Human immunodeficiency virus World Health Organization 2007 stage 3 co-occurrent with tuberculosis
735527002	56717001	Human immunodeficiency virus World Health Organization 2007 stage 4 co-occurrent with tuberculosis
770674007	56717001	Ghon complex
788960009	56717001	Tuberculosis of placenta
789056000	56717001	Tuberculosis of inner ear
789057009	56717001	Tuberculosis of middle ear
840446000	56717001	Dacryoadenitis caused by Mycobacterium tuberculosis
860803004	56717001	Hydrocephalus due to tuberculosis of brain
866083008	56717001	Infection of eyelid caused by Mycobacterium tuberculosis
870333003	56717001	Panuveitis caused by Mycobacterium tuberculosis
1144499001	56717001	Tuberculosis of pelvis and femur
1162297009	56717001	Infection of multiple sites of spine caused by Mycobacterium tuberculosis
1162356000	56717001	Tuberculous arthritis of hand caused by Mycobacterium tuberculosis
1162401004	56717001	Infection of thoracolumbar region of spine caused by Mycobacterium tuberculosis
1162404007	56717001	Infection of cervicothoracic region of spine caused by Mycobacterium tuberculosis
1162879007	56717001	Tuberculous arthritis of shoulder region caused by Mycobacterium tuberculosis
1176981005	56717001	Tuberculous posterior uveitis
1177009003	56717001	Tuberculosis of penis
1177013005	56717001	Tuberculosis of lumbosacral spine
1177015003	56717001	Tuberculous cerebral arteritis
1177018001	56717001	Tuberculous anterior uveitis
1177021004	56717001	Tuberculous infection of bile duct
1177026009	56717001	Tuberculosis of anal canal
1177031006	56717001	Tuberculous intermediate uveitis
1177041009	56717001	Tuberculous enterocolitis
1197013001	56717001	Gingival tuberculosis
1231669001	56717001	Tuberculosis of orbit
1286779006	56717001	Conjunctivitis caused by Mycobacterium tuberculosis
1286780009	56717001	Episcleritis caused by Mycobacterium tuberculosis
1092761000119105	56717001	Iridocyclitis caused by tuberculosis
1092771000119104	56717001	Tuberculous neuritis
10759881000119100	56717001	Tuberculosis in mother complicating childbirth
15984191000119101	56717001	Tuberculosis of right ear
15984231000119105	56717001	Tuberculosis of left ear
15984271000119108	56717001	Bilateral tuberculosis of ears
15988431000119101	56717001	Bilateral conjunctivitis of eyes caused by Mycobacterium tuberculosis
15988471000119103	56717001	Conjunctivitis of right eye caused by Mycobacterium tuberculosis
15988511000119107	56717001	Conjunctivitis of left eye caused by Mycobacterium tuberculosis
15991431000119108	56717001	Chorioretinitis of bilateral eyes caused by Mycobacterium tuberculosis
15991471000119106	56717001	Left chorioretinitis caused by Mycobacterium tuberculosis
15991511000119102	56717001	Right chorioretinitis caused by Mycobacterium tuberculosis
15991591000119106	56717001	Iridocyclitis of left eye caused by Mycobacterium tuberculosis
15991631000119106	56717001	Iridocyclitis of right eye caused by Mycobacterium tuberculosis
15991671000119109	56717001	Bilateral tuberculous iridocyclitis
15992751000119103	56717001	Episcleritis of left eye caused by Mycobacterium tuberculosis
15992791000119108	56717001	Bilateral episcleritis of eyes caused by Mycobacterium tuberculosis
15992831000119102	56717001	Episcleritis of right eye caused by Mycobacterium tuberculosis
16060551000119103	56717001	Neonatal tuberculosis
279001	57809008	Senile myocarditis
488007	57809008	Fibroid myocarditis
756003	57809008	Chronic rheumatic myopericarditis
1755008	57809008	Old myocardial infarction
2816000	57809008	Dilated cardiomyopathy due to myotonic dystrophy
2829000	57809008	Uhl's disease
4082005	57809008	Syphilitic myocarditis
6022005	57809008	Dilated cardiomyopathy due to sarcoidosis
8209004	57809008	Dilated cardiomyopathy due to hemochromatosis
8254003	57809008	Endomyocardial disease
8676001	57809008	Myocarditis due to hypersensitivity state
8916007	57809008	Protozoan myocarditis
9909003	57809008	Fatty degeneration of heart
11104006	57809008	Dilated cardiomyopathy due to phytanic acid storage disease
11176009	57809008	Acute myopericarditis
11849007	57809008	AV junctional rhythm
12563008	57809008	Dilated cardiomyopathy caused by radiation
13453009	57809008	Anomalous muscle bands of left ventricle
15544002	57809008	Restrictive cardiomyopathy secondary to infiltrations
15990001	57809008	Acute myocardial infarction of posterolateral wall
16253001	57809008	Dilated peripartum cardiomyopathy
18484008	57809008	Subacute interstitial myocarditis
20529002	57809008	Secondary dilated cardiomyopathy
21430002	57809008	Dilated cardiomyopathy due to rheumatoid arthritis
22298006	57809008	Myocardial infarction
22653005	57809008	Myocarditis due to infectious agent
24584003	57809008	Restrictive cardiomyopathy secondary to malignancy
26117009	57809008	Diphtheritic myocarditis
27097002	57809008	Danish type familial amyloid cardiomyopathy
27277001	57809008	Gouty tophus of heart
27885002	57809008	Complete atrioventricular block
28189009	57809008	Mobitz type II atrioventricular block
28869005	57809008	Dilated cardiomyopathy due to muscular dystrophy
30328003	57809008	Acute myoendocarditis
30496006	57809008	Dilated cardiomyopathy due to viral myocarditis
30884007	57809008	Restrictive cardiomyopathy secondary to familial storage disease
31993003	57809008	Toxic myocarditis
32574007	57809008	Past myocardial infarction diagnosed on ECG AND/OR other special investigation, but currently presenting no symptoms
33006007	57809008	Restrictive cardiomyopathy secondary to endocardial fibroelastosis
33258008	57809008	Primary eosinophilic endomyocardial restrictive cardiomyopathy
35719004	57809008	Dilated cardiomyopathy due to systemic sclerosis
35728003	57809008	Familial cardiomyopathy
36471000	57809008	Dilated cardiomyopathy due to systemic lupus erythematosus
37217002	57809008	Coxsackie myocarditis
37925008	57809008	Interstitial myocarditis
39041004	57809008	Restrictive cardiomyopathy secondary to sarcoidosis
39260000	57809008	Nonparoxysmal AV nodal tachycardia
39693003	57809008	Dilated cardiomyopathy due to granuloma
40532006	57809008	Dilated cardiomyopathy due to protozoan myocarditis
42099002	57809008	Primary endomyocardial fibrosis restrictive cardiomyopathy
42531007	57809008	Microinfarct of heart
44630002	57809008	Dilated cardiomyopathy due to fungal myocarditis
45093008	57809008	Chronic interstitial myocarditis
45227007	57809008	Hypertrophic obstructive cardiomyopathy
46109009	57809008	Subendocardial ischemia
46696008	57809008	Dilated cardiomyopathy due to dermatomyositis
46701001	57809008	Acute myocarditis
46939000	57809008	Keshan disease
47292005	57809008	Tuberculosis of myocardium
47830009	57809008	Junctional escape beats
50270004	57809008	Dilated cardiomyopathy due to Friedreich's ataxia
50275009	57809008	Cobalt cardiomyopathy
50920009	57809008	Myocarditis
52029003	57809008	Primary familial dilated cardiomyopathy
52035003	57809008	Acute anteroapical myocardial infarction
53043001	57809008	Primary idiopathic dilated cardiomyopathy
53703001	57809008	Primary eosinophilic endomyocardial cardiomyopathy
54016002	57809008	Mobitz type I incomplete atrioventricular block
54329005	57809008	Acute myocardial infarction of anterior wall
54830008	57809008	Dilated cardiomyopathy due to bacterial myocarditis
55087008	57809008	Myocarditis due to chemical agent
55482007	57809008	Isolated diffuse granulomatous myocarditis
56941009	57809008	Restrictive cardiomyopathy secondary to hemochromatosis
57054005	57809008	Acute myocardial infarction
58612006	57809008	Acute myocardial infarction of lateral wall
58629009	57809008	Dilated cardiomyopathy due to amyloidosis
58911001	57809008	Dilated cardiomyopathy due to glycogen storage disease
59063002	57809008	Acute myocardial infarction of apical-lateral wall
60514000	57809008	Dilated cardiomyopathy due to familial storage disease
60812006	57809008	Giant cell myocarditis
61012002	57809008	Chronic rheumatic myocarditis
61179004	57809008	Cardiac beriberi
62377009	57809008	Postpartum cardiomyopathy
62695002	57809008	Acute anteroseptal myocardial infarction
63183009	57809008	Primary idiopathic hypertrophic cardiomyopathy
63462008	57809008	Mumps myocarditis
64041007	57809008	Primary idiopathic restrictive cardiomyopathy
64043005	57809008	Bacterial myocarditis
64077000	57809008	Myocardial degeneration
64190005	57809008	Rubella myocarditis
64615000	57809008	Restrictive cardiomyopathy secondary to glycogen storage disease
64627002	57809008	Acute myocardial infarction of high lateral wall
64749001	57809008	Dilated cardiomyopathy due to infiltration
65547006	57809008	Acute myocardial infarction of inferolateral wall
65718001	57809008	Adenoviral myocarditis
66595008	57809008	Drug-related myocardial necrosis syndrome
68602002	57809008	Primary endomyocardial fibrosis cardiomyopathy
69589006	57809008	Subacute myoendocarditis
69609002	57809008	Nonobstructive cardiomyopathy
69730002	57809008	Idiojunctional tachycardia
70211005	57809008	Acute myocardial infarction of anterolateral wall
70422006	57809008	Acute subendocardial infarction
70998009	57809008	Acute myocardial infarction of posterobasal wall
72527006	57809008	Myocarditis caused by drug
72972005	57809008	Dilated cardiomyopathy caused by drug
73795002	57809008	Acute myocardial infarction of inferior wall
74249003	57809008	Dilated cardiomyopathy due to malignancy
74918002	57809008	Measles myocarditis
76534005	57809008	Myocarditis due to acquired toxoplasmosis
76593002	57809008	Acute myocardial infarction of inferoposterior wall
76931005	57809008	Restrictive cardiomyopathy secondary to granulomas
77221000	57809008	Incomplete atrioventricular block with atrioventricular response
78046005	57809008	Myocarditis caused by influenza virus
79009004	57809008	Acute myocardial infarction of septum
79096004	57809008	Myocarditis caused by physical agent
79152002	57809008	Dilated cardiomyopathy due to neuromuscular disorder
79754008	57809008	Restrictive cardiomyopathy secondary to amyloidosis
81681009	57809008	Junctional premature beats
83978005	57809008	Primary familial hypertrophic cardiomyopathy
84725008	57809008	Restrictive cardiomyopathy due to mucopolysaccharidosis
84733009	57809008	Dilated cardiomyopathy due to nutritional deficiency
85898001	57809008	Cardiomyopathy
86194008	57809008	Dilated cardiomyopathy due to infectious disease
86995005	57809008	Dilated cardiomyopathy due to mucopolysaccharidosis
87343002	57809008	Prinzmetal angina
88412007	57809008	AV node arrhythmia
88445007	57809008	Anomalous muscle bands of right ventricle
88782004	57809008	Myocarditis caused by radiation
89141000	57809008	Viral myocarditis
89461002	57809008	Primary cardiomyopathy
90828009	57809008	Primary restrictive cardiomyopathy
91025000	57809008	Idiopathic myocarditis
91468009	57809008	Meningococcal myocarditis
91604001	57809008	Dilated cardiomyopathy due to polyarteritis nodosa
92238001	57809008	Benign neoplasm of myocardium
93914000	57809008	Primary malignant neoplasm of myocardium
94433008	57809008	Metastatic malignant neoplasm to myocardium
94954008	57809008	Neoplasm of uncertain behavior of myocardium
109432004	57809008	Anomalous cardiac muscle bands
111285003	57809008	Dilated cardiomyopathy due to metabolic disorder
126732009	57809008	Neoplasm of myocardium
129574000	57809008	Postoperative myocardial infarction
134401001	57809008	Left ventricular systolic dysfunction
187195003	57809008	Toxoplasma myocarditis
194709000	57809008	Acute rheumatic myocarditis
194802003	57809008	True posterior myocardial infarction
194809007	57809008	Acute myocardial infarction of atrium
194849004	57809008	Generalized ischemic myocardial dysfunction
194856005	57809008	Subsequent myocardial infarction
194857001	57809008	Subsequent myocardial infarction of anterior wall
194858006	57809008	Subsequent myocardial infarction of inferior wall
194867006	57809008	Rupture of papillary muscle as current complication following acute myocardial infarction
194942007	57809008	Acute myocarditis associated with another disorder
194943002	57809008	Acute aseptic myocarditis of the newborn
194944008	57809008	Acute myocarditis - coxsackie
194945009	57809008	Acute myocarditis - diphtheritic
194946005	57809008	Acute myocarditis - influenzal
194947001	57809008	Acute syphilitic myocarditis
194948006	57809008	Acute myocarditis - toxoplasmosis
194949003	57809008	Acute myocarditis - tuberculous
194950003	57809008	Acute myocarditis - meningococcal
194956009	57809008	Septic myocarditis - pneumococcal
194957000	57809008	Septic myocarditis - staphylococcal
194958005	57809008	Septic myocarditis - streptococcal
195020003	57809008	Hypertrophic cardiomyopathy without obstruction
195021004	57809008	Primary dilated cardiomyopathy
195025008	57809008	Cardiac glycogenosis
195027000	57809008	Cardiomyopathy due to mucopolysaccharidosis
195029002	57809008	Cardiomyopathy associated with another disorder
195030007	57809008	Cardiomyopathy in Friedreich's ataxia
195031006	57809008	Cardiomyopathy in myotonic dystrophy
195032004	57809008	Dystrophic cardiomyopathy
195033009	57809008	Sarcoid heart muscle disease
195039008	57809008	Partial atrioventricular block
195042002	57809008	Second degree atrioventricular block
195071001	57809008	Paroxysmal junctional tachycardia
195072008	57809008	Paroxysmal nodal tachycardia
195136004	57809008	Rheumatoid myocarditis
204383001	57809008	Congenital complete atrioventricular heart block
204384007	57809008	Congenital incomplete atrioventricular heart block
204394002	57809008	Congenital anomaly of myocardium
213215000	57809008	Cardiorespiratory failure as a complication of care
233823002	57809008	Silent myocardial ischemia
233825009	57809008	Acute Q wave infarction - anteroseptal
233826005	57809008	Acute non-Q wave infarction - anteroseptal
233827001	57809008	Acute Q wave infarction - anterolateral
233828006	57809008	Acute non-Q wave infarction - anterolateral
233829003	57809008	Acute Q wave infarction - inferior
233830008	57809008	Acute non-Q wave infarction - inferior
233831007	57809008	Acute Q wave infarction - inferolateral
233832000	57809008	Acute non-Q wave infarction - inferolateral
233833005	57809008	Acute Q wave infarction - lateral
233834004	57809008	Acute non-Q wave infarction - lateral
233835003	57809008	Acute widespread myocardial infarction
233836002	57809008	Acute Q wave infarction - widespread
233837006	57809008	Acute non-Q wave infarction - widespread
233838001	57809008	Acute posterior myocardial infarction
233839009	57809008	Old anterior myocardial infarction
233840006	57809008	Old inferior myocardial infarction
233841005	57809008	Old lateral myocardial infarction
233842003	57809008	Old posterior myocardial infarction
233843008	57809008	Silent myocardial infarction
233860003	57809008	Post-infarction mitral papillary muscle rupture
233867000	57809008	Q fever myocarditis
233868005	57809008	Fungal myocarditis
233869002	57809008	Parasitic myocarditis
233871002	57809008	Congestive obstructive cardiomyopathy
233873004	57809008	Hypertrophic cardiomyopathy
233875006	57809008	Post-myocarditic cardiomyopathy
233877003	57809008	Restrictive cardiomyopathy without endomyocardial fibrosis
233878008	57809008	Familial restrictive cardiomyopathy
233880002	57809008	Chronic myocardial disorder caused by chemical or external agent
233895000	57809008	Ectopic atrioventricular node tachycardia
233896004	57809008	Re-entrant atrioventricular node tachycardia
233904005	57809008	Permanent junctional reciprocating tachycardia
233917008	57809008	Atrioventricular block
233918003	57809008	Postoperative complete heart block
233928007	57809008	Myocardial dysfunction
240077004	57809008	Severe scapuloperoneal muscular dystrophy with cardiomyopathy
251061000	57809008	Myocardial necrosis
251114004	57809008	Intermittent second degree atrioventricular block
251162005	57809008	AV-junctional (nodal) bradycardia
251163000	57809008	AV junctional (nodal) arrest
251165007	57809008	AV junctional (nodal) tachycardia
253390008	57809008	Tricuspid papillary muscle abnormality
253391007	57809008	Parachute malformation of tricuspid valve
253392000	57809008	Congenital absence of tricuspid papillary muscle
253393005	57809008	Fused tricuspid papillary muscle
253394004	57809008	Hypoplastic tricuspid papillary muscle
253410006	57809008	Mitral papillary muscle abnormality
253411005	57809008	Absent mitral papillary muscle
253412003	57809008	Fused mitral papillary muscles
253413008	57809008	Hypoplastic mitral papillary muscle
253528005	57809008	Arrhythmogenic right ventricular dysplasia
263944006	57809008	Anterolateral muscle band
264162009	57809008	Posteromedial muscle band
264571006	57809008	Septoparietal trabeculations
266238009	57809008	Isolated (Fiedler's) myocarditis
266250003	57809008	Mitral papillary muscle rupture
266252006	57809008	Mitral papillary muscle dysfunction
269299003	57809008	Cardiac insufficiency as a complication of care
270492004	57809008	First degree atrioventricular block
276516009	57809008	Myocardial ischemia of newborn
276517000	57809008	Transient myocardial ischemia of newborn
281091000	57809008	Ischemic myocardial dysfunction
281092007	57809008	Stunned myocardium
281093002	57809008	Hibernating myocardium
301122000	57809008	Myocardial lesion
304914007	57809008	Acute Q wave myocardial infarction
307140009	57809008	Acute non-Q wave infarction
311792005	57809008	Postoperative transmural myocardial infarction of anterior wall
311793000	57809008	Postoperative transmural myocardial infarction of inferior wall
311796008	57809008	Postoperative subendocardial myocardial infarction
314207007	57809008	Non-Q wave myocardial infarction
315026000	57809008	Transient myocardial ischemia
315608004	57809008	Cardiomyopathy in Duchenne muscular dystrophy
363437005	57809008	Malignant neoplasm of myocardium
370513009	57809008	Fibrosis of cardiac pacemaker electrode
394710008	57809008	First myocardial infarction
395704004	57809008	Left ventricular diastolic dysfunction
398716006	57809008	Endomyocardial fibrosis
398754006	57809008	Restrictive cardiomyopathy with endomyocardial fibrosis
399020009	57809008	Dilated cardiomyopathy
401303003	57809008	Acute ST segment elevation myocardial infarction
401314000	57809008	Acute non-ST segment elevation myocardial infarction
405547004	57809008	Abscess of myocardium
406428006	57809008	Hypertrophy of septomarginal trabeculation
413444003	57809008	Acute myocardial ischemia
413844008	57809008	Chronic myocardial ischemia
413933004	57809008	Coxsackie myocarditis of newborn
413994008	57809008	Dilated cardiomyopathy with connective tissue disorder
413995009	57809008	Dilated cardiomyopathy due to taurine deficiency
414795007	57809008	Myocardial ischemia
415295002	57809008	Restrictive cardiomyopathy
415509000	57809008	Secondary restrictive cardiomyopathy
416158002	57809008	Right ventricular systolic dysfunction
416610007	57809008	Right ventricular diastolic dysfunction
418044006	57809008	Myocardial infarction in recovery phase
419097006	57809008	Danon disease
421272004	57809008	Subacute myocarditis with AIDS (acquired immunodeficiency syndrome)
421929001	57809008	Myocarditis with AIDS (acquired immunodeficiency syndrome)
424045003	57809008	Myocardial bridge of coronary artery
426300009	57809008	Tachycardia-induced cardiomyopathy
426856002	57809008	Ischemic congestive cardiomyopathy
427372006	57809008	Eosinophilic myocarditis
427443009	57809008	Lymphocytic myocarditis
428196007	57809008	Mixed myocardial ischemia and infarction
429589006	57809008	Left ventricular cardiac dysfunction
430396006	57809008	Chronic systolic dysfunction of left ventricle
441541008	57809008	Takotsubo cardiomyopathy
447934002	57809008	Right ventricular myocardial noncompaction cardiomyopathy
447935001	57809008	Left ventricular myocardial noncompaction cardiomyopathy
448073002	57809008	Congenital abnormality of tricuspid papillary muscle
448159009	57809008	Abnormality of tricuspid subvalvar apparatus
448844001	57809008	Multiple mitral papillary muscles with hammock valve
448966009	57809008	Hypoplasia of trabecular portion of right ventricle
449353008	57809008	Hypoplasia of trabecular portion of left ventricle
457622003	57809008	Rupture of tricuspid valve papillary muscle
460317007	57809008	Myocarditis caused by Rickettsia
460329003	57809008	Myocarditis caused by Candida
460338001	57809008	Myocarditis caused by Aspergillus
460345001	57809008	Myocarditis caused by echovirus
460352004	57809008	Myocarditis caused by Spirochaetales
460500001	57809008	Histiocytoid mitochondrial cardiomyopathy due to cytochrome aa3 deficiency
460599007	57809008	Dysfunction of tricuspid valve papillary muscle
460620006	57809008	Myocarditis caused by Borrelia
462174007	57809008	Fetal heart failure with myocardial hypertrophy
471841009	57809008	Inflammatory cardiomyopathy
471846004	57809008	Cardiomyopathy due to neuromuscular disorder
471851005	57809008	Disorder of myocardium associated with rejection of cardiac transplant
471858004	57809008	Valvular cardiomyopathy
471863000	57809008	Disorder of myocardium due to sickle cell hemoglobinopathy
471870000	57809008	Pacing-induced cardiomyopathy
471875005	57809008	Ventricular myocardial noncompaction cardiomyopathy
471885006	57809008	Hypertrophic cardiomyopathy with genetic marker
471890009	57809008	Dilated cardiomyopathy with genetic marker
472100003	57809008	Ischemic dilated cardiomyopathy due to coronary artery disease
472315005	57809008	Mitochondrial cardiomyopathy
472316006	57809008	Hypertrophic mitochondrial cardiomyopathy
472317002	57809008	Histiocytoid mitochondrial cardiomyopathy
472318007	57809008	Hypertrophic mitochondrial cardiomyopathy associated with cataracts and lactic acidosis
472319004	57809008	Fatal infantile mitochondrial cardiomyopathy
472320005	57809008	Maternally inherited mitochondrial cardiomyopathy and myopathy
472322002	57809008	Disorder of fetal myocardium
472323007	57809008	Fetal cardiomyopathy
472324001	57809008	Fetal hypertrophic cardiomyopathy
472325000	57809008	Fetal hypertrophic cardiomyopathy due to twin to twin transfusion syndrome
472326004	57809008	Fetal hypertrophic cardiomyopathy associated with renal disease
472327008	57809008	Fetal dilated cardiomyopathy
472707009	57809008	Fetal myocarditis
472773007	57809008	Fetal ventricular dysfunction
472774001	57809008	Fetal right ventricular dysfunction
472775000	57809008	Fetal left ventricular dysfunction
472776004	57809008	Fetal biventricular dysfunction
472784000	57809008	Right ventricular dysfunction due to disorder of left ventricle
472809000	57809008	Atrioventricular block due to endocarditis
473365008	57809008	Dysfunction of right cardiac ventricle
697976003	57809008	Coronary microvascular dysfunction
698592004	57809008	Asymptomatic left ventricular systolic dysfunction
699668009	57809008	Secondary nonischemic congestive cardiomyopathy
700065003	57809008	Primary hypertrophic cardiomyopathy
702424003	57809008	Dilated cardiomyopathy 3B
703164000	57809008	Acute anterior ST segment elevation myocardial infarction
703165004	57809008	Acute ST segment elevation myocardial infarction of anterior wall involving right ventricle
703209002	57809008	Subsequent ST segment elevation myocardial infarction of inferior wall
703210007	57809008	Subsequent ST segment elevation myocardial infarction of anterior wall
703211006	57809008	Subsequent ST segment elevation myocardial infarction
703212004	57809008	Acute myocardial infarction during procedure
703213009	57809008	Acute ST segment elevation myocardial infarction of inferior wall
703251009	57809008	Acute myocardial infarction of inferior wall involving right ventricle
703252002	57809008	Acute myocardial infarction of anterior wall involving right ventricle
703253007	57809008	Acute ST segment elevation myocardial infarction of inferior wall involving right ventricle
703360004	57809008	Subsequent non-ST segment elevation myocardial infarction
704241002	57809008	Fetal hypertrophic cardiomyopathy due to maternal diabetes mellitus
713318009	57809008	Myocarditis co-occurrent with human immunodeficiency virus infection
713523008	57809008	Cardiomyopathy co-occurrent with human immunodeficiency virus infection
715535009	57809008	Naxos disease
715626008	57809008	Tropical endomyocardial fibrosis
715655000	57809008	Transthyretin related familial amyloid cardiomyopathy
715865008	57809008	Familial isolated arrhythmogenic right ventricular dysplasia
717812000	57809008	Congenital cataract, hypertrophic cardiomyopathy, mitochondrial myopathy syndrome
718212006	57809008	TMEM70 related mitochondrial encephalo-cardio-myopathy
718713000	57809008	Hypertrophic cardiomyopathy with hypotonia and lactic acidosis syndrome
719272007	57809008	Progressive sensorineural hearing loss and hypertrophic cardiomyopathy syndrome
719380003	57809008	Microcephalus cardiomyopathy syndrome
719451006	57809008	Dilated cardiomyopathy with hypergonadotropic hypogonadism syndrome
719824001	57809008	Vici syndrome
719835006	57809008	Wooly hair and palmoplantar keratoderma with dilated cardiomyopathy syndrome
719839000	57809008	Tubular renal disease with cardiomyopathy syndrome
720609003	57809008	Cardiomyopathy with cataract and hip spine disease syndrome
720610008	57809008	Cardiomyopathy and renal anomaly syndrome
721014007	57809008	Heart-hand syndrome Slovenian type
723863003	57809008	Myopericarditis
723865005	57809008	Infection causing myoendocarditis
723993005	57809008	Sensorineural deafness with dilated cardiomyopathy syndrome
724173009	57809008	Maternally inherited cardiomyopathy and hearing loss syndrome
725027004	57809008	Muscle and heart glycogen synthase deficiency
725416005	57809008	Cirrhotic cardiomyopathy
733125004	57809008	Acquired complete atrioventricular block
735685003	57809008	Atrioventricular reciprocating tachycardia
763280005	57809008	Encephalopathy, hypertrophic cardiomyopathy, renal tubular disease syndrome
766883006	57809008	Familial dilated cardiomyopathy with conduction defect due to LMNA mutation
771478008	57809008	Mitochondrial hypertrophic cardiomyopathy with lactic acidosis due to MTO1 deficiency
771509001	57809008	Hypertrophic cardiomyopathy and renal tubular disease due to mitochondrial DNA mutation
771513008	57809008	Infantile hypertrophic cardiomyopathy due to MRPL44 deficiency
774148007	57809008	Polyglucosan body myopathy type 1
775908005	57809008	Combined oxidative phosphorylation defect type 17
788878000	57809008	Diabetic cardiomyopathy
789037005	57809008	Rheumatic cardiomyopathy
836293000	57809008	Acute myocardial infarction of right ventricle
836294006	57809008	Acute myocardial infarction of apex of heart
836295007	57809008	Acute myocardial infarction of inferolateral wall with posterior extension
840309000	57809008	Acute ST segment elevation myocardial infarction due to proximal left anterior descending coronary artery occlusion
840312002	57809008	Acute ST segment elevation myocardial infarction due to mid left anterior descending coronary artery occlusion
840316004	57809008	Acute ST segment elevation myocardial infarction due to distal left anterior descending coronary artery occlusion
840609007	57809008	Acute ST segment elevation myocardial infarction due to occlusion of anterior descending branch of left coronary artery
840680009	57809008	Acute ST segment elevation myocardial infarction due to occlusion of septal branch of anterior descending branch of left coronary artery
846668006	57809008	Acute ST segment elevation myocardial infarction due to occlusion of diagonal branch of anterior descending branch of left coronary artery
846683001	57809008	Acute ST segment elevation myocardial infarction due to occlusion of intermediate artery
860837007	57809008	Cardiomyopathy due to connective tissue disease
860839005	57809008	Cardiomyopathy due to storage disease
863954001	57809008	Cardiotoxicity
868214006	57809008	Acute ST segment elevation myocardial infarction due to occlusion of proximal portion of right coronary artery
868217004	57809008	Acute ST segment elevation myocardial infarction due to occlusion of distal portion of right coronary artery
868220007	57809008	Acute ST segment elevation myocardial infarction due to occlusion of mid portion of right coronary artery
868224003	57809008	Acute ST segment elevation myocardial infarction due to occlusion of marginal branch of right coronary artery
868225002	57809008	Acute ST segment elevation myocardial infarction due to occlusion of posterior descending branch of right coronary artery
868226001	57809008	Acute ST segment elevation myocardial infarction due to occlusion of posterior lateral branch of right coronary artery
870301007	57809008	Myocarditis due to childhood type dermatomyositis
871587002	57809008	Myocarditis due to Chaga disease
871638006	57809008	Hypertrophic cardiomyopathy due to glycogen storage disease
871639003	57809008	Dilated cardiomyopathy due to mitochondrial disease
871640001	57809008	Myocarditis due to autoimmune disease
871646007	57809008	Infiltrative cardiomyopathy
871649000	57809008	Hypertrophic cardiomyopathy due to lysosomal disease
879955009	57809008	Myocardial infarction with non-obstructive coronary artery
880012008	57809008	Myocarditis due to Kawasaki disease
880014009	57809008	Dilated cardiomyopathy due to carnitine deficiency
880038008	57809008	Dilated cardiomyopathy due to lysosomal storage disease
880040003	57809008	Arrhythmogenic left ventricular cardiomyopathy
880042006	57809008	Dilated cardiomyopathy caused by anthracycline
890119003	57809008	Hypertrophic cardiomyopathy due to Friedreich ataxia
890120009	57809008	Hypertrophic cardiomyopathy due to neuromuscular disorder
890121008	57809008	Hypertrophic cardiomyopathy due to hyperthyroidism
890122001	57809008	Hypertrophic cardiomyopathy due to disorder
896689003	57809008	Acute myocardial infarction due to occlusion of circumflex branch of left coronary artery
896691006	57809008	Acute ST segment elevation myocardial infarction due to occlusion of circumflex branch of left coronary artery
896696001	57809008	Acute ST segment elevation myocardial infarction of apex of heart
896697005	57809008	Acute ST segment elevation myocardial infarction of right ventricle
1052287002	57809008	Gonococcal myocarditis
1137377003	57809008	Thyrotoxic cardiomyopathy
1142064005	57809008	Antidromic atrioventricular reciprocating tachycardia utilizing atrio-ventricular accessory pathway with antegrade unidirectional conduction
1142066007	57809008	Antidromic atrioventricular reciprocating tachycardia utilizing atrio-fascicular accessory pathway with antegrade unidirectional conduction
1142068008	57809008	Antidromic atrioventricular reciprocating tachycardia utilizing accessory pathway with antegrade unidirectional conduction
1142103004	57809008	Antidromic atrioventricular reciprocating tachycardia utilizing nodo-fascicular accessory pathway with antegrade unidirectional conduction
1142105006	57809008	Typical atrioventricular nodal re-entry tachycardia
1142117008	57809008	Atypical slow slow atrioventricular nodal re-entry tachycardia
1142118003	57809008	Atypical atrioventricular nodal re-entry tachycardia
1142119006	57809008	Atypical fast slow atrioventricular nodal re-entry tachycardia
1142120000	57809008	Orthodromic atrioventricular reciprocating tachycardia utilizing manifest accessory pathway
1142121001	57809008	Atrioventricular nodal reentry tachycardia with twin atrioventricular nodes
1142122008	57809008	Antidromic atrioventricular reciprocating tachycardia utilizing accessory pathway with bidirectional conduction
1142204001	57809008	Orthodromic atrioventricular reciprocating tachycardia utilizing concealed accessory pathway
1149109001	57809008	Dilated cardiomyopathy due to electrolyte imbalance
1153452008	57809008	Dilated cardiomyopathy due to parasitic myocarditis
1163440003	57809008	Postoperative acute myocardial infarction
1172839002	57809008	Lethal left ventricular non-compaction, seizures, hypotonia, cataract, developmental delay syndrome
1173036000	57809008	Combined oxidative phosphorylation defect type 23
1177176009	57809008	Intermediate epidermolysis bullosa simplex with cardiomyopathy
1179293006	57809008	Erythrokeratodermia cardiomyopathy syndrome
1186718008	57809008	Neonatal encephalomyopathy, cardiomyopathy, respiratory distress syndrome
1186866009	57809008	Acromegalic cardiomyopathy
1187635008	57809008	Maternally inherited mitochondrial cardiomyopathy
1187642008	57809008	Macrocephaly, intellectual disability, left ventricular non compaction syndrome
1197430005	57809008	QRSL1-related combined oxidative phosphorylation defect
1204151009	57809008	Acute inferior non-ST segment elevation myocardial infarction of right ventricle
1204152002	57809008	Acute inferior non-ST segment elevation myocardial infarction
1204154001	57809008	Acute anterior non-ST segment elevation myocardial infarction with right ventricular involvement
1204155000	57809008	Acute anterior non-ST segment elevation myocardial infarction
1204192000	57809008	Apical hypertrophic cardiomyopathy with aneurysm
1204194004	57809008	Apical hypertrophic cardiomyopathy
1204222000	57809008	Acute non-ST segment elevation myocardial infarction of right ventricle
1204460007	57809008	Myocardial dysfunction with sepsis
1208872002	57809008	Subsequent anterior non-ST segment elevation myocardial infarction
1208873007	57809008	Subsequent inferior non-ST segment elevation myocardial infarction
1208897003	57809008	Myocarditis due to idiopathic hypereosinophilic syndrome
1230303001	57809008	Fatal congenital hypertrophic cardiomyopathy due to glycogen storage disease
1234750000	57809008	Alcoholic cardiomyopathy
1264404009	57809008	Dilated cardiomyopathy due to scleroderma
1279844009	57809008	Primary triglyceride deposit cardiomyovasculopathy
111000119104	57809008	Nonischemic congestive cardiomyopathy
10971000087107	57809008	Myocardial ischemia during surgery
17531000119105	57809008	Acute myocardial infarction due to left coronary artery occlusion
23311000119105	57809008	Acute myocardial infarction due to right coronary artery occlusion
35401000087106	57809008	Old infarct of myocardium of apex of heart
35411000087108	57809008	Old infarct of myocardium of anterolateral region
35421000087100	57809008	Old inferolateral myocardial infarction
35431000087103	57809008	Old infarct of high lateral wall of myocardium
35441000087109	57809008	Old infarct of myocardium of posterolateral region
35451000087107	57809008	Old infarct of myocardium of ventricular septum
35461000087105	57809008	Anterior myocardial ischemia
35471000087101	57809008	Anteroapical myocardial ischemia
35481000087104	57809008	Myocardial ischemia of ventricular septum
35491000087102	57809008	Lateral myocardial ischemia
35501000087105	57809008	Anterolateral myocardial ischemia
35511000087107	57809008	Anteroseptal myocardial ischemia
35521000087104	57809008	Apical myocardial ischemia
35541000087108	57809008	Inferior myocardial ischemia
35551000087106	57809008	Inferolateral myocardial ischemia
35561000087109	57809008	Inferolateral myocardial ischemia with posterior extension
35571000087100	57809008	Posterolateral myocardial ischemia
35581000087103	57809008	Posterior myocardial ischemia
44811000087108	57809008	Acute ST segment elevation myocardial infarction due to distal left circumflex coronary artery occlusion
44821000087100	57809008	Acute ST segment elevation myocardial infarction due to mid left circumflex coronary artery occlusion
44831000087103	57809008	Acute ST segment elevation myocardial infarction due to obtuse marginal branch of left circumflex coronary artery occlusion
44841000087109	57809008	Acute ST segment elevation myocardial infarction due to posterolateral branch of left circumflex coronary artery occlusion
44851000087107	57809008	Acute ST segment elevation myocardial infarction due to proximal left circumflex coronary artery occlusion
102451000119107	57809008	Complete atrioventricular block as complication of atrioventricular nodal ablation
103331000119103	57809008	Toxic cardiomyopathy
108701000119102	57809008	Cardiomyopathy due to hypertension
119731000146105	57809008	Cardiomyopathy due to COVID-19
142951000119106	57809008	Myocarditis caused by Influenza A virus subtype H1N1
204981000119101	57809008	Cardiomyopathy due to viral infection
284941000119107	57809008	High degree second degree atrioventricular block
284951000119109	57809008	Postoperative atrioventricular block
285981000119103	57809008	Acute ST segment elevation myocardial infarction involving left anterior descending coronary artery
1086051000119107	57809008	Cardiomyopathy due to diphtheria
1089931000119105	57809008	Myocarditis due to scarlet fever
1240531000000103	57809008	Myocarditis due to COVID-19
10629351000119108	57809008	Myocarditis caused by Influenza A virus
12238111000119106	57809008	Acute ST segment elevation myocardial infarction of inferolateral wall
12238151000119107	57809008	Acute ST segment elevation myocardial infarction of inferoposterior wall
15629641000119107	57809008	Systolic heart failure stage B due to ischemic cardiomyopathy
15629741000119102	57809008	Systolic heart failure stage C due to ischemic cardiomyopathy
15712841000119100	57809008	Acute ST segment elevation myocardial infarction of posterolateral wall
15712881000119105	57809008	Acute ST segment elevation myocardial infarction of anterolateral wall
15712921000119103	57809008	Acute ST segment elevation myocardial infarction of lateral wall
15712961000119108	57809008	Acute ST segment elevation myocardial infarction of anteroseptal wall
15713001000119100	57809008	Acute ST segment elevation myocardial infarction of atrium
15713041000119103	57809008	Acute ST segment elevation myocardial infarction of posterior wall
15713081000119108	57809008	Acute ST segment elevation myocardial infarction due to left coronary artery occlusion
15713121000119105	57809008	Acute ST segment elevation myocardial infarction due to right coronary artery occlusion
15713161000119100	57809008	Acute ST segment elevation myocardial infarction of septum
15713201000119105	57809008	Acute ST segment elevation myocardial infarction of posterobasal wall
16228931000119102	57809008	Cardiomyopathy caused by drug
16837681000119104	57809008	Myocardial infarction due to demand ischemia
16837721000119105	57809008	Type 5 myocardial infarction
165468981000119105	57809008	Toxic dilated cardiomyopathy
726499301000119105	57809008	Myocardial infarction due to atherothrombotic coronary artery disease
2261009	59282003	Obstetrical pulmonary fat embolism
11454006	59282003	Failed attempted termination of pregnancy with amniotic fluid embolism
58123006	59282003	Failed attempted termination of pregnancy with pulmonary embolism
74315008	59282003	Pulmonary microemboli
82153002	59282003	Miscarriage with pulmonary embolism
194883006	59282003	Postoperative pulmonary embolus
200284000	59282003	Obstetric pulmonary embolism
200286003	59282003	Obstetric air pulmonary embolism
200299000	59282003	Obstetric pulmonary thromboembolism
233935004	59282003	Pulmonary thromboembolism
233936003	59282003	Acute massive pulmonary embolism
233937007	59282003	Subacute massive pulmonary embolism
233938002	59282003	Pulmonary fat embolism
233939005	59282003	Subacute pulmonary fat embolism
233940007	59282003	Pulmonary tumor embolism
237342006	59282003	Fat embolism - obstetric
267284008	59282003	Obstetric pyemic and septic pulmonary embolism
280964006	59282003	Pulmonary air embolism
438773007	59282003	Recurrent pulmonary embolism
441557008	59282003	Septic pulmonary embolism
609480009	59282003	Induced termination of pregnancy complicated by pulmonary embolism
703636009	59282003	Pulmonary oil microembolism
706870000	59282003	Acute pulmonary embolism
707412000	59282003	Chronic pulmonary thromboembolism
707413005	59282003	Chronic pulmonary thromboembolism without pulmonary hypertension
707414004	59282003	Acute pulmonary thromboembolism
713078005	59282003	Pulmonary embolism on long-term anticoagulation therapy
723859005	59282003	Pulmonary embolism due to and following acute myocardial infarction
860680001	59282003	Pulmonary embolism due to and following ectopic pregnancy
860681002	59282003	Pulmonary embolism due to and following molar pregnancy
1163244009	59282003	Postoperative pulmonary thromboembolism
1258896001	59282003	Amniotic fluid pulmonary embolism
1293114006	59282003	Pulmonary artery embolism due to foreign body
1001000119102	59282003	Pulmonary embolism with pulmonary infarction
133971000119108	59282003	Chronic pulmonary embolism
328511000119109	59282003	Saddle embolus of pulmonary artery
10759311000119104	59282003	Pulmonary embolism in childbirth
10760081000119108	59282003	Pyemic and septic embolism in childbirth
15964661000119102	59282003	Acute cor pulmonale due to septic pulmonary embolism
15964701000119109	59282003	Saddle embolus of pulmonary artery with acute cor pulmonale
230202002	62479008	Vacuolar myelopathy
416729007	62479008	Neutropenia with AIDS (acquired immunodeficiency syndrome)
420244003	62479008	Encephalitis with AIDS (acquired immunodeficiency syndrome)
420281004	62479008	Skin rash with AIDS (acquired immunodeficiency syndrome)
420302007	62479008	Reticulosarcoma with AIDS (acquired immunodeficiency syndrome)
420308006	62479008	Retinal vascular changes with AIDS (acquired immunodeficiency syndrome)
420321004	62479008	Intestinal malabsorption with AIDS (acquired immunodeficiency syndrome)
420384005	62479008	Hematopoietic system disease with AIDS (acquired immunodeficiency syndrome)
420395004	62479008	Acute endocarditis with AIDS (acquired immunodeficiency syndrome)
420403001	62479008	Pneumocystosis with AIDS (acquired immunodeficiency syndrome)
420452002	62479008	Myelopathy with AIDS (acquired immunodeficiency syndrome)
420524008	62479008	Kaposi's sarcoma with AIDS (acquired immunodeficiency syndrome)
420544002	62479008	Bacterial pneumonia with AIDS (acquired immunodeficiency syndrome)
420549007	62479008	Salivary gland disease with AIDS (acquired immunodeficiency syndrome)
420554003	62479008	Progressive multifocal leukoencephalopathy with AIDS (acquired immunodeficiency syndrome)
420614009	62479008	Organic dementia with AIDS (acquired immunodeficiency syndrome)
420658009	62479008	Radiculitis with AIDS (acquired immunodeficiency syndrome)
420691000	62479008	Nutritional deficiency with AIDS (acquired immunodeficiency syndrome)
420718004	62479008	Central nervous system demyelinating disease with AIDS (acquired immunodeficiency syndrome)
420721002	62479008	Acquired immunodeficiency syndrome-associated disorder
420764009	62479008	Salmonella infection with AIDS (acquired immunodeficiency syndrome)
420774007	62479008	Organic brain syndrome with AIDS (acquired immunodeficiency syndrome)
420787001	62479008	Pneumococcal pneumonia with AIDS (acquired immunodeficiency syndrome)
420801006	62479008	Malaise with AIDS (acquired immunodeficiency syndrome)
420818005	62479008	Mycobacteriosis with AIDS (acquired immunodeficiency syndrome)
420877009	62479008	Dermatomycosis with AIDS (acquired immunodeficiency syndrome)
420900006	62479008	Fatigue with AIDS (acquired immunodeficiency syndrome)
420938005	62479008	Subacute endocarditis with AIDS (acquired immunodeficiency syndrome)
420945005	62479008	Histoplasmosis with AIDS (acquired immunodeficiency syndrome)
421023003	62479008	Presenile dementia with AIDS (acquired immunodeficiency syndrome)
421047005	62479008	Candidiasis of lung with AIDS (acquired immunodeficiency syndrome)
421077004	62479008	Disseminated candidiasis with AIDS (acquired immunodeficiency syndrome)
421102007	62479008	Aplastic anemia with AIDS (acquired immunodeficiency syndrome)
421230000	62479008	Hepatomegaly with AIDS (acquired immunodeficiency syndrome)
421272004	62479008	Subacute myocarditis with AIDS (acquired immunodeficiency syndrome)
421283008	62479008	Primary lymphoma of brain with AIDS (acquired immunodeficiency syndrome)
421312009	62479008	Agranulocytosis with AIDS (acquired immunodeficiency syndrome)
421315006	62479008	Myelitis with AIDS (acquired immunodeficiency syndrome)
421394009	62479008	Skin disorder with AIDS (acquired immunodeficiency syndrome)
421403008	62479008	Cryptococcosis with AIDS (acquired immunodeficiency syndrome)
421415007	62479008	Subacute adenoviral encephalitis with AIDS (acquired immunodeficiency syndrome)
421431004	62479008	Nocardiosis with AIDS (acquired immunodeficiency syndrome)
421454008	62479008	Infectious gastroenteritis with AIDS (acquired immunodeficiency syndrome)
421460008	62479008	Retinopathy with AIDS (acquired immunodeficiency syndrome)
421508002	62479008	Viral pneumonia with AIDS (acquired immunodeficiency syndrome)
421529006	62479008	Dementia with AIDS (acquired immunodeficiency syndrome)
421571007	62479008	Tuberculosis with AIDS (acquired immunodeficiency syndrome)
421597001	62479008	Polyneuropathy with AIDS (acquired immunodeficiency syndrome)
421660003	62479008	Failure to thrive in infant with AIDS (acquired immunodeficiency syndrome)
421671002	62479008	Pneumonia with AIDS (acquired immunodeficiency syndrome)
421706001	62479008	Blindness with AIDS (acquired immunodeficiency syndrome)
421708000	62479008	Infective arthritis with AIDS (acquired immunodeficiency syndrome)
421710003	62479008	Candidiasis of mouth with AIDS (acquired immunodeficiency syndrome)
421766003	62479008	Thrombocytopenia with AIDS (acquired immunodeficiency syndrome)
421827003	62479008	Encephalopathy with AIDS (acquired immunodeficiency syndrome)
421874007	62479008	Respiratory disorder with AIDS (acquired immunodeficiency syndrome)
421883002	62479008	Strongyloidiasis with AIDS (acquired immunodeficiency syndrome)
421929001	62479008	Myocarditis with AIDS (acquired immunodeficiency syndrome)
421983003	62479008	Noninfectious gastroenteritis with AIDS (acquired immunodeficiency syndrome)
421998001	62479008	Central nervous disorder with AIDS (acquired immunodeficiency syndrome)
422012004	62479008	Neuritis with AIDS (acquired immunodeficiency syndrome)
422089004	62479008	Encephalomyelitis with AIDS (acquired immunodeficiency syndrome)
422127002	62479008	Herpes zoster with AIDS (acquired immunodeficiency syndrome)
422136003	62479008	Neuralgia with AIDS (acquired immunodeficiency syndrome)
422177004	62479008	Dyspnea with AIDS (acquired immunodeficiency syndrome)
422189002	62479008	Low vision with AIDS (acquired immunodeficiency syndrome)
422194002	62479008	Hyperhidrosis with AIDS (acquired immunodeficiency syndrome)
422282000	62479008	Malignant neoplasm with AIDS (acquired immunodeficiency syndrome)
422337001	62479008	Coccidioidomycosis with AIDS (acquired immunodeficiency syndrome)
445945000	62479008	Infectious disease with acquired immune deficiency syndrome
697965002	62479008	Cholangitis with AIDS (acquired immunodeficiency syndrome)
700053002	62479008	Sepsis with acquired immunodeficiency syndrome
1260096003	62479008	AIDS (acquired immunodeficiency syndrome) wasting syndrome
10746341000119109	62479008	Acquired immune deficiency syndrome complicating childbirth
590005	62914000	Congenital aneurysm of anterior communicating artery
1055001	62914000	Stenosis of precerebral artery
2495006	62914000	Congenital cerebral arteriovenous aneurysm
3681008	62914000	Thrombophlebitis of torcular Herophili
4262001	62914000	Phlebitis of superior sagittal sinus
6594005	62914000	Cerebrovascular disorder in the puerperium
6715005	62914000	Injury of external carotid artery
6729006	62914000	Cerebrofacial arteriovenous metameric syndrome type 2
6956001	62914000	Injury of carotid artery
8166000	62914000	Thrombophlebitis of basilar sinus
8269002	62914000	Cerebrospinal angiopathy
10349009	62914000	Multi-infarct dementia with delirium
10878002	62914000	Aneurysm of common carotid artery
12853006	62914000	Embolism of torcular Herophili
14070001	62914000	Multi-infarct dementia with depression
14246007	62914000	Embolism of intracranial venous sinus
14977000	62914000	Multiple AND bilateral precerebral artery thrombosis
15705007	62914000	Phlebitis of basilar sinus
15742000	62914000	Thrombosis of inferior sagittal sinus
16061002	62914000	Endophlebitis of lateral venous sinus
16418006	62914000	Embolism of basilar sinus
16652001	62914000	Fabry's disease
18058007	62914000	Phlebitis of intracranial venous sinus
18322005	62914000	Thrombosis of torcular Herophili
19474002	62914000	Injury of common carotid artery
20059004	62914000	Cerebral artery occlusion
21258007	62914000	Thrombosis of lateral venous sinus
23808003	62914000	Rolandic vein occlusion syndrome
23819000	62914000	Embolism of cavernous venous sinus
24624008	62914000	Aneurysm of internal carotid artery
24654003	62914000	Weber-Gubler syndrome
25133001	62914000	Completed stroke
25772007	62914000	Multi-infarct dementia with delusions
26954004	62914000	Thrombophlebitis of superior sagittal sinus
28366008	62914000	Cerebral arteritis
28790007	62914000	Obstruction of precerebral artery
29322000	62914000	Acute cerebrovascular insufficiency
30400005	62914000	Middle meningeal hemorrhage following injury
32112006	62914000	Phlebitis of inferior sagittal sinus
34781003	62914000	Vertebral artery syndrome
35386004	62914000	Cavernous sinus syndrome
36179005	62914000	R.I.N.D. syndrome
37943007	62914000	Embolism of multiple and bilateral precerebral arteries
38742007	62914000	Central retinal artery occlusion
39925003	62914000	Juvenile myopathy, encephalopathy, lactic acidosis, stroke
40276003	62914000	Embolism of precerebral artery
40450001	62914000	Embolism of superior sagittal sinus
42970005	62914000	Nonpyogenic thrombosis of intracranial venous sinus
43658003	62914000	Vertebral artery obstruction
45639009	62914000	Hereditary cerebral amyloid angiopathy, Icelandic type
48248005	62914000	Thrombophlebitis of inferior sagittal sinus
48601002	62914000	Thrombosis of precerebral artery
50751005	62914000	Sinus pericranii
51723007	62914000	Carotid sinus syncope
54265003	62914000	Congenital anomaly of cerebral artery
54519002	62914000	Basilar artery stenosis
55382008	62914000	Cerebral atherosclerosis
55734000	62914000	Endophlebitis of basilar sinus
56267009	62914000	Multi-infarct dementia
56384000	62914000	Embolism of inferior sagittal sinus
56453003	62914000	Hereditary cerebral amyloid angiopathy, Dutch type
57981008	62914000	Progressing stroke
60706008	62914000	Phlebitis of torcular Herophili
61091005	62914000	Aneurysm of external carotid artery
61687004	62914000	Endophlebitis of inferior sagittal sinus
62702001	62914000	Cerebral vein occlusion
64009001	62914000	Basilar artery syndrome
64586002	62914000	Carotid artery stenosis
64775002	62914000	Vertebral artery thrombosis
65084004	62914000	Vertebral artery embolism
65312002	62914000	Cerebral arteriosclerosis
65587001	62914000	Congenital anomaly of cerebrovascular system
67992007	62914000	Multiple AND bilateral precerebral artery obstruction
69116000	62914000	Moyamoya disease
69798007	62914000	Carotid artery obstruction
70607008	62914000	Thrombosis of superior sagittal sinus
70936005	62914000	Multi-infarct dementia, uncomplicated
71444005	62914000	Cerebral thrombosis
73173006	62914000	Spasm of cerebral arteries
73192008	62914000	Multiple AND bilateral precerebral artery stenosis
73390009	62914000	Endophlebitis of cavernous venous sinus
75138007	62914000	Endophlebitis of superior sagittal sinus
75543006	62914000	Cerebral embolism
76402003	62914000	Carotid artery insufficiency syndrome
78569004	62914000	Posterior inferior cerebellar artery syndrome
80606009	62914000	Carotid artery embolism
80758005	62914000	Embolism of lateral venous sinus
80820004	62914000	Injury of internal carotid artery
80901002	62914000	Endophlebitis of torcular Herophili
86003009	62914000	Carotid artery thrombosis
87555007	62914000	Claude's syndrome
87937009	62914000	Endophlebitis of intracranial venous sinus
88032003	62914000	Amaurosis fugax
88174006	62914000	Basilar artery thrombosis
88755007	62914000	Phlebitis of lateral venous sinus
88922007	62914000	Thrombosis of basilar sinus
89142007	62914000	Progressive intracranial arterial occlusion
89980009	62914000	Thrombosis of cavernous venous sinus
90099008	62914000	Subcortical leukoencephalopathy
90520006	62914000	Vertebral artery stenosis
92962004	62914000	Congenital absence of carotid artery
92997002	62914000	Congenital anomaly of carotid artery
93054001	62914000	Congenital dilatation of carotid artery
93312006	62914000	Congenital malposition of carotid artery
93396008	62914000	Congenital stenosis of carotid artery
93468003	62914000	Hemangioma of intracranial structure
95235009	62914000	Retroesophageal carotid artery
95455008	62914000	Thrombosis of cerebral veins
95456009	62914000	Brain stem ischemia
95458005	62914000	Cerebellar artery occlusion
95459002	62914000	Cerebellar artery thrombosis
95461006	62914000	Thrombophlebitis of cerebral vein
95644001	62914000	Systemic lupus erythematosus encephalitis
110997000	62914000	Fahr's syndrome
111028009	62914000	Arteriopathic granular atrophy of cerebral cortex
111296006	62914000	Basilar artery embolism
111297002	62914000	Nonparalytic stroke
111298007	62914000	Chronic cerebral ischemia
111299004	62914000	Atheroma of cerebral arteries
116288000	62914000	Paralytic stroke
128218002	62914000	Disorder of intracranial venous sinus
128608001	62914000	Aneurysm of cerebral artery
128609009	62914000	Intracranial aneurysm
186317009	62914000	Listerial cerebral arteritis
186893003	62914000	Rupture of syphilitic cerebral aneurysm
192759008	62914000	Cerebral venous sinus thrombosis
192761004	62914000	Thrombosis transverse sinus
192764007	62914000	Phlebitis cavernous sinus
192769002	62914000	Thrombophlebitis of central nervous system venous sinuses
192770001	62914000	Thrombophlebitis of cavernous sinus
192772009	62914000	Thrombophlebitis lateral venous sinus
195154000	62914000	Ruptured berry aneurysm
195155004	62914000	Subarachnoid hemorrhage from carotid siphon and bifurcation
195160000	62914000	Subarachnoid hemorrhage from vertebral artery
195180004	62914000	Basilar artery occlusion
195182007	62914000	Vertebral artery occlusion
195183002	62914000	Multiple and bilateral precerebral arterial occlusion
195200006	62914000	Carotid artery syndrome hemispheric
195205001	62914000	Impending cerebral ischemia
195206000	62914000	Intermittent cerebral ischemia
195209007	62914000	Middle cerebral artery syndrome
195210002	62914000	Anterior cerebral artery syndrome
195211003	62914000	Posterior cerebral artery syndrome
195212005	62914000	Brainstem stroke syndrome
195213000	62914000	Cerebellar stroke syndrome
195216008	62914000	Left sided cerebral hemisphere cerebrovascular accident
195217004	62914000	Right sided cerebral hemisphere cerebrovascular accident
195229008	62914000	Non-pyogenic venous sinus thrombosis
195232006	62914000	Occlusion and stenosis of middle cerebral artery
195233001	62914000	Occlusion and stenosis of anterior cerebral artery
195234007	62914000	Occlusion and stenosis of posterior cerebral artery
195235008	62914000	Occlusion and stenosis of cerebellar arteries
195236009	62914000	Occlusion and stenosis of multiple and bilateral cerebral arteries
200259003	62914000	Cerebral venous thrombosis in pregnancy
200260008	62914000	Cerebral venous thrombosis in puerperium
204493007	62914000	Arteriovenous malformation of precerebral vessels
204501003	62914000	Congenital stricture of cerebral artery
206576006	62914000	Neonatal cerebral ischemia
230220006	62914000	Intracranial septic embolism
230221005	62914000	Intracranial arterial septic embolism
230222003	62914000	Septic thrombophlebitis of straight sinus
230223008	62914000	Septic thrombophlebitis of sigmoid sinus
230224002	62914000	Septic thrombophlebitis of cortical vein
230225001	62914000	Septic thrombophlebitis of great cerebral vein
230482003	62914000	Carotidynia
230690007	62914000	Cerebrovascular accident
230691006	62914000	CVA - cerebrovascular accident due to cerebral artery occlusion
230713003	62914000	Stroke of uncertain pathology
230714009	62914000	Anterior circulation stroke of uncertain pathology
230715005	62914000	Posterior circulation stroke of uncertain pathology
230716006	62914000	Carotid territory transient ischemic attack
230717002	62914000	Vertebrobasilar territory transient ischemic attack
230720005	62914000	Cerebral venous thrombosis of straight sinus
230721009	62914000	Cerebral venous thrombosis of sigmoid sinus
230722002	62914000	Cerebral venous thrombosis of cortical vein
230723007	62914000	Cerebral venous thrombosis of great cerebral vein
230724001	62914000	Cerebral amyloid angiopathy
230725000	62914000	Sporadic cerebral amyloid angiopathy
230730001	62914000	Dissection of vertebral artery
230731002	62914000	Cerebral arteritis in systemic vasculitis
230732009	62914000	Cerebral arteritis in giant cell arteritis
230735006	62914000	Syphilitic cerebral arteritis
230738008	62914000	Asymptomatic cerebrovascular disease
232036006	62914000	Cilioretinal artery occlusion
233964008	62914000	Internal carotid artery stenosis
233983001	62914000	Ruptured cerebral aneurysm
233988005	62914000	Carotid artery aneurysm
234005004	62914000	Vertebral artery rupture
234006003	62914000	Carotid artery rupture
234142008	62914000	Cerebral arteriovenous malformation
234149004	62914000	Congenital arteriovenous fistula of brain
237867001	62914000	Hereditary cerebrovascular amyloidosis
253194008	62914000	Aneurysm of the vein of Galen
253699002	62914000	Isolation of common carotid artery
254775002	62914000	Bregeat's syndrome
262717000	62914000	Injury of vertebral artery
262940009	62914000	Transection of vertebral artery
262942001	62914000	Transection of carotid artery
266253001	62914000	Precerebral arterial occlusion
266254007	62914000	Carotid artery occlusion
266257000	62914000	Transient cerebral ischemia
275363001	62914000	Rupture of superficial cerebral vein
275434003	62914000	Stroke in the puerperium
276220007	62914000	Foville syndrome
276221006	62914000	Millard-Gubler syndrome
276594006	62914000	Perinatal rupture of superficial cerebral vein
276706004	62914000	Perinatal cerebral ischemia
277196008	62914000	Berry aneurysm
277299009	62914000	Ruptured cerebral arteriovenous malformation
277315000	62914000	Ruptured aneurysm of anterior cerebral artery
277316004	62914000	Ruptured aneurysm of middle cerebral artery
277319006	62914000	Ruptured aneurysm of posterior cerebral artery
277320000	62914000	Ruptured aneurysm of anterior communicating artery
277322008	62914000	Ruptured aneurysm of posterior communicating artery
277324009	62914000	Ruptured aneurysm of basilar artery
277325005	62914000	Ruptured aneurysm of posterior inferior cerebellar artery
277328007	62914000	Ruptured internal carotid-anterior communicating artery zone aneurysm
277329004	62914000	Ruptured internal carotid-posterior communicating artery zone aneurysm
277330009	62914000	Ruptured internal carotid bifurcation aneurysm
281240008	62914000	Extension of cerebrovascular accident
286742002	62914000	Impending cerebrovascular accident
287731003	62914000	Cerebral ischemia
297138001	62914000	Embolus of circle of Willis
297157005	62914000	Thrombus of intracranial vein
297176007	62914000	Vertebral artery aneurysm
300920004	62914000	Carotid atherosclerosis
302213007	62914000	Carotid cavernous fistula
302878004	62914000	Intracranial septic thrombophlebitis
302879007	62914000	Septic thrombophlebitis of cavernous sinus
302880005	62914000	Septic thrombophlebitis of sagittal sinus
302881009	62914000	Septic thrombophlebitis of lateral sinus
302909007	62914000	Diffuse cerebrovascular disease
307362003	62914000	Intracranial venous septic embolism
312586003	62914000	Intracranial thrombophlebitis
371040005	62914000	Thrombotic stroke
371041009	62914000	Embolic stroke
371121002	62914000	Neonatal stroke
371158002	62914000	Disorder of basilar artery
371160000	62914000	Disorder of carotid artery
373606000	62914000	Occlusive stroke
384993003	62914000	Periventricular hemorrhagic venous infarct
390936003	62914000	Cerebral autosomal dominant arteriopathy with subcortical infarcts and leukoencephalopathy
403775003	62914000	Hereditary neurocutaneous angiomata
408664007	62914000	Pontine artery occlusion
408665008	62914000	Pontine artery thrombosis
413758000	62914000	Cardioembolic stroke
416792008	62914000	Vein of Galen malformation
422504002	62914000	Ischemic stroke
423462008	62914000	Dural carotid cavernous fistula
425420004	62914000	Thrombosis of internal carotid artery
425932008	62914000	Thrombosis of posterior communicating artery
426651005	62914000	Bilateral carotid artery occlusion
426814001	62914000	Transient cerebral ischemia due to atrial fibrillation
427020007	62914000	Cerebral vasculitis
428089008	62914000	Venous hemangioma of brain
443929000	62914000	Small vessel cerebrovascular disease
444172003	62914000	Recurrent transient cerebral ischemic attack
444657001	62914000	Superior cerebellar artery syndrome
444869007	62914000	Cavernous hemangioma of brain
445109004	62914000	Isolation of left common carotid artery
445349004	62914000	Isolation of right common carotid artery
446712002	62914000	Thromboembolus of precerebral artery
449903008	62914000	Type I arteriovenous malformation of spinal cord
460307002	62914000	Systemic to pulmonary collateral artery from right carotid artery
460312001	62914000	Systemic to pulmonary collateral artery from left carotid artery
460880006	62914000	Arteriovenous fistula of great cerebral vein of Galen
460890003	62914000	Anomalous common origin of brachiocephalic artery and left common carotid artery
460899002	62914000	Anomalous origin of left common carotid artery from brachiocephalic artery
461326001	62914000	Anomalous separate origins of internal carotid arteries and external carotid arteries from single aortic arch
472746006	62914000	Cerebrovascular disorder due to paradoxical embolus
698363002	62914000	Postoperative thromboembolism of precerebral artery
699706000	62914000	Embolism of middle cerebral artery
700467001	62914000	Reversible cerebral vasoconstriction syndrome
702374000	62914000	Neonatal noninfectious cerebral venous sinus thrombosis
702575003	62914000	Retinocochleocerebral vasculopathy
703163006	62914000	Secondary cerebrovascular disease
703166003	62914000	Dural arteriovenous fistula
703176000	62914000	Ruptured aneurysm of vertebral artery
703180005	62914000	Asymptomatic occlusion of extracranial carotid artery
703184001	62914000	Asymptomatic occlusion of intracranial carotid artery
703193000	62914000	Congenital malformation of dural sinus
703205008	62914000	Asymptomatic occlusion of posterior cerebral artery
703206009	62914000	Asymptomatic occlusion of basilar artery
703207000	62914000	Asymptomatic occlusion of anterior cerebral artery
703208005	62914000	Asymptomatic occlusion of middle cerebral artery
703218000	62914000	Cerebral vasoconstriction syndrome
703219008	62914000	Cerebral autosomal recessive arteriopathy with subcortical infarcts and leukoencephalopathy
703221003	62914000	Congenital intracranial vascular malformation
703226008	62914000	Familial cerebral saccular aneurysm
703266007	62914000	Cerebrofacial arteriovenous metameric syndrome
703267003	62914000	Cerebrofacial arteriovenous metameric syndrome type 1
703268008	62914000	Cerebrofacial arteriovenous metameric syndrome type 3
703311009	62914000	Cerebral arteritis due to infectious disease
703312002	62914000	Primary cerebral arteritis
703313007	62914000	Cerebral amyloid angiopathy associated with systemic amyloidosis
705066004	62914000	Dissection of internal carotid artery
705129007	62914000	Thrombosis of middle cerebral artery
710575003	62914000	Transient ischemic attack due to embolism
713035000	62914000	Dissection of precerebral artery
713081000	62914000	Dissection of cerebral artery
713265001	62914000	Nontraumatic ruptured cerebral aneurysm
716051003	62914000	CVA (cerebrovascular accident) during surgery
716745004	62914000	Sneddon syndrome
717003001	62914000	Hereditary cavernous hemangioma of brain
718551002	62914000	Moyamoya disease with early onset achalasia
720626009	62914000	Dissection of carotid artery
720809000	62914000	Dissection of external carotid artery
721328009	62914000	Injury of intracranial vessel of head
721411005	62914000	Minor laceration of carotid artery
721412003	62914000	Minor laceration of vertebral artery
721979005	62914000	Lymphedema and cerebral arteriovenous anomaly syndrome
722004001	62914000	Agenesis of internal carotid artery
722642008	62914000	Major laceration of carotid artery
722643003	62914000	Major laceration of vertebral artery
722929005	62914000	Perinatal arterial ischemic stroke of fetus and/or neonate
722930000	62914000	Neonatal thrombosis of cerebral venous sinus
723857007	62914000	Silent micro-hemorrhage of brain
724097003	62914000	Moyamoya angiopathy, short stature, facial dysmorphism, hypergonadotropic hypogonadism syndrome
724357007	62914000	Hereditary cerebral hemorrhage with amyloidosis
724424009	62914000	Cerebral ischemic stroke due to small artery occlusion
724425005	62914000	Cerebral ischemic stroke due to intracranial large artery atherosclerosis
724426006	62914000	Cerebral ischemic stroke due to extracranial large artery atherosclerosis
724427002	62914000	Asymptomatic stenosis of intracranial artery
724428007	62914000	Asymptomatic stenosis of extracranial artery
724429004	62914000	Stroke co-occurrent with migraine
724779000	62914000	White matter disorder co-occurrent and due to cerebral autosomal dominant arteriopathy with subcortical infarcts and leukoencephalopathy
724993002	62914000	Cerebral ischemic stroke due to occlusion of extracranial large artery
724994008	62914000	Cerebral ischemic stroke due to stenosis of extracranial large artery
725132001	62914000	Ischemic stroke without residual deficits
734326000	62914000	Stenosis of left vertebral artery
734327009	62914000	Stenosis of right vertebral artery
734374000	62914000	Thrombosis of left carotid artery
734382000	62914000	Thrombosis of right carotid artery
734383005	62914000	Thrombosis of left middle cerebral artery
734384004	62914000	Thrombosis of right middle cerebral artery
734396006	62914000	Spontaneous rupture of left posterior communicating artery
734397002	62914000	Spontaneous rupture of right posterior communicating artery
734879002	62914000	Ruptured aneurysm of right posterior communicating artery
734880004	62914000	Ruptured aneurysm of left posterior communicating artery
734959006	62914000	Embolus of left cerebellar artery
734960001	62914000	Embolus of right cerebellar artery
734961002	62914000	Embolus of left posterior cerebral artery
734963004	62914000	Embolus of right posterior cerebral artery
734964005	62914000	Embolus of left middle cerebral artery
734965006	62914000	Embolus of right middle cerebral artery
735114006	62914000	Occlusion of right pontine artery
735115007	62914000	Occlusion of left pontine artery
735131004	62914000	Occlusion of left cerebellar artery
735132006	62914000	Occlusion of right cerebellar artery
737159004	62914000	Aneurysm of basilar artery
737160009	62914000	Dissection of basilar artery
762629007	62914000	Occlusion of right middle cerebral artery by embolus
762630002	62914000	Occlusion of left middle cerebral artery by embolus
762632005	62914000	Occlusion of left cerebellar artery by embolus
762633000	62914000	Occlusion of right cerebellar artery by embolus
762648006	62914000	Stenosis of right cerebellar artery
762649003	62914000	Stenosis of left cerebellar artery
762651004	62914000	Occlusion of right posterior cerebral artery by embolus
762652006	62914000	Occlusion of left posterior cerebral artery by embolus
771476007	62914000	Autosomal recessive leukoencephalopathy, ischemic stroke, retinitis pigmentosa syndrome
778060000	62914000	COL4A1-related familial vascular leukoencephalopathy
783161005	62914000	ABri amyloidosis
783258000	62914000	ADan amyloidosis
783413008	62914000	Multiple aneurysms of cerebral artery
783415001	62914000	Aneurysm of internal carotid bifurcation
783416000	62914000	Aneurysm of anterior cerebral artery
783417009	62914000	Aneurysm of posterior inferior cerebellar artery
783418004	62914000	Aneurysm of anterior communicating artery
783419007	62914000	Aneurysm of posterior cerebral artery
783420001	62914000	Aneurysm of middle cerebral artery
783421002	62914000	Aneurysm of posterior communicating artery
783422009	62914000	Aneurysm of internal carotid-anterior communicating artery zone
783423004	62914000	Aneurysm of internal carotid-posterior communicating artery zone
783629005	62914000	Congenital aneurysm of cerebral artery
783630000	62914000	Congenital aneurysm of precerebral artery
783707003	62914000	Cerebral aneurysm due to dissection of cerebral artery
783716004	62914000	Acquired aneurysm of cerebral artery
783731008	62914000	Fibromuscular dysplasia of wall of carotid artery
783733006	62914000	Bilateral fibromuscular dysplasia of wall of carotid arteries
783787000	62914000	Retinal vasculopathy with cerebral leukoencephalopathy and systemic manifestations
787044009	62914000	Bilateral stenosis of carotid arteries
788454002	62914000	Bilateral stenosis of vertebral arteries
788455001	62914000	Bilateral occlusion of pontine arteries
788880006	62914000	Cerebral ischemic stroke due to dissection of artery
788881005	62914000	Cerebral ischemic stroke due to aortic arch embolism
788882003	62914000	Cerebral ischemic stroke due to global hypoperfusion with watershed infarct
788883008	62914000	Cerebral ischemic stroke due to hypercoagulable state
788884002	62914000	Cerebral ischemic stroke due to subarachnoid hemorrhage
838275008	62914000	Stenosis of cerebral artery
838308007	62914000	Fibromuscular dysplasia of wall of intracranial artery
838309004	62914000	Cerebrovascular abnormality due to Takayasu disease
840419005	62914000	Dissection of extracranial carotid artery
840420004	62914000	Dissection of extracranial vertebral artery
840422007	62914000	Dissection of anterior cerebral artery
840434004	62914000	Dissection of posterior cerebral artery
840436002	62914000	Dissection of middle cerebral artery
840437006	62914000	Dissection of multiple cerebral arteries
840438001	62914000	Dissection of intracranial vertebral artery
840439009	62914000	Dissection of intracranial carotid artery
840441005	62914000	Dissection of intracranial artery
860820000	62914000	Hypoplasia of cranial sinus
870544005	62914000	Occlusion of distal basilar artery
870566003	62914000	Occlusion of anterior choroidal artery
870579007	62914000	Occlusion of branch of basilar artery
870637009	62914000	Cervical artery dissection
871637001	62914000	Thrombosis of multiple cerebral veins
1078223005	62914000	Thrombosis of cerebral venous sinus due to and following surgical procedure
1142056004	62914000	Neonatal ischemic stroke
1153543002	62914000	Occlusion of anterior cerebral artery
1153544008	62914000	Occlusion of right anterior cerebral artery
1153545009	62914000	Occlusion of left anterior cerebral artery
1153546005	62914000	Bilateral occlusion of posterior cerebral arteries
1153607003	62914000	Occlusion of right posterior communicating artery
1153608008	62914000	Occlusion of left posterior communicating artery
1153611009	62914000	Embolism of left anterior cerebral artery
1153612002	62914000	Embolism of right anterior cerebral artery
1153630009	62914000	Embolism of left carotid artery
1153631008	62914000	Embolism of right carotid artery
1153632001	62914000	Bilateral embolism of middle cerebral arteries
1153633006	62914000	Bilateral embolism of posterior cerebral arteries
1153634000	62914000	Bilateral embolism of anterior cerebral arteries
1153638002	62914000	Occlusion of bilateral cerebellar arteries
1155688007	62914000	Bilateral embolism of carotid arteries
1155689004	62914000	Bilateral embolism of cerebellar arteries
1155697006	62914000	Embolism of left vertebral artery
1155698001	62914000	Embolism of right vertebral artery
1155699009	62914000	Bilateral embolism of vertebral arteries
1156016006	62914000	Left posterior cerebral artery thrombosis
1156017002	62914000	Right posterior cerebral artery thrombosis
1156018007	62914000	Left cerebellar artery thrombosis
1156019004	62914000	Right cerebellar artery thrombosis
1156027008	62914000	Cerebral venous sinus thrombosis in pregnancy
1156029006	62914000	Cerebral venous sinus thrombosis in puerperium
1163536005	62914000	Aspergillus mycotic cerebral aneurysm
1173997008	62914000	Pontine autosomal dominant microangiopathy with leukoencephalopathy
1177015003	62914000	Tuberculous cerebral arteritis
1186710001	62914000	Leukoencephalopathy with calcifications and cysts
1186724002	62914000	HTRA1-related autosomal dominant cerebral small vessel disease
1187126002	62914000	ITM2B-related amyloidosis
1187538003	62914000	Cerebral secondary systemic amyloid angiopathy
1197363004	62914000	Pediatric arterial ischemic stroke
1197429000	62914000	Cathepsin A-related arteriopathy, strokes, leukoencephalopathy
1204128009	62914000	Cholesterol atheroembolism of cerebrum
1204147007	62914000	Asymptomatic stenosis of middle cerebral artery
1204148002	62914000	Asymptomatic stenosis of posterior cerebral artery
1204156004	62914000	Asymptomatic stenosis of intracranial carotid artery
1204158003	62914000	Asymptomatic stenosis of extracranial carotid artery
1204160001	62914000	Asymptomatic stenosis of extracranial vertebral artery
1204162009	62914000	Asymptomatic stenosis of anterior cerebral artery
1204164005	62914000	Asymptomatic stenosis of basilar artery
1204188007	62914000	Asymptomatic occlusion of extracranial vertebral artery
1204202004	62914000	Infective occlusion of cerebral artery
1208841001	62914000	Secondary moyamoya disease
1208871009	62914000	Transient ischemic attack co-occurrent with subarachnoid hemorrhage
1231168008	62914000	Malignant middle cerebral artery syndrome
1231188007	62914000	Ophthalmic artery occlusion
1258933008	62914000	Arteriovenous fistula of carotid artery and internal jugular vein
1259552002	62914000	Cerebrovascular disease due to late-delayed irradiation of brain
1263548009	62914000	Injury of cerebral portion of internal carotid artery
1269237007	62914000	Cerebrovascular accident due to thrombosis of anterior cerebral artery
1269238002	62914000	Thrombosis of anterior cerebral artery
1269239005	62914000	Thrombosis of left anterior cerebral artery
1269240007	62914000	Thrombosis of right anterior cerebral artery
1269243009	62914000	Bilateral thrombosis of carotid arteries
1269244003	62914000	Bilateral thrombosis of cerebellar arteries
1269245002	62914000	Bilateral thrombosis of posterior cerebral arteries
1269246001	62914000	Bilateral thrombosis of vertebral arteries
1269248000	62914000	Cerebrovascular accident due to occlusion of anterior choroidal artery
1269555002	62914000	Non-traumatic hemorrhage of subarachnoid space from vertebral artery
1287890000	62914000	Bilateral posterior communicating artery occlusion
1293173007	62914000	Aneurysm of intracranial artery
1293174001	62914000	Aneurysm of intracranial vein
1303162002	62914000	Laceration of carotid artery
1303209003	62914000	Complete transection of carotid artery
1332106007	62914000	Traumatic carotid cavernous fistula
1332386004	62914000	Thrombosis of bilateral anterior cerebral arteries
1344635001	62914000	Iatrogenic ischemic cerebral infarction
5571000124103	62914000	Cerebrovascular accident with intracranial hemorrhage
7931000119101	62914000	Anterior choroidal artery thrombosis
9611000119107	62914000	Symptomatic carotid artery stenosis
9631000119102	62914000	Carotid sinus hypersensitivity
9901000119100	62914000	Occlusion of cerebral artery with stroke
79341000119107	62914000	Mixed dementia
99451000119105	62914000	Cerebral infarction due to stenosis of carotid artery
106021000119105	62914000	Multi-infarct dementia due to atherosclerosis
126011000119107	62914000	Acquired caroticocavernous sinus fistula
128171000119104	62914000	Spontaneous caroticocavernous sinus fistula
140911000119109	62914000	Ischemic stroke with coma
140921000119102	62914000	Ischemic stroke without coma
284811000119102	62914000	Aneurysm of extracranial portion of internal carotid artery
284821000119109	62914000	Aneurysm of intracranial portion of internal carotid artery
284861000119104	62914000	Bilateral atherosclerosis of carotid arteries
284871000119105	62914000	Atherosclerosis of left carotid artery
284881000119108	62914000	Atherosclerosis of right carotid artery
285161000119105	62914000	Left carotid artery occlusion
285171000119104	62914000	Right carotid artery occlusion
285191000119103	62914000	Left carotid artery stenosis
285201000119100	62914000	Right carotid artery stenosis
291351000119109	62914000	Spontaneous hemorrhage of subarachnoid space from basilar artery
291371000119100	62914000	Spontaneous hemorrhage of subarachnoid space from intracranial artery
291411000119104	62914000	Spontaneous hemorrhage of subarachnoid space from left posterior communicating artery
291421000119106	62914000	Non-traumatic hemorrhage of subarachnoid space from left vertebral artery
291481000119105	62914000	Spontaneous hemorrhage of subarachnoid space from right posterior communicating artery
291491000119108	62914000	Non-traumatic hemorrhage of subarachnoid space from right vertebral artery
292621000119100	62914000	Occlusion of right vertebral artery
292631000119102	62914000	Occlusion of left vertebral artery
292661000119105	62914000	Cerebrovascular accident due to stenosis of right vertebral artery
292671000119104	62914000	Cerebrovascular accident due to stenosis of left vertebral artery
292681000119101	62914000	Cerebrovascular accident due to right vertebral artery occlusion
292691000119103	62914000	Cerebrovascular accident due to occlusion of left vertebral artery
293671000119109	62914000	Behavioral disturbance due to multi-infarct dementia
329361000119107	62914000	Cerebrovascular accident due to occlusion of right middle cerebral artery by embolus
329371000119101	62914000	Cerebrovascular accident due to occlusion of left middle cerebral artery by embolus
329421000119107	62914000	Cerebrovascular accident due to occlusion of right posterior cerebral artery by embolus
329431000119105	62914000	Cerebrovascular accident due to occlusion of left posterior cerebral artery by embolus
329451000119104	62914000	Cerebrovascular accident due to occlusion of right cerebellar artery by embolus
329461000119102	62914000	Cerebrovascular accident due to occlusion of left cerebellar artery by embolus
329481000119106	62914000	Occlusion of right middle cerebral artery
329491000119109	62914000	Occlusion of left middle cerebral artery
329501000119102	62914000	Bilateral occlusion of middle cerebral arteries
329541000119100	62914000	Bilateral occlusion of anterior cerebral arteries
329561000119101	62914000	Occlusion of right posterior cerebral artery
329571000119107	62914000	Occlusion of left posterior cerebral artery
329641000119104	62914000	Cerebrovascular accident due to thrombus of basilar artery
329651000119102	62914000	Cerebrovascular accident due to thrombus of right carotid artery
329671000119106	62914000	Traumatic subarachnoid hemorrhage with loss of consciousness
330101000119101	62914000	Rupture of congenital aneurysm of cerebral artery
330791000119108	62914000	Cerebrovascular accident due to thrombus of left carotid artery
336191000119105	62914000	Occlusion of right central retinal artery
341801000119101	62914000	Occlusion of left central retinal artery
347011000119102	62914000	Bilateral occlusion of central retinal arteries
431421000124103	62914000	Arteriosclerosis of carotid artery
11842811000119106	62914000	Complete transection of right carotid artery
11842851000119107	62914000	Complete transection of left carotid artery
11842891000119102	62914000	Right carotid artery injury
11842931000119105	62914000	Left carotid artery injury
11842971000119108	62914000	Right carotid artery laceration
11843011000119108	62914000	Left carotid artery laceration
11844791000119100	62914000	Right vertebral artery injury
11844831000119106	62914000	Left vertebral artery injury
11845111000119106	62914000	Traumatic right carotid cavernous fistula
11845151000119107	62914000	Traumatic left carotid cavernous fistula
12067951000119107	62914000	Cerebrovascular accident during operation on heart
12204031000119101	62914000	Cerebrovascular accident following heart procedure
12237911000119109	62914000	Amaurosis fugax of left eye
12237951000119105	62914000	Amaurosis fugax of right eye
15648201000119100	62914000	Aneurysm of intracranial portion of right internal carotid artery
15648241000119103	62914000	Aneurysm of intracranial portion of left internal carotid artery
15648281000119108	62914000	Aneurysm of extracranial portion of right internal carotid artery
15648321000119103	62914000	Aneurysm of extracranial portion of left internal carotid artery
15648361000119108	62914000	Aneurysm of right internal carotid artery
15648401000119104	62914000	Aneurysm of left internal carotid artery
15648441000119102	62914000	Aneurysm of right common carotid artery
15648481000119107	62914000	Aneurysm of left common carotid artery
15648521000119107	62914000	Aneurysm of right carotid artery
15648561000119102	62914000	Aneurysm of left carotid artery
15707961000119109	62914000	Bilateral carotid artery dissection
15708001000119106	62914000	Dissection of left carotid artery
15708041000119108	62914000	Dissection of right carotid artery
15710641000119100	62914000	Bilateral vertebral artery dissection
15710681000119105	62914000	Dissection of right vertebral artery
15710721000119104	62914000	Dissection of left vertebral artery
15978431000119106	62914000	Thrombosis of right vertebral artery
15978471000119109	62914000	Thrombosis of left vertebral artery
15978631000119109	62914000	Bilateral vertebral artery occlusion
15988351000119101	62914000	Acquired right carotid cavernous fistula
15988391000119106	62914000	Acquired left carotid cavernous fistula
16000351000119109	62914000	Cerebrovascular accident due to occlusion of left posterior cerebral artery
16000391000119104	62914000	Cerebrovascular accident due to occlusion of right posterior cerebral artery
16000431000119109	62914000	Cerebrovascular accident due to occlusion of right middle cerebral artery
16000511000119103	62914000	Cerebrovascular accident due to occlusion of left middle cerebral artery
16002031000119102	62914000	Cerebrovascular accident due to thrombus of right middle cerebral artery
16002111000119106	62914000	Cerebrovascular accident due to thrombus of left middle cerebral artery
16023751000119106	62914000	Occlusion of left anterior choroidal artery
16023831000119107	62914000	Occlusion of right anterior choroidal artery
16023911000119108	62914000	Cerebrovascular accident due to right carotid artery occlusion
16023951000119109	62914000	Cerebrovascular accident due to occlusion of left anterior choroidal artery
16023991000119104	62914000	Cerebrovascular accident due to occlusion of left pontine artery
16024031000119100	62914000	Cerebrovascular accident due to occlusion of right pontine artery
16024071000119102	62914000	Cerebrovascular accident due to occlusion of right anterior choroidal artery
16024111000119109	62914000	Cerebrovascular accident due to occlusion of left carotid artery
16024151000119105	62914000	Cerebrovascular accident due to occlusion of left cerebellar artery
16024271000119107	62914000	Cerebrovascular accident due to occlusion of right cerebellar artery
16026951000119102	62914000	Cerebrovascular accident due to right carotid artery stenosis
16026991000119107	62914000	Cerebrovascular accident due to left carotid artery stenosis
16218291000119100	62914000	Acute cerebral ischemia
16279401000119108	62914000	Occlusion of right cilioretinal artery
16279441000119105	62914000	Occlusion of left cilioretinal artery
16371781000119100	62914000	Cerebellar stroke
16476641000119100	62914000	Acquired arteriovenous fistula of dura of cerebrum
16520041000119104	62914000	Congenital fenestration of basilar artery
16528221000119104	62914000	Congenital duplication of anterior communicating artery
16644541000119106	62914000	Cerebrovascular accident due to occlusion of bilateral carotid arteries
16644681000119102	62914000	Cerebrovascular accident due to occlusion of bilateral pontine arteries
16644981000119109	62914000	Cerebrovascular accident due to occlusion of bilateral posterior communicating arteries
16661931000119102	62914000	Cerebrovascular accident due to stenosis of bilateral vertebral arteries
16661971000119104	62914000	Cerebrovascular accident due to stenosis of bilateral carotid arteries
16662331000119106	62914000	Aneurysm of right vertebral artery
16662371000119109	62914000	Aneurysm of left vertebral artery
16709811000119106	62914000	Spontaneous hemorrhage of subarachnoid space from anterior communicating artery
16891111000119104	62914000	Cryptogenic stroke
38595071000119104	62914000	Cerebrovascular accident due to thrombosis of right posterior cerebral artery
58173271000119101	62914000	Cerebrovascular accident due to embolism of bilateral cerebellar arteries
86553761000119103	62914000	Cerebrovascular accident due to occlusion of bilateral posterior cerebral arteries
107557061000119108	62914000	Cerebrovascular accident due to embolism of bilateral anterior cerebral arteries
117776611000119102	62914000	Cerebrovascular accident due to occlusion of left posterior communicating artery
152148641000119104	62914000	Cerebrovascular accident due to embolism of bilateral carotid arteries
168747591000119109	62914000	Cerebrovascular accident due to embolism of bilateral posterior cerebral arteries
182960891000119101	62914000	Cerebrovascular accident due to occlusion of left anterior cerebral artery
188174841000119103	62914000	Cerebrovascular accident due to occlusion of bilateral middle cerebral arteries
195772021000119105	62914000	Cerebrovascular accident due to thrombosis of left anterior cerebral artery
239965291000119107	62914000	Cerebrovascular accident due to occlusion of basilar artery
251770561000119107	62914000	Cerebrovascular accident due to embolism of left anterior cerebral artery
297778421000119102	62914000	Cerebrovascular accident due to thrombosis of bilateral posterior cerebral arteries
346674811000119104	62914000	Cerebrovascular accident due to occlusion of bilateral cerebellar arteries
384430101000119103	62914000	Cerebrovascular accident due to embolism of right carotid artery
488408691000119104	62914000	Cerebrovascular accident due to thrombosis of bilateral cerebellar arteries
496369931000119104	62914000	Cerebrovascular accident due to thrombosis of right cerebellar artery
511452481000119102	62914000	Cerebrovascular accident due to thrombosis of right vertebral artery
517253051000119105	62914000	Cerebrovascular accident due to embolism of left vertebral artery
563789641000119101	62914000	Cerebrovascular accident due to thrombosis of bilateral carotid arteries
578968971000119100	62914000	Cerebrovascular accident due to thrombosis of bilateral vertebral arteries
595899961000119100	62914000	Cerebrovascular accident of basal ganglia
635116041000119100	62914000	Sporadic cavernous malformation of cerebrum
652287331000119104	62914000	Cerebrovascular accident of brainstem
655081461000119101	62914000	Cerebrovascular accident due to occlusion of right anterior cerebral artery
720261501000119107	62914000	Cerebrovascular accident due to occlusion of bilateral anterior cerebral arteries
721711931000119105	62914000	Cerebrovascular accident due to thrombosis of bilateral anterior cerebral arteries
732330391000119107	62914000	Cerebrovascular accident due to embolism of bilateral vertebral arteries
759950981000119101	62914000	Cerebrovascular accident due to thrombosis of left vertebral artery
769023031000119104	62914000	Cerebrovascular accident of thalamus
806161651000119106	62914000	Cerebrovascular accident due to embolism of right vertebral artery
828066161000119106	62914000	Cerebrovascular accident due to thrombosis of right anterior cerebral artery
849488701000119104	62914000	Cerebrovascular accident due to embolism of right anterior cerebral artery
849579281000119106	62914000	Cerebrovascular accident due to occlusion of right posterior communicating artery
851365731000119106	62914000	Cerebrovascular accident due to thrombosis of left posterior cerebral artery
859422751000119101	62914000	Cerebrovascular accident due to embolism of left carotid artery
881694631000119107	62914000	Cerebrovascular accident of medulla oblongata
898941951000119108	62914000	Cerebrovascular accident due to occlusion of bilateral vertebral arteries
915141931000119109	62914000	Cerebrovascular accident due to embolism of basilar artery
939885431000119109	62914000	Cerebrovascular accident due to embolism of bilateral middle cerebral arteries
957319791000119104	62914000	Cerebrovascular accident due to thrombosis of left cerebellar artery
43922008	63491006	Jaw claudication
95443002	63491006	Venous intermittent claudication
102557007	63491006	Arm claudication
792845002	63491006	Intermittent claudication due to atherosclerosis of artery of limb
12236951000119108	63491006	Intermittent claudication of bilateral lower limbs co-occurrent and due to atherosclerosis
12237071000119100	63491006	Intermittent claudication of left lower limb co-occurrent and due to atherosclerosis
12237191000119103	63491006	Intermittent claudication of right lower limb co-occurrent and due to atherosclerosis
16013431000119104	63491006	Bilateral intermittent claudication of lower limbs due to atherosclerosis of nonbiological bypass graft
10365005	65198009	Right main coronary artery thrombosis
14977000	65198009	Multiple AND bilateral precerebral artery thrombosis
26214006	65198009	Thrombosis of retinal artery
28248000	65198009	Left anterior descending coronary artery thrombosis
31529002	65198009	Thrombosis of arteries of upper extremity
33591000	65198009	Thrombosis of arteries of the extremities
36568005	65198009	Hemolytic uremic syndrome of childhood
42878004	65198009	Thrombosis of thoracic aorta
48601002	65198009	Thrombosis of precerebral artery
52156004	65198009	Femoral artery thrombosis
56276002	65198009	Left main coronary artery thrombosis
57834008	65198009	Pulmonary artery thrombosis
60989005	65198009	Thromboembolism of renal arteries
64775002	65198009	Vertebral artery thrombosis
71444005	65198009	Cerebral thrombosis
78129009	65198009	Thrombotic thrombocytopenic purpura
78209002	65198009	Hemolytic uremic syndrome, adult type
82453008	65198009	Thrombosis of iliac artery
83940008	65198009	Hepatic artery thrombosis
84272007	65198009	Thrombosis of abdominal aorta
86003009	65198009	Carotid artery thrombosis
87239004	65198009	Popliteal artery thrombosis
88174006	65198009	Basilar artery thrombosis
89135007	65198009	Thromboarteritis
90958004	65198009	Thrombosis of arteries of lower extremity
95459002	65198009	Cerebellar artery thrombosis
95579008	65198009	Thrombosis of renal artery
111407006	65198009	Hemolytic uremic syndrome
111497000	65198009	Arterial thrombosis of spinal cord
126729006	65198009	Thrombotic microangiopathy
194821006	65198009	Coronary thrombosis not resulting in myocardial infarction
195317001	65198009	Embolism and thrombosis of the thoracic aorta
195319003	65198009	Embolism and thrombosis of the brachial artery
195320009	65198009	Embolism and thrombosis of the radial artery
195321008	65198009	Embolism and thrombosis of the ulnar artery
195323006	65198009	Embolism and thrombosis of the femoral artery
195324000	65198009	Embolism and thrombosis of the popliteal artery
195325004	65198009	Embolism and thrombosis of the anterior tibial artery
195326003	65198009	Embolism and thrombosis of the dorsalis pedis artery
195327007	65198009	Embolism and thrombosis of the posterior tibial artery
195335005	65198009	Embolism and/or thrombosis of the common iliac artery
195339004	65198009	Embolism and thrombosis of the subclavian artery
195340002	65198009	Embolism and thrombosis of the splenic artery
195341003	65198009	Embolism and thrombosis of the axillary artery
195342005	65198009	Embolism and thrombosis of the celiac artery
195343000	65198009	Embolism and thrombosis of hepatic artery
197000003	65198009	Superior mesenteric artery thrombosis
200299000	65198009	Obstetric pulmonary thromboembolism
230740003	65198009	Anterior spinal artery thrombosis
233935004	65198009	Pulmonary thromboembolism
233976008	65198009	Aortic bifurcation thrombosis
239203003	65198009	Arterial thrombosis of flap
243410003	65198009	Thrombosis of mesenteric artery
266262004	65198009	Arterial embolus and thrombosis
266263009	65198009	Embolism and thrombosis of the abdominal aorta
274101000	65198009	Aortic thromboembolism
297146000	65198009	Brachial artery thrombosis
297148004	65198009	Celiac artery thrombosis
297149007	65198009	Common femoral artery thrombosis
297150007	65198009	Common iliac artery thrombosis
297151006	65198009	External iliac artery thrombosis
297152004	65198009	Internal iliac artery thrombosis
297153009	65198009	Profunda femoris artery thrombosis
297154003	65198009	Subclavian artery thrombosis
297155002	65198009	Superficial femoral artery thrombosis
297162006	65198009	Crural artery thrombosis
300919005	65198009	Digital arterial thrombosis
312594005	65198009	Head and neck arterial thrombosis
373420004	65198009	Upshaw-Schulman syndrome
373421000	65198009	Diarrhea-associated hemolytic uremic syndrome
373422007	65198009	Diarrhea-negative hemolytic uremic syndrome
398274000	65198009	Coronary artery thrombosis
408665008	65198009	Pontine artery thrombosis
421327009	65198009	Coronary artery stent thrombosis
425420004	65198009	Thrombosis of internal carotid artery
425932008	65198009	Thrombosis of posterior communicating artery
427184002	65198009	Thrombosis of ulnar artery
438476003	65198009	Autoimmune thrombotic thrombocytopenic purpura
439007008	65198009	Acquired thrombotic thrombocytopenic purpura
441322009	65198009	Drug induced thrombotic thrombocytopenic purpura
444976001	65198009	Congenital hemolytic uremic syndrome
446712002	65198009	Thromboembolus of precerebral artery
449873008	65198009	Atherosclerotic plaque disruption with thrombosis of artery
698363002	65198009	Postoperative thromboembolism of precerebral artery
705129007	65198009	Thrombosis of middle cerebral artery
707412000	65198009	Chronic pulmonary thromboembolism
707413005	65198009	Chronic pulmonary thromboembolism without pulmonary hypertension
707414004	65198009	Acute pulmonary thromboembolism
722721004	65198009	Familial hemolytic uremic syndrome
723869004	65198009	Acute occlusion of aortoiliac artery co-occurrent and due to thromboembolus
723870003	65198009	Acute occlusion of artery of lower limb co-occurrent and due to thromboembolus
723871004	65198009	Acute occlusion of aortoiliac artery due to thrombosis
723872006	65198009	Acute occlusion of artery of lower limb due to thrombosis
723873001	65198009	Arterial obstruction due to thrombotic embolism from mural thrombus of heart
723875008	65198009	Arterial obstruction due to thrombotic embolism from aneurysm of artery
733126003	65198009	Acute occlusion of artery of upper limb caused by thromboembolus
733127007	65198009	Acute occlusion of artery of upper limb caused by thrombus
733325006	65198009	Combined occlusion by thrombus of retinal artery and retinal vein
734298005	65198009	Thromboembolus of internal iliac artery
734299002	65198009	Thromboembolus of external iliac artery
734374000	65198009	Thrombosis of left carotid artery
734382000	65198009	Thrombosis of right carotid artery
734383005	65198009	Thrombosis of left middle cerebral artery
734384004	65198009	Thrombosis of right middle cerebral artery
789660001	65198009	Atypical hemolytic uremic syndrome
1010729007	65198009	Thromboembolus of artery of upper limb
1010730002	65198009	Thromboembolus of artery of lower limb
1144912000	65198009	Chronic thrombotic microangiopathy
1144964006	65198009	Acute intravascular thrombotic microangiopathy
1156016006	65198009	Left posterior cerebral artery thrombosis
1156017002	65198009	Right posterior cerebral artery thrombosis
1156018007	65198009	Left cerebellar artery thrombosis
1156019004	65198009	Right cerebellar artery thrombosis
1163244009	65198009	Postoperative pulmonary thromboembolism
1204177001	65198009	Acute thromboembolic subclavian artery occlusion
1204178006	65198009	Acute thrombotic subclavian artery occlusion
1204179003	65198009	Acute thromboembolic renal artery occlusion
1204180000	65198009	Acute thrombotic renal artery occlusion
1204181001	65198009	Acute thrombotic popliteal artery occlusion
1204182008	65198009	Acute thrombotic iliac artery occlusion
1204183003	65198009	Acute occlusion of popliteal artery due to thromboembolus
1204184009	65198009	Acute thrombotic crural artery occlusion
1204185005	65198009	Acute thromboembolic iliac artery occlusion
1204186006	65198009	Acute thrombotic common femoral artery occlusion
1204187002	65198009	Acute thromboembolic crural artery occlusion
1204195003	65198009	Acute occlusion of visceral artery due to thromboembolus
1204196002	65198009	Acute occlusion of visceral artery due to thrombosis
1204197006	65198009	Acute occlusion of superficial femoral artery due to thromboembolus
1204198001	65198009	Acute occlusion of superficial femoral artery due to thrombosis
1204212006	65198009	Acute occlusion of brachial artery due to thrombosis
1204213001	65198009	Acute occlusion of common femoral artery due to thromboembolus
1204214007	65198009	Acute occlusion of brachial artery due to thromboembolus
1204215008	65198009	Acute occlusion of axillary artery due to thromboembolus
1204216009	65198009	Acute occlusion of axillary artery due to thrombosis
1204217000	65198009	Acute occlusion of artery due to thromboembolus
1204218005	65198009	Acute occlusion of artery due to thrombosis
1204219002	65198009	Acute occlusion of aortic bifurcation due to thromboembolus
1204220008	65198009	Acute occlusion of aortic bifurcation due to thrombosis
1208816008	65198009	Arterial obstruction due to thrombotic embolism from aneurysm of popliteal artery
1208818009	65198009	Arterial obstruction due to thrombotic embolism from aneurysm of thoracic aorta
1208819001	65198009	Arterial obstruction due to paradoxical embolism
1208822004	65198009	Arterial obstruction due to thrombotic embolism from aneurysm of abdominal aorta
1208844009	65198009	Arterial obstruction due to thrombotic embolism from aneurysm of ventricle
1208856005	65198009	Thrombotic embolism from cardiac atrium
1208858006	65198009	Thrombotic embolism from cardiac ventricle
1264001009	65198009	De novo thrombotic microangiopathy following transplant of kidney
1269225005	65198009	Hemolytic uremic syndrome with DGKE deficiency
1269238002	65198009	Thrombosis of anterior cerebral artery
1269239005	65198009	Thrombosis of left anterior cerebral artery
1269240007	65198009	Thrombosis of right anterior cerebral artery
1269243009	65198009	Bilateral thrombosis of carotid arteries
1269244003	65198009	Bilateral thrombosis of cerebellar arteries
1269245002	65198009	Bilateral thrombosis of posterior cerebral arteries
1269246001	65198009	Bilateral thrombosis of vertebral arteries
1269270002	65198009	Infection-related hemolytic uremic syndrome
1279832006	65198009	Acute occlusion of peripheral artery due to thrombosis
1293264009	65198009	Atypical hemolytic uremic syndrome with complement gene abnormality
1295220004	65198009	Atypical hemolytic uremic syndrome with anti-factor H antibodies
1332386004	65198009	Thrombosis of bilateral anterior cerebral arteries
7931000119101	65198009	Anterior choroidal artery thrombosis
139971000119106	65198009	Thrombosis of coronary artery bypass graft
15972461000119101	65198009	Thrombosis of left iliac artery
15972501000119101	65198009	Thrombosis of right iliac artery
15972541000119104	65198009	Thrombosis of bilateral iliac arteries
15972701000119106	65198009	Thrombosis of splenic artery
15978431000119106	65198009	Thrombosis of right vertebral artery
15978471000119109	65198009	Thrombosis of left vertebral artery
16007751000119109	65198009	Thrombosis of artery of right upper extremity
16007791000119104	65198009	Thrombosis of right ulnar artery
16007831000119105	65198009	Bilateral thrombosis of ulnar arteries
16007871000119108	65198009	Thrombosis of artery of left upper extremity
16007911000119106	65198009	Thrombosis of left ulnar artery
16012791000119103	65198009	Thrombosis of artery of right lower extremity
16012831000119109	65198009	Thrombosis of artery of left lower extremity
16012911000119105	65198009	Thrombosis of left popliteal artery
16012951000119106	65198009	Thrombosis of right popliteal artery
16012991000119101	65198009	Thrombosis of left femoral artery
16013031000119107	65198009	Thrombosis of right femoral artery
16013071000119105	65198009	Bilateral thrombosis of common femoral arteries
16013111000119103	65198009	Thrombosis of right common femoral artery
16013151000119102	65198009	Thrombosis of left common femoral artery
16013191000119107	65198009	Bilateral thrombosis of femoral arteries
16026391000119106	65198009	Thrombosis of aorta
232417611000119100	65198009	Thrombotic microangiopathy following transplantation of hematopoietic stem cell
160498000	65853000	School child
413327003	65853000	Student in full time education
450768005	65853000	International student
5061000175102	65853000	Student in part-time education
12232008	67362008	Syphilitic aneurysm of aorta
14336007	67362008	Ruptured abdominal aortic aneurysm
16972009	67362008	Congenital aneurysm of aorta
54160000	67362008	Congenital aneurysm of sinus of Valsalva
73067008	67362008	Ruptured aortic aneurysm
74883004	67362008	Thoracic aortic aneurysm without rupture
75878002	67362008	Abdominal aortic aneurysm without rupture
195258006	67362008	Thoracic aortic aneurysm which has ruptured
195265003	67362008	Thoracoabdominal aortic aneurysm, ruptured
195268001	67362008	Leaking abdominal aortic aneurysm
233984007	67362008	Thoracoabdominal aortic aneurysm
233985008	67362008	Abdominal aortic aneurysm
253646008	67362008	Congenital aneurysm of ascending aorta
314184006	67362008	Ruptured suprarenal aortic aneurysm
314185007	67362008	Juxtarenal aortic aneurysm
314186008	67362008	Inflammatory abdominal aortic aneurysm
315295003	67362008	Recurrent abdominal aortic aneurysm
425771001	67362008	Enlarging abdominal aortic aneurysm
425963007	67362008	Aneurysm of ascending aorta
426270006	67362008	Aneurysm of suprarenal aorta
426948001	67362008	Aneurysm of descending aorta
427490006	67362008	Aneurysm of supraceliac aorta
433068007	67362008	Aneurysm of thoracic aorta
444569004	67362008	Aneurysm of infrarenal abdominal aorta
445284003	67362008	Aortic sinus of Valsalva aneurysm from noncoronary sinus
445285002	67362008	Aortic sinus of Valsalva aneurysm from left coronary sinus
445286001	67362008	Aortic sinus of Valsalva aneurysm from right coronary sinus
448098001	67362008	Aneurysm of aortic sinus of Valsalva with protrusion into pulmonary artery
448099009	67362008	Aneurysm of aortic sinus of Valsalva with protrusion into right atrium
448100001	67362008	Aneurysm of aortic sinus of Valsalva with protrusion into right ventricle
448115000	67362008	Aneurysm of aortic sinus of Valsalva with protrusion into left atrium
448116004	67362008	Aneurysm of aortic sinus of Valsalva with protrusion into left ventricle
448117008	67362008	Aneurysm of aortic sinus of Valsalva with protrusion into pericardial cavity
448328001	67362008	Aneurysm of aortic sinus of Valsalva without rupture
448528000	67362008	Aneurysm of aortic sinus of Valsalva with rupture to pericardial cavity
448723007	67362008	Aneurysm of aortic sinus of Valsalva with rupture to left atrium
448724001	67362008	Aneurysm of aortic sinus of Valsalva with rupture to left ventricle
448744007	67362008	Aneurysm of aortic sinus of Valsalva with rupture to pulmonary artery
448745008	67362008	Aneurysm of aortic sinus of Valsalva with rupture to right atrium
448746009	67362008	Aneurysm of aortic sinus of Valsalva with rupture to right ventricle
448843007	67362008	Aortico-left ventricular tunnel with aneurysm of intracardiac septal wall and aneurysm of extracardiac aortic wall
448975006	67362008	Aortico-left ventricular tunnel with extracardiac aneurysm of aortic wall
712578006	67362008	Aneurysm of aortic arch
715364001	67362008	Familial abdominal aortic aneurysm
735575007	67362008	Perforation of thoracic aorta co-occurrent and due to aneurysm of thoracic aorta
735576008	67362008	Perforation of abdominal aorta co-occurrent and due to aneurysm of abdominal aorta
735577004	67362008	Perforation of thoracoabdominal aorta co-occurrent and due to aneurysm of thoracoabdominal aorta
737158007	67362008	Post-procedural aortic aneurysm
838364007	67362008	Aortic aneurysm due to Loeys-Dietz syndrome
871536000	67362008	Aneurysm of pararenal aorta
871661008	67362008	Aneurysm of aorta at coarctation site following procedure
1204193005	67362008	Aortic aneurysm due to congenital heart disease
2831000119107	67362008	Aneurysm of descending thoracic aorta
557571231000119105	67362008	Ruptured aneurysm of ascending aorta
609590581000119102	67362008	Ruptured aneurysm of descending thoracic aorta
895205251000119104	67362008	Ruptured aneurysm of aortic arch
914650261000119108	67362008	Ruptured aneurysm of infrarenal abdominal aorta
1303457006	67569000	Mild bronchopulmonary dysplasia of newborn
1303458001	67569000	Moderate bronchopulmonary dysplasia of newborn
1303459009	67569000	Severe bronchopulmonary dysplasia of newborn
36789003	69776003	Acute infective gastroenteritis
109814008	69776003	Acute ulcerative gastroenteritis complicating pneumonia
359613008	69776003	Acute infectious nonbacterial gastroenteritis
707222009	69776003	Epidemic gastroenteritis
765756007	69776003	Benign infantile seizure with mild gastroenteritis syndrome
184004	698247007	Withdrawal arrhythmia
2374000	698247007	Monofascicular block
4006006	698247007	Fetal tachycardia affecting management of mother
4554005	698247007	Intraventricular conduction defect
4973001	698247007	Left bundle branch hemiblock
5370000	698247007	Atrial flutter
5609005	698247007	Sinus arrest
6180003	698247007	Complete left bundle branch block
6285003	698247007	Tachyarrhythmia
6374002	698247007	Bundle branch block
6456007	698247007	Supraventricular tachycardia
6624005	698247007	Ventricular tachyarrhythmia
9651007	698247007	Long QT syndrome
10164001	698247007	Parasystole
10626002	698247007	Multifocal premature ventricular complexes
11157007	698247007	Ventricular bigeminy
11849007	698247007	AV junctional rhythm
12026006	698247007	Paroxysmal tachycardia
13395001	698247007	Sinoatrial arrest with nodal/ventricular escape
13640000	698247007	Fusion beats
14718009	698247007	Right bundle branch block, posterior fascicular block AND incomplete left bundle branch block
16574001	698247007	Cardiac arrest following obstetric procedure
16797001	698247007	Accelerated atrioventricular conduction
17366009	698247007	Atrial arrhythmia
17869006	698247007	Anomalous atrioventricular excitation
19092004	698247007	Holt-Oram syndrome
20143001	698247007	Bilateral bundle branch block
20852007	698247007	Romano-Ward syndrome
26950008	698247007	Chronic ectopic atrial tachycardia
27337007	698247007	Unifocal premature ventricular complexes
27885002	698247007	Complete atrioventricular block
28189009	698247007	Mobitz type II atrioventricular block
29320008	698247007	Ectopic rhythm
29717002	698247007	Premature beats
29894000	698247007	Vagal autonomic bradycardia
30667004	698247007	Right bundle branch block AND left anterior fascicular block
32425009	698247007	Right bundle branch block, anterior fascicular block AND posterior fascicular block
32758004	698247007	Right bundle branch block with left bundle branch block
33413000	698247007	Ectopic beats
36083008	698247007	Sick sinus syndrome
37760005	698247007	Left anterior fascicular block
38274001	698247007	Interpolated ventricular premature complexes
38566003	698247007	Right bundle branch block, anterior fascicular block AND incomplete left bundle branch block
39260000	698247007	Nonparoxysmal AV nodal tachycardia
39357005	698247007	Paroxysmal atrial tachycardia with block
40593004	698247007	Fibrillation
41863008	698247007	Right bundle branch block, anterior fascicular block AND incomplete posterior fascicular block
43906007	698247007	Right bundle branch block AND incomplete left bundle branch block
44103008	698247007	Ventricular arrhythmia
44602002	698247007	Persistent sinus bradycardia
44808001	698247007	Conduction disorder of the heart
46220003	698247007	Tic-tac rhythm
46319007	698247007	Right bundle branch block AND left posterior fascicular block
46619002	698247007	Congenital heart block
47830009	698247007	Junctional escape beats
49044005	698247007	Severe sinus bradycardia
49260003	698247007	Idioventricular rhythm
49436004	698247007	Atrial fibrillation
49710005	698247007	Sinus bradycardia
49982000	698247007	Multifocal atrial tachycardia
50799005	698247007	Atrioventricular dissociation
54016002	698247007	Mobitz type I incomplete atrioventricular block
55475008	698247007	Lown-Ganong-Levine syndrome
59118001	698247007	Right bundle branch block
59272004	698247007	Ventricular parasystole
60423000	698247007	Sinus node dysfunction
61277005	698247007	Accelerated idioventricular rhythm
62026008	698247007	Left posterior fascicular block
62657007	698247007	Cardiac arrest AND/OR failure following anesthesia AND/OR sedation in labor AND/OR delivery
63232000	698247007	Multifocal premature beats
63467002	698247007	Left bundle branch block
63593006	698247007	Supraventricular premature beats
65778007	698247007	Sinoatrial block
66568003	698247007	Right bundle branch block, posterior fascicular block AND incomplete anterior fascicular block
66657009	698247007	Paroxysmal ventricular tachycardia
67198005	698247007	Paroxysmal supraventricular tachycardia
69730002	698247007	Idiojunctional tachycardia
71792006	698247007	Nodal rhythm disorder
71908006	698247007	Ventricular fibrillation
72654001	698247007	Supraventricular arrhythmia
73459006	698247007	Right branch block, incomplete anterior fascicular block AND incomplete posterior fascicular block
74021003	698247007	Bifascicular block
74390002	698247007	Wolff-Parkinson-White pattern
74615001	698247007	Tachycardia-bradycardia
75532003	698247007	Ventricular escape beat
76887001	698247007	Anterior fascicular block, posterior fascicular block AND incomplete right bundle branch block
77221000	698247007	Incomplete atrioventricular block with atrioventricular response
78240009	698247007	Cardiac arrest due to pacemaker failure
81681009	698247007	Junctional premature beats
81898007	698247007	Ventricular escape rhythm
82226007	698247007	Diffuse intraventricular block
82838007	698247007	Irregular tachycardia
86014007	698247007	Trifascicular block
88412007	698247007	AV node arrhythmia
129575004	698247007	Cardiac pacemaker twiddler syndrome
180906006	698247007	Neonatal cardiac arrest
181869007	698247007	Neonatal cardiorespiratory arrest
195039008	698247007	Partial atrioventricular block
195042002	698247007	Second degree atrioventricular block
195046004	698247007	Left main stem bundle branch block
195060002	698247007	Ventricular pre-excitation
195069001	698247007	Atrial paroxysmal tachycardia
195070000	698247007	Paroxysmal atrioventricular tachycardia
195071001	698247007	Paroxysmal junctional tachycardia
195072008	698247007	Paroxysmal nodal tachycardia
195083004	698247007	Ventricular fibrillation and flutter
195105007	698247007	Re-entry ventricular arrhythmia
204383001	698247007	Congenital complete atrioventricular heart block
204384007	698247007	Congenital incomplete atrioventricular heart block
213213007	698247007	Cardiac arrest as a complication of care
233891009	698247007	Sinoatrial node tachycardia
233892002	698247007	Ectopic atrial tachycardia
233893007	698247007	Re-entrant atrial tachycardia
233894001	698247007	Incessant atrial tachycardia
233895000	698247007	Ectopic atrioventricular node tachycardia
233896004	698247007	Re-entrant atrioventricular node tachycardia
233897008	698247007	Re-entrant atrioventricular tachycardia
233898003	698247007	Orthodromic atrioventricular re-entrant tachycardia
233899006	698247007	Antidromic atrioventricular re-entrant tachycardia
233900001	698247007	Supraventricular tachycardia with functional bundle branch block
233901002	698247007	His bundle tachycardia
233902009	698247007	Congenital His bundle tachycardia
233903004	698247007	Postoperative His bundle tachycardia
233904005	698247007	Permanent junctional reciprocating tachycardia
233910005	698247007	Lone atrial fibrillation
233911009	698247007	Non-rheumatic atrial fibrillation
233913007	698247007	Familial sick sinus syndrome
233914001	698247007	Postoperative sinus node dysfunction
233915000	698247007	Paroxysmal familial ventricular fibrillation
233916004	698247007	Heart block
233917008	698247007	Atrioventricular block
233918003	698247007	Postoperative complete heart block
233919006	698247007	Familial isolated complete right bundle branch block
233922008	698247007	Concealed accessory pathway
233923003	698247007	Unidirectional retrograde accessory pathway
233927002	698247007	Cardiac arrest with successful resuscitation
234172002	698247007	Pulseless electrical activity
240298005	698247007	Fetal tachycardia
240299002	698247007	Fetal bradycardia
251092003	698247007	Sinus arrest with atrial escape
251093008	698247007	Sinus arrest with junctional escape
251094002	698247007	Sinus arrest with ventricular escape
251114004	698247007	Intermittent second degree atrioventricular block
251120003	698247007	Incomplete left bundle branch block
251123001	698247007	Complete right bundle branch block
251124007	698247007	Incomplete right bundle branch block
251125008	698247007	Minor intraventricular conduction defect
251152003	698247007	Marked sinus arrhythmia
251155001	698247007	Junctional ectopic tachycardia
251161003	698247007	Slow ventricular response
251162005	698247007	AV-junctional (nodal) bradycardia
251163000	698247007	AV junctional (nodal) arrest
251164006	698247007	Junctional premature complex
251165007	698247007	AV junctional (nodal) tachycardia
251167004	698247007	Aberrant premature complexes
251168009	698247007	Supraventricular bigeminy
251170000	698247007	Blocked premature atrial contraction
251171001	698247007	Multiple atrial premature complexes
251172008	698247007	Run of atrial premature complexes
251173003	698247007	Atrial bigeminy
251174009	698247007	Atrial trigeminy
251175005	698247007	Ventricular premature complex
251176006	698247007	Multiple premature ventricular complexes
251177002	698247007	Run of ventricular premature complexes
251179004	698247007	Multiple ventricular interpolated complexes
251180001	698247007	Ventricular trigeminy
251181002	698247007	Ventricular quadrigeminy
251182009	698247007	Paired ventricular premature complexes
251183004	698247007	Aberrantly conducted complex
251186007	698247007	Ventricular escape complex
251187003	698247007	Atrial escape complex
251188008	698247007	Atrial parasystole
253528005	698247007	Arrhythmogenic right ventricular dysplasia
261195002	698247007	Circulatory arrest
270492004	698247007	First degree atrioventricular block
276512006	698247007	Fetal dysrhythmia
276513001	698247007	Neonatal dysrhythmia
276796006	698247007	Atrial tachycardia
278482008	698247007	Atrioventricular tachycardia
282825002	698247007	Paroxysmal atrial fibrillation
283645003	698247007	Lev's syndrome
284470004	698247007	Premature atrial contraction
287057009	698247007	Atrial premature complex
300996004	698247007	Controlled atrial fibrillation
300997008	698247007	Asymptomatic sinoatrial node dysfunction
309809007	698247007	Pulseless electrical activity with successful resuscitation
314208002	698247007	Rapid atrial fibrillation
315027009	698247007	Congenital conduction defect
373905003	698247007	Jervell and Lange-Nielsen syndrome
397829000	698247007	Asystole
406461004	698247007	Ectopic atrial beats
410429000	698247007	Cardiac arrest
410430005	698247007	Cardiorespiratory arrest
413341007	698247007	Neonatal bradycardia
413342000	698247007	Neonatal tachycardia
418341009	698247007	Atrioventricular conduction disorder
418493005	698247007	Right atrial incisional tachycardia
418818005	698247007	Brugada syndrome
419400008	698247007	Incisional tachycardia
419671004	698247007	Catecholaminergic polymorphic ventricular tachycardia
419752005	698247007	Sinoatrial nodal reentrant tachycardia
420002000	698247007	Left atrial incisional tachycardia
421869004	698247007	Bradyarrhythmia
422348008	698247007	Andersen Tawil syndrome
422970001	698247007	Cardiac arrest due to trauma
423168004	698247007	Cardiac arrest due to respiratory disorder
423191000	698247007	Cardiac arrest due to cardiac disorder
424571008	698247007	Cardiac arrest due to drowning
425582007	698247007	Inappropriate sinus tachycardia
425615007	698247007	Chronic atrial flutter
426749004	698247007	Chronic atrial fibrillation
427665004	698247007	Paroxysmal atrial flutter
429243003	698247007	Sustained ventricular fibrillation
440028005	698247007	Permanent atrial fibrillation
440059007	698247007	Persistent atrial fibrillation
442559009	698247007	Bundle branch reentrant ventricular tachycardia
442917000	698247007	Familial long QT syndrome
442946007	698247007	Acquired long QT syndrome
443478002	698247007	Heart block caused by drug
444605001	698247007	Symptomatic sinus bradycardia
450919004	698247007	Atrial standstill
462169004	698247007	Fetal supraventricular tachycardia with short ventriculoatrial interval
462170003	698247007	Fetal supraventricular tachycardia with long ventriculoatrial interval
472809000	698247007	Atrioventricular block due to endocarditis
472810005	698247007	Arrhythmia due to vegetation of infective endocarditis
473006003	698247007	Vagal autonomic bradycardia of prematurity
609506003	698247007	Induced termination of pregnancy complicated by cardiac arrest
698249005	698247007	Progressive familial heart block
698250005	698247007	Progressive familial heart block, type IB
698251009	698247007	Progressive familial heart block, type II
698252002	698247007	Non-specific intraventricular conduction delay
698270004	698247007	Cardiac arrhythmia associated with genetic disorder
698271000	698247007	Cardiac channelopathy
698272007	698247007	Short QT syndrome
698504006	698247007	Postoperative cardiopulmonary failure
699256006	698247007	Timothy syndrome type 1
699748007	698247007	Cardiorespiratory arrest with successful resuscitation
703162001	698247007	Bradycardic cardiac arrest
706923002	698247007	Longstanding persistent atrial fibrillation
710878005	698247007	Mahaim fiber tachycardia
713419002	698247007	Intraoperative cardiorespiratory arrest
715395008	698247007	Familial atrial fibrillation
715535009	698247007	Naxos disease
715560009	698247007	Idiopathic neonatal atrial flutter
715865008	698247007	Familial isolated arrhythmogenic right ventricular dysplasia
715971003	698247007	Long QT syndrome caused by drug
716050002	698247007	Cardiac arrest during surgery
719823007	698247007	Ventricular extrasystoles with syncope, perodactyly and Robin sequence syndrome
719907006	698247007	Timothy syndrome type 2
720448006	698247007	Typical atrial flutter
720507006	698247007	Chronic atrial and intestinal dysrhythmia
721010003	698247007	Heart-hand syndrome type 2
721013001	698247007	Heart-hand syndrome type 3
723860000	698247007	Arrhythmia due to and following acute myocardial infarction
723866006	698247007	Idiopathic ventricular fibrillation not Brugada type
725145002	698247007	Atrial septal defect, atrioventricular conduction defect syndrome
733125004	698247007	Acquired complete atrioventricular block
733454004	698247007	Long thumb brachydactyly syndrome
735682000	698247007	Macro re-entrant atrial tachycardia
735683005	698247007	Cavotricuspid isthmus dependent macroreentry tachycardia
735684004	698247007	Non-cavotricuspid isthmus dependent atrial tachycardia
735685003	698247007	Atrioventricular reciprocating tachycardia
762247006	698247007	Preexcited atrial fibrillation
762534000	698247007	Supraventricular bradyarrhythmia
764457005	698247007	Ankyrin-B syndrome
764732004	698247007	Microcephalus, cerebellar hypoplasia, cardiac conduction defect syndrome
766883006	698247007	Familial dilated cardiomyopathy with conduction defect due to LMNA mutation
770784003	698247007	Sinoatrial node dysfunction and deafness
771179007	698247007	Extrasystoles, short stature, hyperpigmentation, microcephaly syndrome
773587008	698247007	X-linked intellectual disability, cardiomegaly, congestive heart failure syndrome
789039008	698247007	Scar mediated macro re-entrant atrial tachycardia
789693005	698247007	Acquired Brugada syndrome
871686004	698247007	Multiple atrial ectopics
871832005	698247007	Multifocal atrial ectopics
1010405004	698247007	Paroxysmal atrial fibrillation with rapid ventricular response
1142040009	698247007	Right atrial non-cavotricuspid isthmus dependent macro re-entrant atrial tachycardia
1142041008	698247007	Non-scar mediated right atrial non-cavotricuspid isthmus dependent macro re-entrant atrial tachycardia
1142057008	698247007	Anticlockwise cavotricuspid isthmus dependent macroreentry tachycardia
1142064005	698247007	Antidromic atrioventricular reciprocating tachycardia utilizing atrio-ventricular accessory pathway with antegrade unidirectional conduction
1142066007	698247007	Antidromic atrioventricular reciprocating tachycardia utilizing atrio-fascicular accessory pathway with antegrade unidirectional conduction
1142067003	698247007	Non scar mediated left atrial non-cavotricuspid isthmus dependent macro re-entrant atrial tachycardia
1142068008	698247007	Antidromic atrioventricular reciprocating tachycardia utilizing accessory pathway with antegrade unidirectional conduction
1142069000	698247007	Scar mediated left atrial non-cavotricuspid isthmus dependent macro re-entrant atrial tachycardia
1142082008	698247007	Idiopathic junctional ectopic tachycardia
1142086006	698247007	Congenital junctional ectopic tachycardia
1142090008	698247007	Clockwise cavotricuspid isthmus dependent macroreentry tachycardia
1142093005	698247007	Left atrial non-cavotricuspid isthmus dependent macro re-entrant atrial tachycardia
1142098001	698247007	Postoperative junctional ectopic tachycardia
1142103004	698247007	Antidromic atrioventricular reciprocating tachycardia utilizing nodo-fascicular accessory pathway with antegrade unidirectional conduction
1142105006	698247007	Typical atrioventricular nodal re-entry tachycardia
1142110005	698247007	Sinus bradycardia caused by drug
1142111009	698247007	Sinus bradycardia due to metabolic disease
1142114001	698247007	Scar mediated right atrial non-cavotricuspid isthmus dependent macro re-entrant atrial tachycardia
1142117008	698247007	Atypical slow slow atrioventricular nodal re-entry tachycardia
1142118003	698247007	Atypical atrioventricular nodal re-entry tachycardia
1142119006	698247007	Atypical fast slow atrioventricular nodal re-entry tachycardia
1142120000	698247007	Orthodromic atrioventricular reciprocating tachycardia utilizing manifest accessory pathway
1142121001	698247007	Atrioventricular nodal reentry tachycardia with twin atrioventricular nodes
1142122008	698247007	Antidromic atrioventricular reciprocating tachycardia utilizing accessory pathway with bidirectional conduction
1142123003	698247007	Atrial premature depolarization with aberrant ventricular conduction
1142124009	698247007	Atrial premature depolarization with normal conduction
1142204001	698247007	Orthodromic atrioventricular reciprocating tachycardia utilizing concealed accessory pathway
1149361009	698247007	Cardiac arrest due to procedure
1149362002	698247007	Cardiac arrest during procedure
1156821008	698247007	Autosomal recessive sick sinus syndrome
1172698005	698247007	Recurrent metabolic encephalomyopathic crises, rhabdomyolysis, cardiac arrhythmia, intellectual disability syndrome
1179295004	698247007	BVES-related limb girdle muscular dystrophy
1186711002	698247007	GNB5-related intellectual disability, cardiac arrhythmia syndrome
1197418004	698247007	Familial atrial tachyarrhythmia, infra-Hisian cardiac conduction disease
1204124006	698247007	Cardiac arrhythmia due to coronary artery spasm
1204129001	698247007	Catecholaminergic polymorphic ventricular tachycardia due to RYR2 mutation
1204167003	698247007	Catecholaminergic polymorphic ventricular tachycardia due to calsequestrin mutation
1208861007	698247007	Long QT syndrome type 4
1208863005	698247007	Long QT syndrome type 5
1208864004	698247007	Long QT syndrome type 2
1208866002	698247007	Long QT syndrome type 3
1208868001	698247007	Long QT syndrome type 12
1208870005	698247007	Long QT syndrome type 13
1208881008	698247007	Long QT syndrome type 11
1208884000	698247007	Long QT syndrome type 10
1208909006	698247007	Long QT syndrome type 6
1208911002	698247007	Long QT syndrome type 9
1220643007	698247007	Regular wide QRS complex tachycardia
1222539006	698247007	Three consecutive ventricular premature complexes
1230096008	698247007	Timothy syndrome
1230097004	698247007	Atypical Timothy syndrome
1230406008	698247007	Postoperative cardiac arrhythmia
1264229001	698247007	Fetal cardiac arrest
1296683001	698247007	Stable tachyarrhythmia
1296782003	698247007	Stable bradyarrhythmia
1332373008	698247007	Agonal rhythm
5761000119100	698247007	Nonsustained paroxysmal supraventricular tachycardia
10701000087104	698247007	Arrhythmia during surgery
21421000119109	698247007	Nonsustained paroxysmal ventricular tachycardia
72291000119104	698247007	Cardiac arrhythmia during pregnancy
102451000119107	698247007	Complete atrioventricular block as complication of atrioventricular nodal ablation
120041000119109	698247007	Atrial fibrillation with rapid ventricular response
284941000119107	698247007	High degree second degree atrioventricular block
284951000119109	698247007	Postoperative atrioventricular block
10743741000119103	698247007	Cardiac arrhythmia in mother complicating childbirth
10745231000119102	698247007	Cardiac arrest due to administration of anesthesia in pregnancy
10750641000119101	698247007	Cardiac arrest due to failed attempted abortion
10760181000119109	698247007	Cardiac arrest due to miscarriage
10811961000119109	698247007	Cardiac arrest due to incomplete miscarriage
15964501000119104	698247007	Cardiac arrest during cardiac surgery
15964901000119107	698247007	Atypical atrial flutter
16415081000119104	698247007	Supraventricular tachycardia following acute myocardial infarction
280797561000119107	698247007	Permanent atrial fibrillation due to heart valve disorder
313377641000119105	698247007	Atrial fibrillation due to heart valve disorder
467643831000119105	698247007	Paroxysmal atrial fibrillation due to heart valve disorder
489609371000119104	698247007	Persistent atrial fibrillation due to heart valve disorder
38096003	707147002	Functional asplenia
93030006	707147002	Congenital absence of spleen
711407000	707147002	Thrombocytopathy, asplenia and miosis
724639003	707147002	Asplenia following surgical procedure
726708009	707147002	Familial isolated congenital asplenia
1003551006	707147002	Agenesis of spleen
1217373008	707147002	Diaphragmatic hernia, short bowel, asplenia syndrome
16726004	709044004	Renal osteodystrophy
46177005	709044004	End-stage renal disease
49708008	709044004	Anemia of chronic renal failure
57557005	709044004	Chronic milk alkali syndrome
90688005	709044004	Chronic renal failure
236433006	709044004	Acute-on-chronic renal failure
236434000	709044004	End stage renal failure untreated by renal replacement therapy
236435004	709044004	End stage renal failure on dialysis
236436003	709044004	End stage renal failure with renal transplant
236552002	709044004	Adynamic bone disease
425369003	709044004	Chronic progressive renal failure
431855005	709044004	Chronic kidney disease stage 1
431856006	709044004	Chronic kidney disease stage 2
431857002	709044004	Chronic kidney disease stage 4
433144002	709044004	Chronic kidney disease stage 3
433146000	709044004	Chronic kidney disease stage 5
700378005	709044004	Chronic kidney disease stage 3A
700379002	709044004	Chronic kidney disease stage 3B
704667004	709044004	Hypertension concurrent and due to end stage renal disease on dialysis
707324008	709044004	Anemia in end stage renal disease
708975004	709044004	Mixed renal osteodystrophy
712487000	709044004	End stage renal disease due to benign hypertension
713313000	709044004	Chronic kidney disease mineral and bone disorder
714152005	709044004	Chronic kidney disease stage 5 on dialysis
714153000	709044004	Chronic kidney disease stage 5 with transplant
722098007	709044004	Chronic kidney disease following donor nephrectomy
722149000	709044004	Chronic kidney disease due to and following excision of neoplasm of kidney
722150000	709044004	Chronic kidney disease due to systemic infection
722467000	709044004	Chronic kidney disease due to traumatic loss of kidney
723190009	709044004	Chronic renal insufficiency
776416004	709044004	Hyperuricemia, pulmonary hypertension, renal failure, alkalosis syndrome
897310009	709044004	Renal osteodystrophy with high bone turnover
897311008	709044004	Renal osteodystrophy with normal bone turnover
897312001	709044004	Renal osteodystrophy with low bone turnover
1208934006	709044004	Sagliker syndrome
1217070004	709044004	Renal osteodystrophy due to hyperparathyroidism
1295482007	709044004	Osteoporosis due to chronic kidney disease
1332436006	709044004	Hypertension in chronic kidney disease stage 3B due to type 1 diabetes mellitus
1332441003	709044004	Hypertension in chronic kidney disease stage 3A due to type 1 diabetes mellitus
1332442005	709044004	Hypertension in chronic kidney disease stage 3 due to type 1 diabetes mellitus
1332464001	709044004	Hypertension in chronic kidney disease stage 2 due to type 1 diabetes mellitus
1332465000	709044004	Hypertension in chronic kidney disease stage 3B due to type 2 diabetes mellitus
1332466004	709044004	Hypertension in chronic kidney disease stage 3A due to type 2 diabetes mellitus
1332467008	709044004	Hypertension in chronic kidney disease stage 5 due to type 1 diabetes mellitus
1332468003	709044004	Hypertension in chronic kidney disease stage 4 due to type 1 diabetes mellitus
1332469006	709044004	Chronic kidney disease stage 3B due to type 2 diabetes mellitus
1332470007	709044004	Chronic kidney disease stage 3A due to type 2 diabetes mellitus
1332471006	709044004	Chronic kidney disease stage 3B due to type 1 diabetes mellitus
1332472004	709044004	Chronic kidney disease stage 3A due to type 1 diabetes mellitus
711000119100	709044004	Chronic kidney disease stage 5 due to type 2 diabetes mellitus
721000119107	709044004	Chronic kidney disease stage 4 due to type 2 diabetes mellitus
731000119105	709044004	Chronic kidney disease stage 3 due to type 2 diabetes mellitus
741000119101	709044004	Chronic kidney disease stage 2 due to type 2 diabetes mellitus
751000119104	709044004	Chronic kidney disease stage 1 due to type 2 diabetes mellitus
771000119108	709044004	Chronic kidney disease due to type 2 diabetes mellitus
1801000119106	709044004	Anemia, pre-end stage renal disease on erythropoietin protocol
8501000119104	709044004	Hypertensive heart and chronic kidney disease
71421000119105	709044004	Hypertension in chronic kidney disease due to type 2 diabetes mellitus
71701000119105	709044004	Hypertension in chronic kidney disease due to type 1 diabetes mellitus
90721000119101	709044004	Chronic kidney disease stage 1 due to type 1 diabetes mellitus
90731000119103	709044004	Chronic kidney disease stage 2 due to type 1 diabetes mellitus
90741000119107	709044004	Chronic kidney disease stage 3 due to type 1 diabetes mellitus
90751000119109	709044004	Chronic kidney disease stage 4 due to type 1 diabetes mellitus
90761000119106	709044004	Chronic kidney disease stage 5 due to type 1 diabetes mellitus
90771000119100	709044004	End stage renal disease on dialysis due to type 1 diabetes mellitus
90791000119104	709044004	End stage renal disease on dialysis due to type 2 diabetes mellitus
96441000119101	709044004	Chronic kidney disease due to type 1 diabetes mellitus
96701000119107	709044004	Hypertensive heart AND chronic kidney disease on dialysis
96711000119105	709044004	Hypertensive heart AND chronic kidney disease stage 5
96721000119103	709044004	Hypertensive heart AND chronic kidney disease stage 4
96731000119100	709044004	Hypertensive heart AND chronic kidney disease stage 3
96741000119109	709044004	Hypertensive heart AND chronic kidney disease stage 2
96751000119106	709044004	Hypertensive heart AND chronic kidney disease stage 1
104931000119100	709044004	Chronic kidney disease due to hypertension
111411000119103	709044004	End stage renal disease due to hypertension
117681000119102	709044004	Chronic kidney disease stage 1 due to hypertension
118781000119108	709044004	Pre-existing hypertensive chronic kidney disease in mother complicating pregnancy
127991000119101	709044004	Hypertension concurrent and due to end stage renal disease on dialysis due to type 2 diabetes mellitus
128001000119105	709044004	Hypertension concurrent and due to end stage renal disease on dialysis due to type 1 diabetes mellitus
129151000119102	709044004	Chronic kidney disease stage 4 due to hypertension
129161000119100	709044004	Chronic kidney disease stage 5 due to hypertension
129171000119106	709044004	Chronic kidney disease stage 3 due to hypertension
129181000119109	709044004	Chronic kidney disease stage 2 due to hypertension
140101000119109	709044004	Hypertension in chronic kidney disease stage 5 due to type 2 diabetes mellitus
140111000119107	709044004	Hypertension in chronic kidney disease stage 4 due to type 2 diabetes mellitus
140121000119100	709044004	Hypertension in chronic kidney disease stage 3 due to type 2 diabetes mellitus
140131000119102	709044004	Hypertension in chronic kidney disease stage 2 due to type 2 diabetes mellitus
153851000119106	709044004	Malignant hypertensive chronic kidney disease stage 5
153891000119101	709044004	End stage renal disease on dialysis due to hypertension
284961000119106	709044004	Chronic kidney disease due to benign hypertension
284971000119100	709044004	Chronic kidney disease stage 1 due to benign hypertension
284981000119102	709044004	Chronic kidney disease stage 2 due to benign hypertension
284991000119104	709044004	Chronic kidney disease stage 3 due to benign hypertension
285001000119105	709044004	Chronic kidney disease stage 4 due to benign hypertension
285011000119108	709044004	Chronic kidney disease stage 5 due to benign hypertension
285831000119108	709044004	Malignant hypertensive chronic kidney disease
285841000119104	709044004	Malignant hypertensive end stage renal disease
285851000119102	709044004	Malignant hypertensive chronic kidney disease stage 1
285861000119100	709044004	Malignant hypertensive chronic kidney disease stage 2
285871000119106	709044004	Malignant hypertensive chronic kidney disease stage 3
285881000119109	709044004	Malignant hypertensive chronic kidney disease stage 4
286371000119107	709044004	Malignant hypertensive end stage renal disease on dialysis
368421000119108	709044004	Chronic kidney disease stage 1 due to drug induced diabetes mellitus
368431000119106	709044004	Chronic kidney disease stage 2 due to drug induced diabetes mellitus
368441000119102	709044004	Chronic kidney disease stage 3 due to drug induced diabetes mellitus
368451000119100	709044004	Chronic kidney disease stage 4 due to drug induced diabetes mellitus
368461000119103	709044004	Chronic kidney disease stage 5 due to drug induced diabetes mellitus
368471000119109	709044004	End stage renal disease on dialysis due to drug induced diabetes mellitus
691421000119108	709044004	Anemia co-occurrent and due to chronic kidney disease stage 3
10757401000119104	709044004	Pre-existing hypertensive heart and chronic kidney disease in mother complicating childbirth
10757481000119107	709044004	Pre-existing hypertensive heart and chronic kidney disease in mother complicating pregnancy
5499009	70995007	Pulmonary hypertensive venous disease
10964002	70995007	Progressive pulmonary hypertension
11399002	70995007	Pulmonary arterial hypertension
87394009	70995007	Episodic pulmonary hypertension
88223008	70995007	Secondary pulmonary hypertension
233815004	70995007	Persistent pulmonary hypertension of the newborn
233941006	70995007	Solitary pulmonary hypertension
233942004	70995007	Small vessel pulmonary hypertension
233943009	70995007	Sporadic primary pulmonary hypertension
233944003	70995007	Familial primary pulmonary hypertension
233945002	70995007	Pulmonary arterial hypertension induced by drug
233946001	70995007	Large vessel pulmonary hypertension
233947005	70995007	Chronic thromboembolic pulmonary hypertension
233948000	70995007	Post-arteritic pulmonary hypertension
233950008	70995007	Pulmonary hypertension associated with chronic underventilation
233954004	70995007	Pulmonary hypertension caused by low air pressure due to chronic exposure to high altitude
276792008	70995007	Pulmonary hypertension with extreme obesity
276793003	70995007	Pulmonary hypertension with occult mitral stenosis
276794009	70995007	Facultative pulmonary hypertension with shunt at atrial level
360573001	70995007	Postcapillary pulmonary hypertension
360578005	70995007	Pulmonary hypertension secondary to raised pulmonary vascular resistance
445237003	70995007	Pulmonary arterial hypertension associated with portal hypertension
445928005	70995007	Eisenmenger's syndrome
472757001	70995007	Pulmonary venous hypertension as complication of procedure
472758006	70995007	Pulmonary venous hypertension due to compression of pulmonary great vein
472759003	70995007	Pulmonary venous hypertension due to compression of pulmonary great vein by sclerosing mediastinitis
472760008	70995007	Pulmonary venous hypertension due to compression of pulmonary great vein by lymphadenopathy
472761007	70995007	Pulmonary venous hypertension due to compression of pulmonary great vein by neoplasm
472790001	70995007	Pulmonary hypertension due to left heart disease
697896007	70995007	Precapillary pulmonary hypertension
697897003	70995007	Heritable pulmonary arterial hypertension
697898008	70995007	Idiopathic pulmonary arterial hypertension
697899000	70995007	Heritable pulmonary arterial hypertension due to BMPR2 mutation
697900005	70995007	Heritable pulmonary arterial hypertension due to ALK1 or endoglin mutation
697901009	70995007	Pulmonary arterial hypertension induced by toxin
697902002	70995007	Associated pulmonary arterial hypertension
697903007	70995007	Pulmonary arterial hypertension associated with connective tissue disease
697904001	70995007	Pulmonary arterial hypertension associated with HIV infection
697905000	70995007	Pulmonary arterial hypertension associated with congenital heart disease
697906004	70995007	Pulmonary arterial hypertension associated with congenital systemic-to-pulmonary shunt
697907008	70995007	Pulmonary arterial hypertension associated with schistosomiasis
697908003	70995007	Pulmonary arterial hypertension associated with chronic hemolytic anemia
697910001	70995007	Pulmonary hypertension due to lung disease and/or hypoxia
697911002	70995007	Pulmonary hypertension due to chronic obstructive pulmonary disease
697912009	70995007	Pulmonary hypertension due to interstitial lung disease
697913004	70995007	Pulmonary hypertension due to pulmonary disease with mixed restrictive and obstructive pattern
697914005	70995007	Pulmonary hypertension due to sleep-disordered breathing
697915006	70995007	Pulmonary hypertension due to alveolar hypoventilation disorder
697916007	70995007	Pulmonary hypertension due to developmental abnormality of the lung
697917003	70995007	Pulmonary hypertension due to hematological disorder
697918008	70995007	Pulmonary hypertension due to myeloproliferative disorder
697919000	70995007	Pulmonary hypertension due to post-splenectomy hematological disorder
697920006	70995007	Pulmonary hypertension in systemic disorder
697921005	70995007	Pulmonary hypertension in sarcoidosis
697922003	70995007	Pulmonary hypertension in Langerhans cell histiocytosis
697923008	70995007	Pulmonary hypertension in lymphangioleiomyomatosis
697924002	70995007	Pulmonary hypertension in neurofibromatosis
697925001	70995007	Pulmonary hypertension due to systolic systemic ventricular dysfunction
697926000	70995007	Pulmonary hypertension due to diastolic systemic ventricular dysfunction
697927009	70995007	Pulmonary hypertension due to left-sided valvular heart disease
697928004	70995007	Pulmonary venous hypertension due to congenital stenosis of pulmonary vein
703355003	70995007	Pulmonary hypertension due to vasculitis
720575002	70995007	Braddock syndrome
776416004	70995007	Hyperuricemia, pulmonary hypertension, renal failure, alkalosis syndrome
840306007	70995007	Mild pulmonary hypertension
840307003	70995007	Moderate pulmonary hypertension
840308008	70995007	Severe pulmonary hypertension
879814007	70995007	Pulmonary hypertension due to pulmonary capillary hemangiomatosis
879815008	70995007	Pulmonary hypertension due to pulmonary veno-occlusive disease
879816009	70995007	Pulmonary hypertension due to familial pulmonary capillary hemangiomatosis
1010627004	70995007	Pulmonary hypertension due to developmental abnormality
233578004	714749008	Continuous hemodialysis
233579007	714749008	Continuous arteriovenous hemodialysis
233580005	714749008	Continuous venovenous hemodialysis
233583007	714749008	Continuous hemofiltration
233584001	714749008	Continuous arteriovenous hemofiltration
233585000	714749008	Continuous venovenous hemofiltration
233588003	714749008	Continuous hemodiafiltration
233589006	714749008	Continuous arteriovenous hemodiafiltration
233590002	714749008	Continuous venovenous hemodiafiltration
191811004	7200002	Continuous chronic alcoholism
191812006	7200002	Episodic chronic alcoholism
191813001	7200002	Chronic alcoholism in remission
2751001	73211009	Fibrocalculous pancreatic diabetes
4783006	73211009	Maternal diabetes mellitus with hypoglycemia affecting fetus OR newborn
5368009	73211009	Drug-induced diabetes mellitus
5969009	73211009	Diabetes mellitus associated with genetic syndrome
8801005	73211009	Secondary diabetes mellitus
11530004	73211009	Brittle diabetes mellitus
11687002	73211009	Gestational diabetes mellitus
23045005	73211009	Insulin dependent diabetes mellitus type 1A
24203005	73211009	Extreme insulin resistance with acanthosis nigricans, hirsutism AND abnormal insulin receptors
28032008	73211009	Insulin dependent diabetes mellitus type 1B
33559001	73211009	Rabson-Mendenhall syndrome
42954008	73211009	Diabetes mellitus associated with receptor abnormality
44054006	73211009	Type 2 diabetes mellitus
46635009	73211009	Type 1 diabetes mellitus
46894009	73211009	Gestational diabetes mellitus class A2
49817004	73211009	Neonatal diabetes mellitus
51002006	73211009	Diabetes mellitus associated with pancreatic disease
57886004	73211009	Protein-deficient diabetes mellitus
59079001	73211009	Diabetes mellitus associated with hormonal etiology
70694009	73211009	Wolfram syndrome
75022004	73211009	Gestational diabetes mellitus class A1
75524006	73211009	Malnutrition related diabetes mellitus
75682002	73211009	Diabetes mellitus caused by insulin receptor antibodies
76751001	73211009	Diabetes mellitus in mother complicating pregnancy, childbirth AND/OR puerperium
81531005	73211009	Type 2 diabetes mellitus in obese
91352004	73211009	Diabetes mellitus due to structurally abnormal insulin
111307005	73211009	Leprechaunism syndrome
123763000	73211009	Houssay's syndrome
127012008	73211009	Lipoatrophic diabetes
190368000	73211009	Type 1 diabetes mellitus with ulcer
190372001	73211009	Type 1 diabetes mellitus maturity onset
190389009	73211009	Type 2 diabetes mellitus with ulcer
190447002	73211009	Steroid-induced diabetes
199223000	73211009	Diabetes mellitus during pregnancy, childbirth and the puerperium
199229001	73211009	Pre-existing type 1 diabetes mellitus
199230006	73211009	Pre-existing type 2 diabetes mellitus
199231005	73211009	Pre-existing malnutrition-related diabetes mellitus
237599002	73211009	Insulin treated type 2 diabetes mellitus
237600004	73211009	Malnutrition-related diabetes mellitus - fibrocalculous
237601000	73211009	Secondary endocrine diabetes mellitus
237603002	73211009	Transient neonatal diabetes mellitus
237604008	73211009	Maturity onset diabetes of the young, type 2
237611007	73211009	Muscular atrophy, ataxia, retinitis pigmentosa, and diabetes mellitus
237612000	73211009	Photomyoclonus, diabetes mellitus, deafness, nephropathy and cerebral dysfunction
237617006	73211009	Megaloblastic anemia, thiamine-responsive, with diabetes mellitus and sensorineural deafness
237619009	73211009	Maternally inherited diabetes and deafness
237627000	73211009	Pregnancy and type 2 diabetes mellitus
237651005	73211009	Insulin resistance - type A
237652003	73211009	Insulin resistance - type B
276560009	73211009	Diabetes mellitus in neonate small for gestational age
290002008	73211009	Brittle type 1 diabetes mellitus
359642000	73211009	Type 2 diabetes mellitus in nonobese
405749004	73211009	Newly diagnosed diabetes
408540003	73211009	Diabetes mellitus induced by non-steroid drugs
426875007	73211009	Latent autoimmune diabetes mellitus in adult
427089005	73211009	Diabetes mellitus due to cystic fibrosis
443694000	73211009	Uncontrolled type 2 diabetes mellitus
444073006	73211009	Uncontrolled type 1 diabetes mellitus
444074000	73211009	Well controlled type 1 diabetes mellitus
444110003	73211009	Well controlled type 2 diabetes mellitus
445260006	73211009	Posttransplant diabetes mellitus
445353002	73211009	Brittle type 2 diabetes mellitus
472699005	73211009	Uncontrolled gestational diabetes mellitus
609561005	73211009	Maturity-onset diabetes of the young
609562003	73211009	Maturity onset diabetes of the young, type 1
609563008	73211009	Pre-existing diabetes mellitus in pregnancy
609564002	73211009	Pre-existing type 1 diabetes mellitus in pregnancy
609565001	73211009	Permanent neonatal diabetes mellitus
609566000	73211009	Pregnancy and type 1 diabetes mellitus
609567009	73211009	Pre-existing type 2 diabetes mellitus in pregnancy
609568004	73211009	Diabetes mellitus due to genetic defect in beta cell function
609569007	73211009	Diabetes mellitus due to genetic defect in insulin action
609570008	73211009	Maturity-onset diabetes of the young, type 3
609571007	73211009	Maturity-onset diabetes of the young, type 4
609572000	73211009	Maturity-onset diabetes of the young, type 5
609573005	73211009	Maturity-onset diabetes of the young, type 6
609574004	73211009	Maturity-onset diabetes of the young, type 7
609575003	73211009	Maturity-onset diabetes of the young, type 8
609576002	73211009	Maturity-onset diabetes of the young, type 9
609577006	73211009	Maturity-onset diabetes of the young, type 10
609578001	73211009	Maturity-onset diabetes of the young, type 11
609579009	73211009	Diabetes mellitus, transient neonatal 1
609580007	73211009	Diabetes mellitus, transient neonatal 2
609581006	73211009	Diabetes mellitus, transient neonatal 3
703136005	73211009	Diabetes mellitus in remission
703137001	73211009	Type I diabetes mellitus in remission
703138006	73211009	Type II diabetes mellitus in remission
709147009	73211009	Gingivitis co-occurrent with diabetes mellitus
716362006	73211009	Gingival disease co-occurrent with diabetes mellitus
720519003	73211009	Atherosclerosis, deafness, diabetes, epilepsy, nephropathy syndrome
721088003	73211009	DEND syndrome
722206009	73211009	Pancreatic hypoplasia, diabetes mellitus, congenital heart disease syndrome
722454003	73211009	Intellectual disability, craniofacial dysmorphism, hypogonadism, diabetes mellitus syndrome
724067006	73211009	Permanent neonatal diabetes mellitus with cerebellar agenesis syndrome
733072002	73211009	Stimmler syndrome
734022008	73211009	Wolfram-like syndrome
737212004	73211009	Diabetes mellitus caused by chemical
782755007	73211009	Primary microcephaly, mild intellectual disability, young-onset diabetes syndrome
782825008	73211009	Primary microcephaly, epilepsy, permanent neonatal diabetes syndrome
783722008	73211009	Myopathy and diabetes mellitus
816067005	73211009	Woodhouse Sakati syndrome
870528001	73211009	Newly diagnosed type 1 diabetes mellitus
890171006	73211009	Ketosis-prone diabetes mellitus
1142044000	73211009	Pre-existing malnutrition-related diabetes mellitus in pregnancy
1197592001	73211009	Intrauterine growth restriction, short stature, early adult-onset diabetes syndrome
1217044000	73211009	Ketosis-resistant diabetes mellitus
1217068008	73211009	Fulminant type 1 diabetes mellitus
1255271005	73211009	Juvenile-onset diabetes mellitus, central and peripheral neurodegeneration syndrome
1285518004	73211009	Wolfram syndrome type 1
1285519007	73211009	Wolfram syndrome type 2
1290118005	73211009	Presymptomatic type 1 diabetes mellitus
1303868000	73211009	Intermediate DEND syndrome
201000119106	73211009	Disorder due to well controlled type 2 diabetes mellitus
1481000119100	73211009	Diabetes mellitus type 2 without retinopathy
31321000119102	73211009	Diabetes mellitus type 1 without retinopathy
40791000119105	73211009	Postpartum gestational diabetes mellitus
40801000119106	73211009	Gestational diabetes mellitus complicating pregnancy
105401000119101	73211009	Diabetes mellitus due to pancreatic injury
106281000119103	73211009	Pre-existing diabetes mellitus in mother complicating childbirth
164971000119101	73211009	Type 2 diabetes mellitus controlled by diet
10753491000119101	73211009	Gestational diabetes mellitus in childbirth
10754881000119104	73211009	Diabetes mellitus in mother complicating childbirth
530558861000132104	73211009	Atypical diabetes mellitus
56578002	77176002	Moderate smoker (20 or less per day)
56771006	77176002	Heavy smoker (over 20 per day)
59978006	77176002	Cigar smoker
65568007	77176002	Cigarette smoker
82302008	77176002	Pipe smoker
160603005	77176002	Light cigarette smoker (1-9 cigs/day)
160604004	77176002	Moderate cigarette smoker (10-19 cigs/day)
160605003	77176002	Heavy cigarette smoker (20-39 cigs/day)
160606002	77176002	Very heavy cigarette smoker (40+ cigs/day)
160619003	77176002	Rolls own cigarettes
230059006	77176002	Occasional cigarette smoker
230060001	77176002	Light cigarette smoker
230062009	77176002	Moderate cigarette smoker
230063004	77176002	Heavy cigarette smoker
230064005	77176002	Very heavy cigarette smoker
230065006	77176002	Chain smoker
266920004	77176002	Trivial cigarette smoker (less than one cigarette/day)
266929003	77176002	Smoking started
308438006	77176002	Smoking restarted
449868002	77176002	Smokes tobacco daily
428041000124106	77176002	Occasional tobacco smoker
2256007	77386006	Monozygotic twins
6867004	77386006	Previous pregnancies more than 10
9279009	77386006	Extra-amniotic pregnancy
14418008	77386006	Precocious pregnancy
16356006	77386006	Multiple pregnancy
17618008	77386006	Previous pregnancies 9
21987001	77386006	Delayed delivery of second of multiple births
31601007	77386006	Combined pregnancy
38720006	77386006	Septuplet pregnancy
43990006	77386006	Sextuplet pregnancy
45307008	77386006	Extrachorial pregnancy
47200007	77386006	High risk pregnancy
58532003	77386006	Unwanted pregnancy
60810003	77386006	Quadruplet pregnancy
64254006	77386006	Triplet pregnancy
65147003	77386006	Twin pregnancy
65727000	77386006	Intrauterine pregnancy
69777007	77386006	Interlocked twins
72892002	77386006	Normal pregnancy
72957006	77386006	Diamniotic-monochorionic twins
73621009	77386006	Monoamniotic twins
80224003	77386006	Multiple gestation with one OR more fetal malpresentations
80856001	77386006	Previous pregnancies 8
80997009	77386006	Quintuplet pregnancy
82634006	77386006	Previous pregnancies 10
83074005	77386006	Unplanned pregnancy
89244003	77386006	Entanglement of cords of twins in monoamniotic sac
102872000	77386006	Pregnancy on oral contraceptive
102875003	77386006	Surrogate pregnancy
102876002	77386006	Multigravida
102955006	77386006	Contraception failure
127365008	77386006	Gravida 2
127366009	77386006	Gravida 3
127367000	77386006	Gravida 4
127368005	77386006	Gravida 5
127369002	77386006	Gravida 6
127370001	77386006	Gravida 7
127371002	77386006	Gravida 8
127372009	77386006	Gravida 9
127373004	77386006	Gravida 10
127374005	77386006	Gravida more than 10
169470007	77386006	Combined oral contraceptive pill failure
169471006	77386006	Progestogen-only pill failure
169488004	77386006	IUD failure - pregnant
169501005	77386006	Pregnant, diaphragm failure
169508004	77386006	Pregnant, sheath failure
169524003	77386006	Depot contraceptive failure
169533001	77386006	Contraceptive sponge failure
169539002	77386006	Symptothermal contraception failure
169544009	77386006	Postcoital OCP failure
169545005	77386006	Postcoital IUCD failure
169548007	77386006	Vasectomy failure
169550004	77386006	Female sterilization failure
169560008	77386006	Pregnant - urine test confirms
169561007	77386006	Pregnant - blood test confirms
169562000	77386006	Pregnant - vaginal examination confirms
169563005	77386006	Pregnant - on history
169564004	77386006	Pregnant - on abdominal palpation
169566002	77386006	Pregnancy unplanned but wanted
169567006	77386006	Pregnancy unplanned and unwanted
169568001	77386006	Unplanned pregnancy unknown if child is wanted
199306007	77386006	Continuing pregnancy after abortion of one fetus or more
199307003	77386006	Continuing pregnancy after intrauterine death of one or more fetuses
199322008	77386006	Triplet pregnancy with antenatal problem
199326006	77386006	Quadruplet pregnancy with antenatal problem
199378009	77386006	Multiple pregnancy with malpresentation
237236005	77386006	Undiagnosed multiple pregnancy
237237001	77386006	Undiagnosed twin pregnancy
237239003	77386006	Low risk pregnancy
237245006	77386006	Vanishing twin syndrome
237247003	77386006	Continuing pregnancy after abortion of sibling fetus
237321009	77386006	Delayed delivery of triplet
275429002	77386006	Delayed delivery of second twin
417006004	77386006	Twin reversal arterial perfusion syndrome
428511009	77386006	Multiple pregnancy with one fetal loss
429187001	77386006	Continuing pregnancy after intrauterine death of twin fetus
439311009	77386006	Intends to continue pregnancy
442478007	77386006	Combined tubal and intrauterine pregnancy
443460007	77386006	Multigravida of advanced maternal age
444661007	77386006	High risk pregnancy due to history of preterm labor
459166009	77386006	Dichorionic diamniotic twin pregnancy
459167000	77386006	Monochorionic twin pregnancy
459168005	77386006	Monochorionic diamniotic twin pregnancy
459169002	77386006	Monochorionic diamniotic twin pregnancy with similar amniotic fluid volumes
459170001	77386006	Monochorionic diamniotic twin pregnancy with dissimilar amniotic fluid volumes
459171002	77386006	Monochorionic monoamniotic twin pregnancy
472321009	77386006	Continuing pregnancy after intrauterine death of one twin with intrauterine retention of dead twin
699240001	77386006	Combined intrauterine and ovarian pregnancy
713575004	77386006	Dizygotic twin pregnancy
713576003	77386006	Monozygotic twin pregnancy
890096007	77386006	Pregnancy with implant contraceptive
1148848009	77386006	Multiple pregnancy following assisted fertilization
1148970006	77386006	Higher order multiple pregnancy due to and following medically assisted reproduction
1268535008	77386006	Obstructed labor due to interlocked twins
1290152008	77386006	Singleton pregnancy
1300203003	77386006	Pregnancy resulting from natural conception
1303255001	77386006	Medium risk pregnancy
35381000119101	77386006	Quadruplet pregnancy with loss of one or more fetuses
36801000119105	77386006	Continuing triplet pregnancy after spontaneous abortion of one or more fetuses
134781000119106	77386006	High risk pregnancy due to recurrent pregnancy loss
568141000005106	77386006	Pregnancy after cervical conization
813541000000100	77386006	Pregnancy resulting from assisted conception
12275071000119109	77386006	Conjoined twin pregnancy
671007	77465005	Transplantation of testis
1413003	77465005	Penetrating keratoplasty with homograft
6005008	77465005	Transplantation of vitreous by anterior approach
7937001	77465005	Transplantation of adrenal gland
8773000	77465005	Transplantation of large intestine
11173001	77465005	Bypass transplantation with allogeneic transplant
12152003	77465005	Immediate isogeneic transplantation, living donor
12931005	77465005	Bypass transplantation with isogeneic transplant
13392003	77465005	Transplantation of larynx
18027006	77465005	Transplantation of liver
19811006	77465005	Transplantation of testis to thigh
19944001	77465005	Autologous bone marrow transplant without purging
23719005	77465005	Transplantation of bone marrow
24322003	77465005	Immediate isogeneic transplantation, cadaver donor
24670001	77465005	Transplantation of conjunctiva for pterygium
27280000	77465005	Liver transplant with recipient hepatectomy
27782009	77465005	Syngeneic transplantation
28372008	77465005	Delayed allogeneic transplantation, cadaver donor
29273006	77465005	Delayed isogeneic transplantation, living donor
32413006	77465005	Transplantation of heart
32477003	77465005	Heart-lung transplant with recipient cardiectomy-pneumonectomy
33850009	77465005	Transplantation of carotid body
34815006	77465005	Transplantation of adrenal gland tissue to cerebral ventricle
34905004	77465005	Transplant of ovary
38487005	77465005	Closure of fistula of cornea with lamellar autograft
38805005	77465005	Transplantation of pituitary gland
38948000	77465005	Lamellar keratoplasty with autograft
40073002	77465005	Penetrating keratoplasty in pseudophakia
40464001	77465005	Epikeratophakia
41357006	77465005	Delayed isogeneic transplantation, cadaver donor
42101009	77465005	Penetrating keratoplasty
46280001	77465005	Autologous bone marrow transplant with purging
47058000	77465005	Heart transplant with recipient cardiectomy
50053001	77465005	Delayed allogeneic transplantation, living donor
50119002	77465005	Penetrating keratoplasty in aphakia
50223000	77465005	Allogeneic transplantation
53000009	77465005	Transplantation of superior rectus tendon for blepharoptosis
53088000	77465005	Autogenous transplantation
53959004	77465005	Xenogeneic transplantation
56283009	77465005	Transplantation of small intestine
58390007	77465005	Allogeneic bone marrow transplantation
58776007	77465005	Autologous bone marrow transplant
58844008	77465005	Bypass transplantation with xenogeneic transplant
60656008	77465005	Corneal transplant
61535006	77465005	Transplantation of spleen
62399001	77465005	Autotransplantation of ovary
62438007	77465005	Transplantation of pancreas
62511003	77465005	Autotransplant of lung
67562009	77465005	Heterotransplant of pancreas
68316003	77465005	Transplantation of pineal gland
70353009	77465005	Transplantation of ureter
70536003	77465005	Transplant of kidney
70796002	77465005	Closure of fistula of cornea with lamellar homograft
70969005	77465005	Penetrating keratoplasty with autograft
71947008	77465005	Homotransplant of pancreas
75792002	77465005	Transplantation of vitreous
76077004	77465005	Total pancreatectomy with transplantation
78546002	77465005	Transplantation of parathyroid
86403000	77465005	Immediate allogeneic transplantation, living donor
88039007	77465005	Transplant of lung
90939008	77465005	Transplantation of penis
91321000	77465005	Immediate allogeneic transplantation, cadaver donor
112891005	77465005	Autotransplantation of thyroid tissue
119911006	77465005	Salivary gland transplantation
119943006	77465005	Endocrine gland transplantation
120065003	77465005	Fallopian tube transplantation
120094005	77465005	Orbit transplantation
120095006	77465005	Eye transplantation
120110004	77465005	Eyelid transplantation
120127007	77465005	Posterior segment of eye transplantation
120131001	77465005	Extraocular muscle transplantation
128531006	77465005	Transplantation of pancreatic islet cells
171995003	77465005	Total parathyroidectomy and parathyroid tissue transplantation
173278008	77465005	Allotransplantation of tooth
173279000	77465005	Autotransplantation of tooth
174425003	77465005	Orthotopic liver transplant
174426002	77465005	Heterotopic liver transplant
174427006	77465005	Replacement of previous liver transplant
174691005	77465005	Transplantation of pancreas and duodenum
174692003	77465005	Whole organ pancreatic transplant
174693008	77465005	Transplantation of tail of pancreas
174694002	77465005	Renewal of transplanted pancreatic tissue
174802006	77465005	Allotransplant of heart and lung
174808005	77465005	Xenotransplant of heart
174809002	77465005	Heterotopic allotransplant of heart
175899003	77465005	Autotransplantation of kidney
175901007	77465005	Live donor renal transplant
175902000	77465005	Cadaveric renal transplant
180000003	77465005	Autotransplantation of adrenal medulla to caudate nucleus of brain
232657004	77465005	Single lung transplant
232658009	77465005	Double lung transplant
232659001	77465005	Double lung transplant as a block
232660006	77465005	Bilateral sequential single lung transplant
232973007	77465005	Allotransplant of heart
232974001	77465005	Orthotopic allotransplant of heart
234331007	77465005	Syngeneic bone marrow transplant
234332000	77465005	Allogeneic T-cell depleted allogeneic bone marrow transplant
234333005	77465005	Allogeneic imperfect T-cell depleted allogeneic bone marrow transplant
234334004	77465005	Allogeneic related bone marrow transplant
234335003	77465005	Allogeneic unrelated bone marrow transplant
234336002	77465005	Hemopoietic stem cell transplant
236138007	77465005	Xenograft renal transplant
269701007	77465005	Transplantation of testis to scrotum
277451006	77465005	Part organ pancreatic transplant
278257006	77465005	Peripheral blood stem cell transplantation
287239002	77465005	Thymus transplantation
313030004	77465005	Donor renal transplantation
313039003	77465005	Solid organ transplant to recipient
345797001	77465005	Autotransplantation of pancreatic tissue
397554006	77465005	Limbal stem cell transplantation
405768001	77465005	Autotransplantation of heart
425563003	77465005	Cord blood transplant to bone marrow
425616008	77465005	Transplantation of ileum
425843001	77465005	Allogeneic peripheral blood stem cell transplant
425983008	77465005	Autologous peripheral blood stem cell transplant
426356008	77465005	Orthotopic transplantation of whole liver
426425001	77465005	Allograft of bone marrow from sibling donor
426463009	77465005	Allotransplantation of ileum
426926007	77465005	Transplantation of conjunctiva
426984008	77465005	Allotransplantation of thymus gland
427423003	77465005	Allogeneic bone marrow transplant from matched unrelated donor
427615008	77465005	Allogeneic cord blood transplant to bone marrow
428198008	77465005	Transplantation of hepatocytes
429332008	77465005	Transplantation of single lobe of lung
438611007	77465005	Transplantation of fetal cells
441751006	77465005	Transplantation of intestine
441754003	77465005	Percutaneous transhepatic transplantation of pancreatic islet cells using fluoroscopic guidance
442557006	77465005	Allogeneic bone marrow transplant from unmatched unrelated donor
445757003	77465005	Allogeneic bone marrow transplantation without purging
446253009	77465005	Allogeneic bone marrow transplantation with purging
447981001	77465005	Allotransplantation of islets of Langerhans
698075004	77465005	Syngeneic peripheral blood stem cell transplantation
709082007	77465005	Endothelial keratoplasty
709115004	77465005	Transplantation of autologous hematopoietic stem cell
711189009	77465005	Allotransplantation of meniscus
711411006	77465005	Allotransplantation of kidney from beating heart cadaver
711413009	77465005	Allotransplantation of kidney from non-beating heart cadaver
711429001	77465005	Transplantation of autologous progenitor cell
713585003	77465005	Ex vivo cultured limbal epithelial cell allograft to ocular surface
713591001	77465005	Ex vivo cultured autologous oral mucosal epithelial cell transplant to ocular surface
713639005	77465005	Ex vivo cultured living related limbal cell allograft to ocular surface
713667001	77465005	Ex vivo cultured limbal epithelial cell autograft to ocular surface
721036005	77465005	Fecal microbiota transplantation
765478004	77465005	Allotransplantation of left kidney
765479007	77465005	Allotransplantation of right kidney
782655004	77465005	Laparoscopic transplant of kidney using robotic assistance
785830001	77465005	Transplant of cornea of right eye
785831002	77465005	Transplant of cornea of left eye
789778002	77465005	Colonoscopy and fecal microbiota transplantation
789779005	77465005	Sigmoidoscopy and fecal microbiota transplantation
816079005	77465005	Vascularized composite allotransplantation
827087002	77465005	Esophagogastroduodenoscopy and fecal microbiota transplant
1172516002	77465005	High-dose chemotherapy with stem cell transplant
1222623009	77465005	Penetrating keratoplasty with implantation of posterior chamber intraocular lens
1230281003	77465005	Transplant of bilateral cornea of eyes
1269349006	77465005	Stem cell transplant
1304064008	77465005	Excision of pterygium with corneal graft
1332281007	77465005	Piggy-back liver transplant
1344850007	77465005	Transplantation of uterus
1344857005	77465005	Transplantation of urinary bladder
1354748002	77465005	Transplantation of thyroid gland
6471000179103	77465005	Transplantation of kidney and pancreas
174241000112100	77465005	Transplantation of allogeneic hematopoietic stem cell
787001	79619009	Rheumatic mitral stenosis with regurgitation
44993000	79619009	Rheumatic mitral valve and aortic valve stenosis
71799002	79619009	Rheumatic mitral valve stenosis AND aortic valve insufficiency
82458004	79619009	Congenital stenosis of mitral valve
86466006	79619009	Rheumatic mitral stenosis
194726006	79619009	Mitral stenosis with insufficiency
194727002	79619009	Non-rheumatic mitral valve stenosis
194733006	79619009	Mitral and aortic stenosis
194734000	79619009	Mitral stenosis and aortic insufficiency
204319006	79619009	Lutembacher's syndrome
233856001	79619009	Mitral restenosis
472843009	79619009	Stenosis of fetal mitral valve
703167007	79619009	Prosthetic mitral valve stenosis
703168002	79619009	Prosthetic mitral valve stenosis and regurgitation
703177009	79619009	Prosthetic mitral valve calcific stenosis
703225007	79619009	Postprocedural mitral valve stenosis
703320000	79619009	Non-rheumatic mitral valve stenosis with regurgitation
838448003	79619009	Mild mitral valve stenosis
838449006	79619009	Moderate mitral valve stenosis
838450006	79619009	Severe mitral valve stenosis
934007	80141007	Thalassemia intermedia
3947004	80141007	High oxygen affinity hemoglobin polycythemia
5300004	80141007	Hemoglobin Bart's hydrops syndrome
5967006	80141007	A>gamma< beta^+^ HPFH AND beta^0^ thalassemia in cis
7391009	80141007	Hemoglobin D trait
15326009	80141007	beta^+^ Thalassemia, normal Hb A>2<, type 2
16360009	80141007	Delta beta thalassemia
16402000	80141007	Sickle cell trait
16427007	80141007	Delta thalassemia
16964007	80141007	Hereditary persistence of fetal hemoglobin thalassemia
18273004	80141007	Unstable hemoglobin disease
18662002	80141007	Acquired Heinz body anemia
19442009	80141007	Heterozygous thalassemia
23269001	80141007	Double heterozygous sickling disorder
23371004	80141007	Epsilon gamma delta beta thalassemia
25065001	80141007	Hemoglobin E disease
25472008	80141007	Sickle cell-hemoglobin D disease
26682008	80141007	Homozygous beta thalassemia
27080008	80141007	Beta zero thalassemia deletion type
32117000	80141007	Sulfhemoglobinemia
32855007	80141007	HPFH unlinked to beta-globulin gene cluster
35434009	80141007	Sickle cell-hemoglobin C disease
36467003	80141007	Alpha plus thalassemia
36472007	80141007	Sickle cell-thalassemia disease
38589006	80141007	Mixed hemoglobin disorder
38959009	80141007	Methemoglobinemia
39586009	80141007	HPFH A gamma beta^+^ thalassemia
40108008	80141007	Thalassemia
46248003	80141007	Hemoglobin E trait
47024008	80141007	Sickle cell-hemoglobin E disease
47047009	80141007	Thalassemia with other hemoglobinopathy
47084006	80141007	Beta plus thalassemia normal hemoglobin A>2< type 1 silent
48553001	80141007	Hemoglobin H disease
51053007	80141007	Hemoglobin C disease
54006005	80141007	Hereditary persistence of fetal hemoglobin delta beta plus thalassemia
56205004	80141007	HPFH nondeletion type
57020009	80141007	Stokvis' disease
61395005	80141007	Hereditary persistence of fetal hemoglobin G gamma beta plus thalassemia
61777009	80141007	Thalassemia-hemoglobin C disease
62074008	80141007	Delta zero thalassemia
65959000	80141007	Beta thalassemia
66055002	80141007	Alpha zero thalassemia
66729008	80141007	Hemoglobin D disease
68913001	80141007	Alpha thalassemia
69216008	80141007	Hb Lepore thalassemia
73190000	80141007	Epsilon gamma delta beta^0^ thalassemia
74912001	80141007	Hemoglobin M disease
75063005	80141007	Hemoglobinopathy with erythrocytosis
75451007	80141007	Thalassemia major
76050008	80141007	Hemoglobin C trait
76336008	80141007	Delta beta zero thalassemia
79592006	80141007	Beta plus thalassemia
84188003	80141007	Thalassemia syndrome
84260001	80141007	Hemoglobinopathy with cyanosis
85422000	80141007	Alpha plus thalassemia non deletion type
85557000	80141007	HPFH deletion type
86242003	80141007	Alpha plus thalassemia deletion type
86715000	80141007	Beta zero thalassemia
89459006	80141007	HPFH linked to beta-globulin gene cluster
89810003	80141007	^A^gamma delta beta^0^ thalassemia
111572002	80141007	Beta zero thalassemia non deletion type
123772008	80141007	Homozygous hemoglobinopathy
123773003	80141007	Heterozygous hemoglobinopathy
127037003	80141007	Toxic methemoglobinemia with cyanosis
127038008	80141007	Hereditary hemoglobinopathy due to globin chain mutation
127039000	80141007	Acquired hemoglobinopathy
127040003	80141007	Sickle cell-hemoglobin SS disease
127041004	80141007	Sickle cell-beta-thalassemia
127042006	80141007	Sickle cell beta plus thalassemia
127043001	80141007	Sickle cell-beta^0^-thalassemia
127044007	80141007	Sickle cell-delta beta^0^-thalassemia
127045008	80141007	Sickle cell anemia with coexistent alpha-thalassemia
127046009	80141007	Sickle cell trait with coexistent alpha-thalassemia
127047000	80141007	Sickle cell-hemoglobin Lepore disease
127048005	80141007	Sickle cell-Hemoglobin O Arab disease
191187006	80141007	Alpha trait thalassemia
191189009	80141007	Beta thalassemia intermedia
191201002	80141007	Hereditary persistence of fetal hemoglobin
191202009	80141007	Hemoglobin Zurich disease
191388008	80141007	Familial methemoglobinemia
191389000	80141007	Idiopathic methemoglobinemia
191390009	80141007	Drug-induced methemoglobinemia
234345001	80141007	von Jaksch's anemia
234383000	80141007	Homozygous alpha thalassemia
234385007	80141007	Alpha thalassemia-2 trait
234386008	80141007	Hemoglobin Constant Spring trait
234387004	80141007	Hemoglobin Lepore trait
234388009	80141007	Delta-beta-Lepore thalassemia
234389001	80141007	Alpha-beta thalassemia
234390005	80141007	Gamma thalassemia
234391009	80141007	Sickle cell anemia with high hemoglobin F
234392002	80141007	Hemoglobin E/beta thalassemia disease
234393007	80141007	Low affinity hemoglobin
234394001	80141007	High affinity hemoglobin
234395000	80141007	Congenital methemoglobinaema with defective methemoglobin-reducing system
234396004	80141007	Congenital methemoglobinemia with abnormal methemoglobins
267550008	80141007	Congenital methemoglobinemia
269175006	80141007	Beta thalassemia trait
294303000	80141007	Acquired methemoglobinuria
295315008	80141007	Acquired methemoglobinemia
307343001	80141007	Acquired hemoglobin H disease
406593009	80141007	Methemoglobinemia due to nitrate poisoning
416180004	80141007	Hemoglobin SS disease without crisis
416214006	80141007	Sickle cell-hemoglobin D disease without crisis
416290001	80141007	Hemoglobin S sickling disorder without crisis
416417002	80141007	Hereditary hemoglobin S
416484003	80141007	Sickle cell-hemoglobin E disease with crisis
416638004	80141007	Sickle cell-hemoglobin E disease without crisis
416826005	80141007	Sickle cell-thalassemia disease with crisis
417048006	80141007	Sickle cell-thalassemia disease without crisis
417279003	80141007	Hemoglobin S sickling disorder with crisis
417357006	80141007	Sickling disorder due to hemoglobin S
417425009	80141007	Hemoglobin SS disease with crisis
417517009	80141007	Sickle cell-hemoglobin C disease with crisis
417683006	80141007	Sickle cell-hemoglobin C disease without crisis
417748003	80141007	Sickle cell-hemoglobin D disease with crisis
427306008	80141007	Hereditary hemoglobinopathy
440206000	80141007	Hemoglobin SS disease with vasoocclusive crisis
444108000	80141007	Acute sickle cell splenic sequestration crisis
445542007	80141007	Hemoglobin O-Arab trait
447117006	80141007	Hemoglobin H constant spring thalassemia
715342005	80141007	Alpha thalassemia X-linked intellectual disability syndrome
716682000	80141007	Dominant beta-thalassemia
718196002	80141007	Beta thalassemia X-linked thrombocytopenia syndrome
734349003	80141007	Alpha-thalassemia intellectual disability syndrome linked to chromosome 16
767497003	80141007	Autosomal recessive congenital methemoglobinemia
767498008	80141007	Autosomal recessive congenital methemoglobinemia type II
767499000	80141007	Autosomal recessive congenital methemoglobinemia type I
769167005	80141007	Vaso-occlusive pain episode in sickle cell disease
782880001	80141007	Hemoglobinopathy Toms River
783254003	80141007	Hereditary persistence of fetal hemoglobin with sickle cell disease syndrome
788944005	80141007	Gamma delta beta thalassemia
1148897000	80141007	Hemoglobin Paksé disease
1148899002	80141007	Hemoglobin Seal Rock disease
1148910003	80141007	Hemoglobin C beta thalassemia
1153413001	80141007	Acute splenic sequestration of spleen due to sickle cell thalassemia with crisis
1153415008	80141007	Acute splenic sequestration due to sickle cell hemoglobin C disease with crisis
62621000119107	80141007	Fetal hemoglobinopathy
72321000119107	80141007	Sickle cell trait in mother complicating pregnancy
72331000119105	80141007	Thalassemia in mother complicating pregnancy
685061000119108	80141007	Hemoglobin C beta plus thalassemia
685071000119102	80141007	Hemoglobin C beta zero thalassemia
685081000119104	80141007	Hemoglobin D beta plus thalassemia
685091000119101	80141007	Hemoglobin D beta zero thalassemia
685101000119106	80141007	Hemoglobin E beta plus thalassemia
685111000119109	80141007	Hemoglobin E beta zero thalassemia
10759351000119103	80141007	Sickle cell anemia in mother complicating childbirth
10759401000119105	80141007	Sickle cell trait in mother complicating childbirth
10806241000119108	80141007	Thalassemia in mother complicating childbirth
16371831000119108	80141007	Delta beta thalassemia trait
151004	8098009	Gonococcal meningitis
192008	8098009	Congenital syphilitic hepatomegaly
827006	8098009	Late congenital syphilis, latent (+ sero., - C.S.F., 2 years OR more)
1107004	8098009	Early latent syphilis, positive serology, negative cerebrospinal fluid, with relapse after treatment
2390000	8098009	Acute gonococcal vulvovaginitis
3589003	8098009	Syphilitic pericarditis
4082005	8098009	Syphilitic myocarditis
4359001	8098009	Early congenital syphilis (less than 2 years)
4483005	8098009	Syphilitic punched out ulcer
6267005	8098009	Congenital syphilitic meningitis
8555001	8098009	Syphilis of lung
9091006	8098009	Gonococcal iridocyclitis
9241004	8098009	Gonococcal heart disease
9941009	8098009	Congenital syphilitic choroiditis
10227000	8098009	Herpetic infection of penis
10345003	8098009	Primary syphilis of tonsils
11338007	8098009	Syphilitic episcleritis
11906007	8098009	Chronic gonococcal vulvovaginitis
12232008	8098009	Syphilitic aneurysm of aorta
12373006	8098009	Chronic gonococcal bartholinitis
13310005	8098009	Taboparesis
15628003	8098009	Gonorrhea
16070004	8098009	Syphilitic cirrhosis
17305005	8098009	Acute gonorrhea of genitourinary tract
19206003	8098009	Syphilitic acoustic neuritis
19290004	8098009	Clutton's joints
20735004	8098009	Syphilitic aortitis
20943002	8098009	Acute gonococcal cervicitis
21523006	8098009	Syphilitic gumma of central nervous system
22386003	8098009	Syphilitic optic atrophy
23975003	8098009	Chronic gonococcal seminal vesiculitis
24868007	8098009	Acute gonococcal cystitis
26039008	8098009	Neurosyphilis
26135000	8098009	Syphilitic encephalitis
27075004	8098009	Venereal disease in mother complicating pregnancy, childbirth AND/OR puerperium
27420004	8098009	Herpetic vulvovaginitis
27460003	8098009	Primary syphilis of breast
27648007	8098009	Congenital syphilitic periostitis
27681008	8098009	Chronic gonorrhea
28198007	8098009	Primary syphilis of lip
28438004	8098009	Gonococcal conjunctivitis neonatorum
28572009	8098009	Chronic gonorrhea of genitourinary tract
28867007	8098009	Granuloma inguinale
29864006	8098009	Acute gonococcal urethritis
30168008	8098009	Acute gonococcal epididymo-orchitis
31015008	8098009	Primary anal syphilis
31137003	8098009	Early latent syphilis, positive serology, negative cerebrospinal fluid, less than 2 years after infection
31999004	8098009	Chronic gonococcal endometritis
32735002	8098009	Congenital syphilitic encephalitis
33839006	8098009	Genital herpes simplex
35089004	8098009	Urogenital infection by Trichomonas vaginalis
35526001	8098009	Chronic gonococcal epididymo-orchitis
35742006	8098009	Congenital syphilis
35876006	8098009	Gonococcal infection of eye
36276008	8098009	Syphilitic retrobulbar neuritis
37430004	8098009	Syphilis of synovium
37754005	8098009	Asymptomatic neurosyphilis
38523005	8098009	Syphilitic parkinsonism
39085002	8098009	Secondary syphilis of mucous membrane
40149008	8098009	Gonococcal keratitis
42746002	8098009	Gonorrhea of rectum
42770003	8098009	Syphilis of tricuspid valve
44412000	8098009	Chronic gonococcal urethritis
44568006	8098009	Syphilitic interstitial keratitis
44743006	8098009	Gonococcal infection of joint
45058001	8098009	Syphilis of pulmonary valve
45377007	8098009	Acute gonococcal salpingitis
46235002	8098009	Early latent congenital syphilis, positive serology, negative spinal fluid
46699001	8098009	Gonococcal bursitis
49923008	8098009	Syphilis of tendon
50528008	8098009	Syphilis of bone
50970007	8098009	Acute gonorrhea of upper genitourinary tract
51928006	8098009	General paresis - neurosyphilis
51960003	8098009	Secondary syphilis of pharynx
52414005	8098009	Secondary syphilis of vulva
53529004	8098009	Chronic gonococcal salpingitis
53664003	8098009	Gonococcal spondylitis
54069001	8098009	Congenital syphilitic mucous patches
54274001	8098009	Primary syphilis of fingers
54825009	8098009	Acute gonorrhea of lower genitourinary tract
55768006	8098009	Syphilitic leukoderma
58056005	8098009	Syphilis of mitral valve
58227000	8098009	Secondary syphilis of viscera
58392004	8098009	Congenital syphilitic osteochondritis
59233003	8098009	Secondary syphilis of skin
59307008	8098009	Syphilitic alopecia
59530001	8098009	Syphilis of kidney
59721007	8098009	Congenital syphilitic pemphigus
59819007	8098009	Herpetic ulceration of vulva
59934002	8098009	Secondary syphilitic adenopathy
60335002	8098009	Gonococcal keratosis
60528006	8098009	Secondary syphilis of mouth
60893000	8098009	Chronic gonococcal prostatitis
61048000	8098009	Gonococcal endocarditis
61612001	8098009	Syphilitic aortic incompetence
62207008	8098009	Syphilitic ostial coronary disease
62861003	8098009	Secondary syphilis, relapse (untreated)
63751007	8098009	Secondary syphilis of bone
64102008	8098009	Syphilitic gumma
65049003	8098009	Acute gonococcal seminal vesiculitis
65295003	8098009	Acute gonococcal endometritis
66281009	8098009	Chorioretinitis due to secondary syphilis
66887000	8098009	Late syphilis, latent (+ sero., - C.S.F. 2 years after)
67125004	8098009	Latent syphilis with positive serology
67391006	8098009	Syphilitic endocarditis
68764005	8098009	Juvenile taboparesis
68863007	8098009	Acute syphilitic meningitis
69595007	8098009	Secondary syphilitic periostitis
71011005	8098009	Infestation by Phthirus pubis
72083004	8098009	Late syphilis
74372003	8098009	Gonorrhea of pharynx
75299005	8098009	Spastic spinal syphilitic paralysis
76272004	8098009	Syphilis
76802005	8098009	Chronic gonococcal cervicitis
77028001	8098009	Secondary syphilis of anus
77939001	8098009	Syphilitic disseminated retinochoroiditis
80388004	8098009	Chronic gonorrhea of upper genitourinary tract
80604007	8098009	Acute gonococcal bartholinitis
80770009	8098009	Secondary syphilis of liver
81339006	8098009	Secondary syphilis of tonsil
82323002	8098009	Late congenital syphilis (2 years or more)
82355002	8098009	Syphilitic aortic stenosis
82959004	8098009	Dementia paralytica juvenilis
83883001	8098009	Cardiovascular syphilis
85857008	8098009	Secondary syphilis, relapse (treated)
86028001	8098009	Syphilis of liver
86443005	8098009	Hutchinson's teeth
87318008	8098009	Congenital syphilis with gumma
88813005	8098009	Chronic gonococcal cystitis
88943008	8098009	Syphilis of muscle
90428001	8098009	Gonococcal pericarditis
91554004	8098009	Condyloma latum
109436001	8098009	Moon's molar teeth
111806005	8098009	Acute gonococcal prostatitis
111807001	8098009	Gonococcal endophthalmia
129670002	8098009	Herpetic cervicitis
186833000	8098009	Early congenital syphilis - latent
186842007	8098009	Late congenital syphilitic oculopathy
186846005	8098009	Early symptomatic syphilis
186847001	8098009	Primary genital syphilis
186850003	8098009	Secondary syphilis of skin and mucous membrane
186854007	8098009	Uveitis due to secondary syphilis
186861006	8098009	Secondary syphilis relapse
186863009	8098009	Acute secondary syphilitic meningitis
186867005	8098009	Latent early syphilis
186868000	8098009	Serological relapse after treatment of latent early syphilis
186875004	8098009	Syphilitic endocarditis of mitral valve
186877007	8098009	Syphilitic endocarditis of tricuspid valve
186878002	8098009	Syphilitic endocarditis of pulmonary valve
186893003	8098009	Rupture of syphilitic cerebral aneurysm
186903006	8098009	Late latent syphilis
186915005	8098009	Chronic gonorrhea lower genitourinary tract
186931002	8098009	Gonococcal anal infection
186939000	8098009	Gonococcal peritonitis
186946009	8098009	Lymphogranuloma venereum
192647003	8098009	Secondary syphilitic meningitis
193786000	8098009	Keratitis due to syphilis
194907008	8098009	Acute syphilitic pericarditis
194910001	8098009	Acute gonococcal pericarditis
194947001	8098009	Acute syphilitic myocarditis
197347003	8098009	Hepatitis in late syphilis
197348008	8098009	Hepatitis in secondary syphilis
197757004	8098009	Late syphilis of kidney
197848003	8098009	Gonococcal cystitis
197850006	8098009	Trichomonal cystitis
197966009	8098009	Syphilitic prostatitis
197967000	8098009	Gonococcal prostatitis
198175009	8098009	Female syphilitic pelvic inflammatory disease
198242009	8098009	Female gonococcal pelvic inflammatory disease
199161008	8098009	Maternal gonorrhea during pregnancy, childbirth and the puerperium
202933002	8098009	Syphilitic bursitis
230152000	8098009	Late congenital syphilitic meningitis
230182006	8098009	Late syphilitic encephalitis
230563005	8098009	Late congenital syphilitic polyneuropathy
230735006	8098009	Syphilitic cerebral arteritis
231858009	8098009	Gonococcal conjunctivitis
232313005	8098009	Endocochlear syphilis
232367004	8098009	Nasal syphilis
233849007	8098009	Syphilitic valve disease
235032001	8098009	Syphilitic oral leukoplakia
235062007	8098009	Oral syphilis
235064008	8098009	Syphilitic gumma of oral cavity
235065009	8098009	Syphilitic oral snail track ulcer
235861001	8098009	Abscess gonococcal
235863003	8098009	Gonococcal hepatitis
236682002	8098009	Gonococcal urethritis
236687008	8098009	Gonococcal urethral abscess
236766009	8098009	Gonococcal epididymitis
236772009	8098009	Gonococcal epididymo-orchitis
237038001	8098009	Gonococcal salpingitis
237042003	8098009	Gonococcal perihepatitis
237046000	8098009	Gonococcal tubo-ovarian abscess
237069002	8098009	Gonococcal endometritis
237083000	8098009	Gonococcal cervicitis
237095000	8098009	Gonococcal vulvovaginitis
237096004	8098009	Neonatal gonococcal vulvovaginitis
237104007	8098009	Trichomonal vulvitis
237446005	8098009	Syphilis of breast
237447001	8098009	Primary syphilis of nipple
238419002	8098009	Gonococcal lymphangitis of penis
239825002	8098009	Tabetic joint
240039005	8098009	Gonococcal tenosynovitis
240545008	8098009	Anogenital papillomaviral intraepithelial neoplasia
240552005	8098009	Juvenile tabes dorsalis
240554006	8098009	Hutchinson's triad
240555007	8098009	Acquired syphilis
240556008	8098009	Primary extragenital syphilis
240557004	8098009	Secondary syphilis
240558009	8098009	Macular syphilide
240560006	8098009	Papular syphilide
240561005	8098009	Corona veneris
240562003	8098009	Pustular syphilide
240563008	8098009	Syphilitic mucosal ulceration
240564002	8098009	Secondary neurosyphilis
240565001	8098009	Asymptomatic secondary neurosyphilis
240566000	8098009	Gummatous neurosyphilis
240567009	8098009	Syphilitic coronary artery disease
240568004	8098009	Meningovascular syphilis - quaternary stage
240569007	8098009	Syphilitic polyneuropathy
240571007	8098009	Neonatal gonococcal infection
240573005	8098009	Gonococcal Bartholin's gland abscess
240574004	8098009	Gonococcal Skenitis
240575003	8098009	Gonococcal Tysonitis
240576002	8098009	Gonococcal Cowperitis
240577006	8098009	Gonococcal Littritis
240578001	8098009	Gonococcal Littré gland abscess
240579009	8098009	Gonococcal paraurethral gland abscess
240581006	8098009	Gonococcal female pelvic infection
240582004	8098009	Gonococcal synovitis
240583009	8098009	Cutaneous gonorrhea
240584003	8098009	Gonococcal cellulitis
240585002	8098009	Chancroid - anogenital ulcer
240586001	8098009	Chancroid - extragenital ulcer
240587005	8098009	Chancroid - latent infection
240602008	8098009	Early lymphogranuloma venereum
240603003	8098009	Late lymphogranuloma venereum
240604009	8098009	Latent lymphogranuloma venereum
240606006	8098009	Donovanosis - anogenital ulcer
240608007	8098009	Donovanosis - non-genital lesion
266125005	8098009	Early congenital syphilis with symptoms
266126006	8098009	Late congenital neurosyphilis
266127002	8098009	Primary syphilis
266128007	8098009	Rash of secondary syphilis
266130009	8098009	Acquired syphilis - early latent
266133006	8098009	Late quaternary neurosyphilis
266136003	8098009	Acquired syphilis - late latent
266143009	8098009	Chancroid
272006008	8098009	Gonococcal arthritis dermatitis syndrome
272262003	8098009	Esthiomene
274118001	8098009	Venereal disease in pregnancy
275376007	8098009	Congenital syphilitic chronic coryza
276700005	8098009	Congenital syphilitic rhinitis
276877003	8098009	Trichomonal vaginitis
277499006	8098009	Complicated donovanosis
278068003	8098009	Herpetic vesicle in vagina
278480000	8098009	Syphilitic endocarditis of aortic valve
278481001	8098009	Quaternary syphilis
301086002	8098009	Syphilitic meningitis
301990003	8098009	Gonococcal seminal vesiculitis
302812006	8098009	Anogenital human papillomavirus infection
302813001	8098009	Syphilitic acoustic neuritis - quaternary stage
307423008	8098009	Gonococcal pelvic peritonitis
312934004	8098009	Syphilitic chorioretinitis
312955002	8098009	Tertiary syphilitic chorioretinitis
314840009	8098009	Progressive locomotor ataxia
315826004	8098009	Tabetic neurosyphilis
371237000	8098009	Syphilitic skin disorder
402126004	8098009	Sexually transmitted bacterial disease affecting skin
402888002	8098009	Primary herpes simplex infection of genitalia
402889005	8098009	Primary herpes simplex infection of penis
402890001	8098009	Primary herpetic vulvovaginitis
402894005	8098009	Recurrent genital herpes simplex
402895006	8098009	Recurrent herpes simplex of penis
402896007	8098009	Recurrent herpetic vulvovaginitis
402940004	8098009	Syphilitic chancre of penis
402941000	8098009	Syphilitic chancre of vulva
402942007	8098009	Syphilitic chancre of oral mucous membranes
402943002	8098009	Syphilitic balanitis
402944008	8098009	Condylomata lata of perianal skin
402945009	8098009	Condylomata lata of penis
402946005	8098009	Condylomata lata of vulva
402947001	8098009	Late secondary syphilis
402949003	8098009	Nodular syphilide
402950003	8098009	Syphilitic leukoplakia of tongue
402951004	8098009	Oral mucous membrane lesion due to late syphilis
402952006	8098009	Anetoderma secondary to syphilis
402954007	8098009	Penile chancroid
402955008	8098009	Vulval chancroid
402956009	8098009	Localized cutaneous gonococcal infection
402958005	8098009	Pustular vasculitis due to gonococcal bacteremia
405635002	8098009	Late syphilis with clinical manifestations other than neurosyphilis
406581000	8098009	Gonococcal infection of the central nervous system
410470003	8098009	Syphilitic retinitis
410478005	8098009	Ocular syphilis
423391007	8098009	Genital herpes simplex type 2
427578006	8098009	Herpes simplex of female genitalia
428230005	8098009	Trichomonal vaginitis in pregnancy
439912007	8098009	Recurrent genital Herpes simplex type 1 infection
439913002	8098009	Recurrent genital Herpes simplex type 2 infection
440714005	8098009	Genital Herpes simplex type 1 infection
444150000	8098009	Latent syphilis
444834005	8098009	Abscess of urethral gland caused by Neisseria gonorrhoeae
449773001	8098009	Interstitial glossitis
449776009	8098009	Luetic glossitis
713251003	8098009	Gingival disease caused by Treponema pallidum
713261005	8098009	Gingival disease caused by Neisseria gonorrhoeae
719755001	8098009	Adult gonococcal conjunctivitis
721583004	8098009	Mucocutaneous early congenital syphilis
721585006	8098009	Sexually transmissible infection caused by Herpes simplex virus
721587003	8098009	Sexually transmissible infection caused by human papillomavirus
721588008	8098009	Hepatitis caused by sexually transmissible virus
721589000	8098009	Sexually transmissible infection caused by Molluscum contagiosum virus
722520001	8098009	Non-ulcerative sexually transmitted infection caused by Chlamydia trachomatis
736686006	8098009	Syphilitic chancre
762257007	8098009	Disseminated infection caused by Neisseria gonorrhoeae
788975001	8098009	Late syphilis of skin
788998009	8098009	Ocular late syphilis
789121002	8098009	Late syphilis of mucous membrane
838317007	8098009	Bursitis due to late syphilis
866106004	8098009	Interstitial keratitis due to late congenital syphilis
866115006	8098009	Lues maligna
890114008	8098009	Iris papulosa caused by Treponema pallidum
890115009	8098009	Iris roseola caused by Treponema pallidum
1010615002	8098009	Late syphilis of lung
1052319006	8098009	Secondary syphilis of nervous system
1052321001	8098009	Secondary syphilis of digestive system
1052322008	8098009	Secondary syphilis of eye
1052323003	8098009	Secondary syphilis of musculoskeletal system
1137693003	8098009	Herpes simplex of male genitalia
1142031005	8098009	Late congenital syphilitic optic atrophy
1142043006	8098009	Late syphilitic pulmonary regurgitation
1142092000	8098009	Late congenital syphilitic osteochondropathy
1142095003	8098009	Late congenital cardiovascular syphilis
1142099009	8098009	Secondary syphilis of synovium
1177029002	8098009	Syphilitic infectious intermediate uveitis
1177081002	8098009	Mulberry molar teeth
1258923000	8098009	Infection caused by Neisseria gonorrhoeae during puerperium
1339030007	8098009	Neisseria gonorrhoeae proctitis
1343508008	8098009	Posterior cord syndrome due to tabetic neurosyphilis
1621000119101	8098009	Chlamydia trachomatis infection in pregnancy
94851000119107	8098009	Syphilitic valvular endocarditis
104011000119109	8098009	Genital herpes simplex in mother complicating pregnancy
112121000119105	8098009	Venereal disease caused by Chlamydia trachomatis
114881000119108	8098009	Maternal gonorrhea during pregnancy
130841000119103	8098009	Interstitial keratitis due to congenital syphilis
331151000119109	8098009	Syphilitic choroiditis
342381000119109	8098009	Gonococcal iritis
1087001000119105	8098009	Infection of anus and rectum caused by Neisseria gonorrhoeae
1087051000119109	8098009	Gonococcal osteomyelitis
1087061000119106	8098009	Gonococcal pneumonia
1090381000119104	8098009	Recurrent cervicitis caused by human herpes simplex virus
10750051000119105	8098009	Chlamydia trachomatis infection in mother complicating childbirth
10754031000119105	8098009	Gonorrhea in mother complicating childbirth
10754701000119100	8098009	Genital herpes simplex in mother complicating childbirth
10759841000119105	8098009	Sexually transmitted infectious disease in mother complicating childbirth
10759921000119107	8098009	Syphilis in mother complicating childbirth
11056091000119105	8098009	Recurrent herpes simplex infection of buttock
15677801000119103	8098009	Chorioretinitis of right eye due to secondary syphilis
15677841000119101	8098009	Chorioretinitis of bilateral eyes due to secondary syphilis
15677881000119106	8098009	Chorioretinitis of left eye due to secondary syphilis
15679481000119104	8098009	Iritis of right eye caused by Treponema pallidum
15679561000119109	8098009	Iritis of left eye caused by Treponema pallidum
15679681000119101	8098009	Bilateral iritis of eyes caused by Treponema pallidum
15685441000119102	8098009	Bilateral retinitis of eyes caused by Treponema pallidum
15693321000119100	8098009	Left gonococcal keratitis
15693361000119105	8098009	Bilateral gonococcal keratitis
15693401000119101	8098009	Right gonococcal keratitis
15988791000119105	8098009	Neonatal conjunctivitis of right eye caused by Neisseria gonorrhoeae
15988831000119104	8098009	Neonatal conjunctivitis of left eye caused by Neisseria gonorrhoeae
15988871000119101	8098009	Neonatal conjunctivitis of bilateral eyes caused by Neisseria gonorrhoeae
15993071000119101	8098009	Interstitial keratitis of right eye due to congenital syphilis
15993231000119108	8098009	Interstitial keratitis of bilateral eyes due to congenital syphilis
15993311000119106	8098009	Right iritis due to secondary syphilis
15993351000119107	8098009	Left iritis due to secondary syphilis
15993391000119102	8098009	Retinitis of bilateral eyes due to secondary syphilis
15993431000119107	8098009	Interstitial keratitis of left eye due to congenital syphilis
15993471000119105	8098009	Bilateral iritis due to secondary syphilis
15998911000119104	8098009	Infection of right eye caused by Neisseria gonorrhoeae
15998951000119103	8098009	Infection of bilateral eyes caused by Neisseria gonorrhoeae
15998991000119108	8098009	Infection of left eye caused by Neisseria gonorrhoeae
501661611000119107	8098009	Latent genital herpes simplex during pregnancy
783556000	83911000119104	Severe early-onset obesity insulin resistance syndrome due to SH2B1 deficiency
783719006	83911000119104	Obesity due to SIM1 deficiency
785722006	83911000119104	Obesity due to leptin receptor gene deficiency
1303867005	83911000119104	Early-onset obesity, hyperphagia, severe developmental delay syndrome
15750121000119108	83911000119104	Severe obesity complicating pregnancy
6204001	84757009	Juvenile myoclonic epilepsy
15523002	84757009	Self-limited focal epilepsy
19598007	84757009	Generalized epilepsy
28055006	84757009	West syndrome
36803009	84757009	Idiopathic generalized epilepsy
38281008	84757009	Self-limited neonatal epilepsy
39194005	84757009	Visual epilepsy
44145005	84757009	Self-limited epilepsy with centrotemporal spikes
44423001	84757009	Early myoclonic encephalopathy
50866000	84757009	Childhood absence epilepsy
75023009	84757009	Post-traumatic epilepsy
79745005	84757009	Reflex epilepsy
95208000	84757009	Photogenic epilepsy
109478007	84757009	Kohlschutter's syndrome
192845009	84757009	Myoclonic encephalopathy
192990004	84757009	Myoclonic epilepsy in infancy
193000002	84757009	Temporal lobe epilepsy
193003000	84757009	Mesiobasal limbic temporal lobe epilepsy
193010006	84757009	Visual reflex epilepsy
193021002	84757009	Cursive (running) epilepsy
230191005	84757009	Rasmussen syndrome
230381009	84757009	Focal epilepsy
230384001	84757009	Benign atypical partial epilepsy in childhood
230387008	84757009	Self-limited epilepsy with autonomic seizures
230388003	84757009	Childhood occipital visual epilepsy
230389006	84757009	Primary inherited reading epilepsy
230391003	84757009	Amygdalo-hippocampal temporal lobe epilepsy
230393000	84757009	Lateral temporal lobe epilepsy
230394006	84757009	Frontal lobe epilepsy
230395007	84757009	Supplementary motor cortex frontal lobe epilepsy
230396008	84757009	Cingulate frontal lobe epilepsy
230397004	84757009	Anterior frontopolar frontal lobe epilepsy
230398009	84757009	Orbitofrontal frontal lobe epilepsy
230399001	84757009	Dorsolateral frontal lobe epilepsy
230400008	84757009	Opercular frontal lobe epilepsy
230403005	84757009	Parietal lobe epilepsy
230404004	84757009	Occipital lobe epilepsy
230407006	84757009	Hemiplegia-hemiconvulsion-epilepsy syndrome
230410004	84757009	Self-limited familial neonatal epilepsy
230411000	84757009	Benign non-familial neonatal convulsions
230413002	84757009	Juvenile absence epilepsy
230414008	84757009	Epilepsy with generalized tonic-clonic seizures alone
230416005	84757009	Cryptogenic West syndrome
230417001	84757009	Symptomatic West syndrome
230418006	84757009	Lennox-Gastaut syndrome
230419003	84757009	Cryptogenic Lennox-Gastaut syndrome
230420009	84757009	Symptomatic Lennox-Gastaut syndrome
230421008	84757009	Epilepsy with myoclonic-atonic seizures
230422001	84757009	Epilepsy with myoclonic absence
230423006	84757009	Unverricht-Lundborg syndrome
230425004	84757009	Lafora disease
230426003	84757009	Myoclonic epilepsy with ragged red fibers
230429005	84757009	Early infantile epileptic encephalopathy with suppression bursts
230437002	84757009	Severe myoclonic epilepsy in infancy
230438007	84757009	Acquired epileptic aphasia
230439004	84757009	Epilepsy with continuous spike wave during slow-wave sleep
230440002	84757009	Secondary reading epilepsy
230441003	84757009	Drug-induced epilepsy
230443000	84757009	Narcotic withdrawal epilepsy
230444006	84757009	Menstrual epilepsy
230448009	84757009	Writing epilepsy
230450001	84757009	Eating epilepsy
230452009	84757009	Toothbrushing epilepsy
230453004	84757009	Decision-making epilepsy
230454005	84757009	Aquagenic epilepsy
267581004	84757009	Progressive myoclonic epilepsy
267592003	84757009	Primary motor cortex frontal lobe epilepsy
361268000	84757009	Alcohol-induced epilepsy
413101007	84757009	Stress-induced epilepsy
698021005	84757009	Familial sleep-related hypermotor epilepsy
698764006	84757009	Post infectious grand mal epilepsy
698767004	84757009	Post-cerebrovascular accident epilepsy
699688008	84757009	Genetic epilepsy with febrile seizures plus
702326000	84757009	Progressive myoclonus epilepsy with ataxia
703524005	84757009	Spinal muscular atrophy with progressive myoclonic epilepsy
715425000	84757009	Benign focal seizure of adolescence
715534008	84757009	ICCA syndrome
715629001	84757009	Generalized epilepsy and paroxysmal dyskinesia syndrome
716278005	84757009	Epilepsy with eyelid myoclonia
716706009	84757009	Female restricted epilepsy with intellectual disability syndrome
717223008	84757009	X-linked epilepsy with learning disability and behavior disorder syndrome
717225001	84757009	Benign adult familial myoclonic epilepsy
717276003	84757009	Folinic acid responsive seizure syndrome
720519003	84757009	Atherosclerosis, deafness, diabetes, epilepsy, nephropathy syndrome
721088003	84757009	DEND syndrome
722386009	84757009	Celiac disease with epilepsy and cerebral calcification syndrome
723125008	84757009	Epileptic encephalopathy
723676007	84757009	Severe intellectual disability, epilepsy, anal anomaly, distal phalangeal hypoplasia syndrome
724274009	84757009	Infant epilepsy with migrant focal crisis
724549005	84757009	Epilepsy due to infectious disease of central nervous system
724576005	84757009	Pyridoxal 5-phosphate dependent epilepsy
724786008	84757009	Epilepsy due to perinatal anoxic-ischemic brain injury
724787004	84757009	Epilepsy due to cerebrovascular accident
724789001	84757009	Epilepsy due to intracranial tumor
724988000	84757009	Epilepsy co-occurrent and due to degenerative brain disorder
724989008	84757009	Epilepsy co-occurrent and due to mesial temporal sclerosis
724990004	84757009	Epilepsy due to immune disorder
724991000	84757009	Epilepsy co-occurrent and due to demyelinating disorder
724992007	84757009	Epilepsy co-occurrent and due to dementia
725163002	84757009	X-linked spasticity, intellectual disability, epilepsy syndrome
725413002	84757009	Febrile infection related epilepsy syndrome
726702005	84757009	Epileptic encephalopathy with global cerebral demyelination
733031004	84757009	Epilepsy, microcephaly, skeletal dysplasia syndrome
733032006	84757009	Epilepsy telangiectasia syndrome
733082001	84757009	Early-onset Lafora body disease
733195008	84757009	Epilepsy of infancy with migrating focal seizures
733623005	84757009	Autism spectrum disorder, epilepsy, arthrogryposis syndrome
734434007	84757009	Pyridoxine-dependent epilepsy
763349002	84757009	Progressive myoclonic epilepsy with dystonia
763534009	84757009	Hot water reflex epilepsy
763622006	84757009	Thinking epilepsy
763632004	84757009	Startle epilepsy
763802009	84757009	Micturition induced epilepsy
763827002	84757009	Orgasm induced epilepsy
764453009	84757009	Action myoclonus renal failure syndrome
764522009	84757009	Familial focal epilepsy with variable foci
765089003	84757009	Focal epilepsy, intellectual disability, cerebro-cerebellar malformation syndrome
765093009	84757009	Rolandic epilepsy, speech dyspraxia syndrome
765170001	84757009	SCN8A-related epilepsy with encephalopathy
765216006	84757009	Audiogenic epilepsy
765756007	84757009	Benign infantile seizure with mild gastroenteritis syndrome
766044005	84757009	Acute encephalopathy with biphasic seizures and late reduced diffusion
766815007	84757009	Perioral myoclonia with absences
766932005	84757009	Hypothalamic hamartoma with gelastic seizure
768666006	84757009	STXBP1 encephalopathy with epilepsy
770405003	84757009	Familial mesial temporal lobe epilepsy
770431001	84757009	Early-onset epileptic encephalopathy and intellectual disability due to GRIN2A mutation
770438007	84757009	Infantile spasm and broad thumb syndrome
770622009	84757009	Benign infantile focal epilepsy with midline spikes and waves during sleep
770623004	84757009	Benign occipital lobe epilepsy
770624005	84757009	Benign partial epilepsy of infancy with complex partial seizures
770643005	84757009	Mesial temporal lobe epilepsy with hippocampal sclerosis
770898002	84757009	Autosomal recessive cerebellar ataxia, epilepsy, intellectual disability syndrome due to WWOX deficiency
771141002	84757009	Benign partial epilepsy with secondarily generalized seizures in infancy
771223000	84757009	Infantile epileptic dyskinetic encephalopathy
771303004	84757009	Severe neonatal onset encephalopathy with microcephaly
771448004	84757009	Autism epilepsy syndrome due to branched chain ketoacid dehydrogenase kinase deficiency
771469002	84757009	Early-onset spastic ataxia, myoclonic epilepsy, neuropathy syndrome
771516000	84757009	Solute carrier family 35 member A2 congenital disorder of glycosylation
773421009	84757009	Infantile-onset mesial temporal lobe epilepsy with severe cognitive regression
773497001	84757009	Partial corpus callosum agenesis, cerebellar vermis hypoplasia with posterior fossa cysts syndrome
773498006	84757009	Autosomal recessive cerebellar ataxia, epilepsy, intellectual disability syndrome due to TUD deficiency
773548008	84757009	Early-onset epileptic encephalopathy, cortical blindness, intellectual disability, facial dysmorphism syndrome
773643006	84757009	Multiple congenital anomalies, hypotonia, seizures syndrome type 2
778001003	84757009	KCNQ2-related epileptic encephalopathy
778029000	84757009	FASTKD2-related infantile mitochondrial encephalomyopathy
778047006	84757009	Myoclonic epilepsy in non-progressive encephalopathy
778063003	84757009	Cryptogenic late-onset epileptic spasms
780827006	84757009	SYNGAP1-related intellectual disability
782737003	84757009	Diffuse cerebral and cerebellar atrophy, intractable seizures, progressive microcephaly syndrome
782772000	84757009	Congenital muscular dystrophy with intellectual disability and severe epilepsy
782825008	84757009	Primary microcephaly, epilepsy, permanent neonatal diabetes syndrome
783055005	84757009	Progressive myoclonic epilepsy type 5
783062001	84757009	Progressive myoclonic epilepsy type 6
783064000	84757009	Progressive myoclonic epilepsy type 3
783139000	84757009	Progressive myoclonic epilepsy type 8
783739005	84757009	Familial temporal lobe epilepsy
784342008	84757009	Familial infantile myoclonic epilepsy
784345005	84757009	Malignant migrating partial seizures of infancy
784372002	84757009	Familial mesial temporal lobe epilepsy with febrile seizures
784377008	84757009	Familial epilepsy with auditory features
785726009	84757009	Hyperekplexia epilepsy syndrome
788417006	84757009	Alopecia, epilepsy, intellectual disability syndrome Moynahan type
860804005	84757009	Epilepsy due to infectious encephalitis
860806007	84757009	Epilepsy due to infectious meningitis
860815000	84757009	Epilepsy due to neonatal central nervous system infection
1163527006	84757009	Epilepsy due to parasitic disease
1163529009	84757009	Epilepsy due to bacterial endocarditis
1167371007	84757009	Polyhydramnios, megalencephaly, symptomatic epilepsy syndrome
1172593006	84757009	Early-onset progressive diffuse brain atrophy, microcephaly, muscle weakness, optic atrophy syndrome
1172844009	84757009	Combined oxidative phosphorylation defect type 27
1179282009	84757009	Severe neurodevelopmental disorder with feeding difficulties, stereotypic hand movement, bilateral cataract
1179359005	84757009	Maternal epilepsy due to perinatal stroke
1179360000	84757009	Fetal epilepsy due to perinatal stroke
1179547007	84757009	Neonatal epilepsy due to perinatal stroke
1187042007	84757009	Early-onset seizures, distal limb anomalies, facial dysmorphism, global developmental delay syndrome
1187278006	84757009	Spastic paraplegia, severe developmental delay, epilepsy syndrome
1197587003	84757009	Lethal neonatal spasticity, epileptic encephalopathy syndrome
1208486005	84757009	Multiple mitochondrial dysfunctions syndrome type 2
1208939001	84757009	Progressive myoclonic epilepsy type 7
1222656005	84757009	SYNGAP1-related developmental and epileptic encephalopathy
1222659003	84757009	RNF13-related severe early-onset epileptic encephalopathy
1222662000	84757009	Neonatal epileptic encephalopathy due to glutaminase deficiency
1228857005	84757009	Progressive myoclonic epilepsy type 9
1230376005	84757009	CNTNAP2-related developmental and epileptic encephalopathy
1231282002	84757009	Self-limited familial neonatal-infantile epilepsy
1231737000	84757009	Rolandic epilepsy, paroxysmal exercise-induced dystonia, writer's cramp syndrome
1237417007	84757009	CAD-CDG - carbamoyl-phosphate synthetase 2, aspartate transcarbamylase, and dihydroorotase congenital disorder of glycosylation
1237571004	84757009	Self-limited familial infantile epilepsy
1237619001	84757009	Fatty acyl-CoA reductase 1 deficiency
1260117009	84757009	Combined focal and generalized epilepsy
1260368003	84757009	Epilepsy due to Rasmussen syndrome
1260369006	84757009	Epilepsy due to perinatal intraventricular hemorrhage
1260370007	84757009	Epilepsy due to perinatal periventricular hemorrhage
1260371006	84757009	Epilepsy due to perinatal cerebral ischemia
1260374003	84757009	Epilepsy due to congenital infectious disease
1260375002	84757009	Epilepsy due to glucose transporter protein type 1 deficiency syndrome
1260377005	84757009	Epilepsy due to congenital anomaly of brain
1260407007	84757009	Genetic generalized epilepsy
1275631007	84757009	Developmental and epileptic encephalopathy
1300128003	84757009	MTHFS-related developmental delay, microcephaly, short stature, epilepsy syndrome
1332157006	84757009	Self-limited infantile epilepsy
1332158001	84757009	Epilepsy with auditory features
1332160004	84757009	Sleep-related hypermotor epilepsy
1335933003	84757009	Photosensitive occipital lobe epilepsy
1343613004	84757009	Insular epilepsy
1343664003	84757009	Mesial temporal lobe epilepsy
82381000119103	84757009	Epileptic dementia with behavioral disturbance
100941000119100	84757009	Epilepsy in mother complicating pregnancy
10750951000119106	84757009	Epilepsy in mother complicating childbirth
322112361000132104	84757009	Scar epilepsy
40780007	86406008	Human immunodeficiency virus I infection
48794007	86406008	HIV infection with infectious mononucleosis-like syndrome
52079000	86406008	Congenital human immunodeficiency virus infection
62479008	86406008	AIDS
79019005	86406008	Human immunodeficiency virus II infection
87117006	86406008	HIV infection with acute lymphadenitis
91947003	86406008	Asymptomatic human immunodeficiency virus infection
91948008	86406008	Asymptomatic human immunodeficiency virus infection in pregnancy
95892003	86406008	Persistent generalized lymphadenopathy
111880001	86406008	Acute HIV infection
186706006	86406008	Human immunodeficiency virus infection constitutional disease
186707002	86406008	Human immunodeficiency virus infection with neurological disease
186708007	86406008	Human immunodeficiency virus infection with secondary clinical infectious disease
230180003	86406008	Human immunodeficiency virus leukoencephalopathy
230202002	86406008	Vacuolar myelopathy
230598008	86406008	Neuropathy caused by human immunodeficiency virus
235726002	86406008	Human immunodeficiency virus enteropathy
236406007	86406008	Acquired immune deficiency syndrome-related nephropathy
240103002	86406008	Human immunodeficiency virus myopathy
276665006	86406008	Congenital acquired immune deficiency syndrome
276666007	86406008	Congenital human immunodeficiency virus positive status syndrome
315019000	86406008	Aseptic meningitis due to human immunodeficiency virus infection
397763006	86406008	Human immunodeficiency virus encephalopathy
398329009	86406008	Human immunodeficiency virus encephalitis
405631006	86406008	Pediatric human immunodeficiency virus infection
416729007	86406008	Neutropenia with AIDS (acquired immunodeficiency syndrome)
420244003	86406008	Encephalitis with AIDS (acquired immunodeficiency syndrome)
420281004	86406008	Skin rash with AIDS (acquired immunodeficiency syndrome)
420302007	86406008	Reticulosarcoma with AIDS (acquired immunodeficiency syndrome)
420308006	86406008	Retinal vascular changes with AIDS (acquired immunodeficiency syndrome)
420321004	86406008	Intestinal malabsorption with AIDS (acquired immunodeficiency syndrome)
420384005	86406008	Hematopoietic system disease with AIDS (acquired immunodeficiency syndrome)
420395004	86406008	Acute endocarditis with AIDS (acquired immunodeficiency syndrome)
420403001	86406008	Pneumocystosis with AIDS (acquired immunodeficiency syndrome)
420452002	86406008	Myelopathy with AIDS (acquired immunodeficiency syndrome)
420524008	86406008	Kaposi's sarcoma with AIDS (acquired immunodeficiency syndrome)
420544002	86406008	Bacterial pneumonia with AIDS (acquired immunodeficiency syndrome)
420549007	86406008	Salivary gland disease with AIDS (acquired immunodeficiency syndrome)
420554003	86406008	Progressive multifocal leukoencephalopathy with AIDS (acquired immunodeficiency syndrome)
420614009	86406008	Organic dementia with AIDS (acquired immunodeficiency syndrome)
420658009	86406008	Radiculitis with AIDS (acquired immunodeficiency syndrome)
420691000	86406008	Nutritional deficiency with AIDS (acquired immunodeficiency syndrome)
420718004	86406008	Central nervous system demyelinating disease with AIDS (acquired immunodeficiency syndrome)
420721002	86406008	Acquired immunodeficiency syndrome-associated disorder
420764009	86406008	Salmonella infection with AIDS (acquired immunodeficiency syndrome)
420774007	86406008	Organic brain syndrome with AIDS (acquired immunodeficiency syndrome)
420787001	86406008	Pneumococcal pneumonia with AIDS (acquired immunodeficiency syndrome)
420801006	86406008	Malaise with AIDS (acquired immunodeficiency syndrome)
420818005	86406008	Mycobacteriosis with AIDS (acquired immunodeficiency syndrome)
420877009	86406008	Dermatomycosis with AIDS (acquired immunodeficiency syndrome)
420900006	86406008	Fatigue with AIDS (acquired immunodeficiency syndrome)
420938005	86406008	Subacute endocarditis with AIDS (acquired immunodeficiency syndrome)
420945005	86406008	Histoplasmosis with AIDS (acquired immunodeficiency syndrome)
421020000	86406008	Microsporidiosis associated with acquired immunodeficiency syndrome
421023003	86406008	Presenile dementia with AIDS (acquired immunodeficiency syndrome)
421047005	86406008	Candidiasis of lung with AIDS (acquired immunodeficiency syndrome)
421077004	86406008	Disseminated candidiasis with AIDS (acquired immunodeficiency syndrome)
421102007	86406008	Aplastic anemia with AIDS (acquired immunodeficiency syndrome)
421230000	86406008	Hepatomegaly with AIDS (acquired immunodeficiency syndrome)
421272004	86406008	Subacute myocarditis with AIDS (acquired immunodeficiency syndrome)
421283008	86406008	Primary lymphoma of brain with AIDS (acquired immunodeficiency syndrome)
421312009	86406008	Agranulocytosis with AIDS (acquired immunodeficiency syndrome)
421315006	86406008	Myelitis with AIDS (acquired immunodeficiency syndrome)
421394009	86406008	Skin disorder with AIDS (acquired immunodeficiency syndrome)
421403008	86406008	Cryptococcosis with AIDS (acquired immunodeficiency syndrome)
421415007	86406008	Subacute adenoviral encephalitis with AIDS (acquired immunodeficiency syndrome)
421431004	86406008	Nocardiosis with AIDS (acquired immunodeficiency syndrome)
421454008	86406008	Infectious gastroenteritis with AIDS (acquired immunodeficiency syndrome)
421460008	86406008	Retinopathy with AIDS (acquired immunodeficiency syndrome)
421508002	86406008	Viral pneumonia with AIDS (acquired immunodeficiency syndrome)
421529006	86406008	Dementia with AIDS (acquired immunodeficiency syndrome)
421571007	86406008	Tuberculosis with AIDS (acquired immunodeficiency syndrome)
421597001	86406008	Polyneuropathy with AIDS (acquired immunodeficiency syndrome)
421660003	86406008	Failure to thrive in infant with AIDS (acquired immunodeficiency syndrome)
421671002	86406008	Pneumonia with AIDS (acquired immunodeficiency syndrome)
421706001	86406008	Blindness with AIDS (acquired immunodeficiency syndrome)
421708000	86406008	Infective arthritis with AIDS (acquired immunodeficiency syndrome)
421710003	86406008	Candidiasis of mouth with AIDS (acquired immunodeficiency syndrome)
421766003	86406008	Thrombocytopenia with AIDS (acquired immunodeficiency syndrome)
421827003	86406008	Encephalopathy with AIDS (acquired immunodeficiency syndrome)
421874007	86406008	Respiratory disorder with AIDS (acquired immunodeficiency syndrome)
421883002	86406008	Strongyloidiasis with AIDS (acquired immunodeficiency syndrome)
421929001	86406008	Myocarditis with AIDS (acquired immunodeficiency syndrome)
421983003	86406008	Noninfectious gastroenteritis with AIDS (acquired immunodeficiency syndrome)
421998001	86406008	Central nervous disorder with AIDS (acquired immunodeficiency syndrome)
422012004	86406008	Neuritis with AIDS (acquired immunodeficiency syndrome)
422089004	86406008	Encephalomyelitis with AIDS (acquired immunodeficiency syndrome)
422127002	86406008	Herpes zoster with AIDS (acquired immunodeficiency syndrome)
422136003	86406008	Neuralgia with AIDS (acquired immunodeficiency syndrome)
422177004	86406008	Dyspnea with AIDS (acquired immunodeficiency syndrome)
422189002	86406008	Low vision with AIDS (acquired immunodeficiency syndrome)
422194002	86406008	Hyperhidrosis with AIDS (acquired immunodeficiency syndrome)
422282000	86406008	Malignant neoplasm with AIDS (acquired immunodeficiency syndrome)
422337001	86406008	Coccidioidomycosis with AIDS (acquired immunodeficiency syndrome)
445945000	86406008	Infectious disease with acquired immune deficiency syndrome
697965002	86406008	Cholangitis with AIDS (acquired immunodeficiency syndrome)
700053002	86406008	Sepsis with acquired immunodeficiency syndrome
713260006	86406008	Subacute adenoviral encephalitis co-occurrent with human immunodeficiency virus infection
713275003	86406008	Splenomegaly co-occurrent with human immunodeficiency virus infection
713278001	86406008	Neuralgia co-occurrent with human immunodeficiency virus infection
713297001	86406008	Candidiasis of esophagus co-occurrent with human immunodeficiency virus infection
713298006	86406008	Heart disease co-occurrent with human immunodeficiency virus infection
713299003	86406008	Disorder of eye proper co-occurrent with human immunodeficiency virus infection
713300006	86406008	Disorder of gastrointestinal tract co-occurrent with human immunodeficiency virus infection
713316008	86406008	Eruption of skin co-occurrent with human immunodeficiency virus infection
713318009	86406008	Myocarditis co-occurrent with human immunodeficiency virus infection
713320007	86406008	Radiculitis co-occurrent with human immunodeficiency virus infection
713325002	86406008	Primary cerebral lymphoma co-occurrent with human immunodeficiency virus infection
713339002	86406008	Infection caused by Strongyloides co-occurrent with human immunodeficiency virus infection
713340000	86406008	Disorder of skin co-occurrent with human immunodeficiency virus infection
713341001	86406008	Myelitis co-occurrent with human immunodeficiency virus infection
713342008	86406008	Infection caused by Salmonella co-occurrent with human immunodeficiency virus infection
713349004	86406008	Anemia co-occurrent with human immunodeficiency virus infection
713444005	86406008	Hemophagocytic syndrome with human immunodeficiency virus infection
713445006	86406008	Disseminated infection caused by Strongyloides co-occurrent with human immunodeficiency virus infection
713446007	86406008	Chronic infection caused by herpes simplex virus co-occurrent with human immunodeficiency virus infection
713483007	86406008	Reticulosarcoma co-occurrent with human immunodeficiency virus infection
713484001	86406008	Disorder of respiratory system co-occurrent with human immunodeficiency virus infection
713487008	86406008	Progressive multifocal leukoencephalopathy co-occurrent with human immunodeficiency virus infection
713488003	86406008	Presenile dementia co-occurrent with human immunodeficiency virus infection
713489006	86406008	Polyneuropathy co-occurrent with human immunodeficiency virus infection
713490002	86406008	Infection caused by Pneumocystis co-occurrent with human immunodeficiency virus infection
713491003	86406008	Organic brain syndrome co-occurrent with human immunodeficiency virus infection
713497004	86406008	Candidiasis of mouth co-occurrent with human immunodeficiency virus infection
713503007	86406008	Disorder of spinal cord co-occurrent with human immunodeficiency virus infection
713504001	86406008	Disorder of kidney co-occurrent with human immunodeficiency virus infection
713505000	86406008	Gastrointestinal malabsorption syndrome co-occurrent with human immunodeficiency virus infection
713506004	86406008	Neuritis co-occurrent with human immunodeficiency virus infection
713507008	86406008	Lymphadenopathy co-occurrent with human immunodeficiency virus infection
713508003	86406008	Aplastic anemia co-occurrent with human immunodeficiency virus infection
713510001	86406008	Enlargement of liver co-occurrent with human immunodeficiency virus infection
713511002	86406008	Acute endocarditis co-occurrent with human immunodeficiency virus infection
713523008	86406008	Cardiomyopathy co-occurrent with human immunodeficiency virus infection
713526000	86406008	Recurrent bacterial pneumonia co-occurrent with human immunodeficiency virus infection
713527009	86406008	Disorder of peripheral nervous system co-occurrent with human immunodeficiency virus infection
713530002	86406008	Agranulocytosis co-occurrent with human immunodeficiency virus infection
713531003	86406008	Visual impairment co-occurrent with human immunodeficiency virus infection
713532005	86406008	Infective arthritis co-occurrent with human immunodeficiency virus infection
713533000	86406008	Acquired hemolytic anemia co-occurrent with human immunodeficiency virus infection
713543002	86406008	Demyelinating disease of central nervous system co-occurrent with human immunodeficiency virus infection
713544008	86406008	Bacterial pneumonia co-occurrent with human immunodeficiency virus infection
713545009	86406008	Infection caused by Nocardia co-occurrent with human immunodeficiency virus infection
713546005	86406008	Isosporiasis co-occurrent with human immunodeficiency virus infection
713570009	86406008	Infectious gastroenteritis co-occurrent with human immunodeficiency virus infection
713571008	86406008	Disorder of central nervous system co-occurrent with human immunodeficiency virus infection
713572001	86406008	Malignant neoplastic disease co-occurrent with human immunodeficiency virus infection
713695001	86406008	Nephrotic syndrome co-occurrent with human immunodeficiency virus infection
713696000	86406008	Renal failure syndrome co-occurrent with human immunodeficiency virus infection
713718006	86406008	Diffuse non-Hodgkin immunoblastic lymphoma co-occurrent with human immunodeficiency virus infection
713722001	86406008	Infection caused by Cytomegalovirus co-occurrent with human immunodeficiency virus infection
713729005	86406008	Coccidiosis co-occurrent with human immunodeficiency virus infection
713730000	86406008	Infection caused by herpes simplex virus co-occurrent with human immunodeficiency virus infection
713731001	86406008	Pyrexia of unknown origin co-occurrent with human immunodeficiency virus infection
713732008	86406008	Aspergillosis co-occurrent with human immunodeficiency virus infection
713733003	86406008	Infection caused by herpes zoster virus co-occurrent with human immunodeficiency virus infection
713734009	86406008	Dermatophytosis co-occurrent with human immunodeficiency virus infection
713844000	86406008	Dementia co-occurrent with human immunodeficiency virus infection
713845004	86406008	Infection caused by Cryptosporidium co-occurrent with human immunodeficiency virus infection
713880000	86406008	Opportunistic mycosis co-occurrent with human immunodeficiency virus infection
713881001	86406008	Microsporidiosis co-occurrent with human immunodeficiency virus infection
713887002	86406008	Focal segmental glomerulosclerosis co-occurrent with human immunodeficiency virus infection
713897006	86406008	Burkitt lymphoma co-occurrent with human immunodeficiency virus infection
713964006	86406008	Multidermatomal infection caused by Herpes zoster co-occurrent with human immunodeficiency virus infection
713967004	86406008	Disseminated atypical infection caused by Mycobacterium co-occurrent with human immunodeficiency virus infection
714083007	86406008	Recurrent salmonella sepsis co-occurrent with human immunodeficiency virus infection
714464009	86406008	Immune reconstitution inflammatory syndrome caused by human immunodeficiency virus infection
719522009	86406008	Candidiasis of upper respiratory tract co-occurrent with human immunodeficiency virus infection
721166000	86406008	Human immunodeficiency virus complicating pregnancy childbirth and the puerperium
722557007	86406008	Parkinsonism due to human immunodeficiency virus infection
733834006	86406008	Invasive carcinoma of uterine cervix co-occurrent with human immunodeficiency virus infection
733835007	86406008	Extrapulmonary tuberculosis co-occurrent with human immunodeficiency virus infection
735521001	86406008	Human immunodeficiency virus World Health Organization 2007 stage 1 co-occurrent with tuberculosis
735522008	86406008	Human immunodeficiency virus World Health Organization 2007 stage 1 co-occurrent with malaria
735523003	86406008	Human immunodeficiency virus World Health Organization 2007 stage 2 co-occurrent with tuberculosis
735524009	86406008	Human immunodeficiency virus World Health Organization 2007 stage 2 co-occurrent with malaria
735525005	86406008	Human immunodeficiency virus World Health Organization 2007 stage 3 co-occurrent with tuberculosis
735526006	86406008	Human immunodeficiency virus World Health Organization 2007 stage 3 co-occurrent with malaria
735527002	86406008	Human immunodeficiency virus World Health Organization 2007 stage 4 co-occurrent with tuberculosis
735528007	86406008	Human immunodeficiency virus World Health Organization 2007 stage 4 co-occurrent with malaria
771119002	86406008	Infection caused by Coccidia co-occurrent with acquired immunodeficiency syndrome
771126002	86406008	Infection caused by Toxoplasma gondii co-occurrent with acquired immunodeficiency syndrome
771127006	86406008	Infection caused by Isospora co-occurrent with acquired immunodeficiency syndrome
838377003	86406008	Chronic hepatitis C co-occurrent with human immunodeficiency virus infection
840442003	86406008	Encephalitis caused by human immunodeficiency virus type 2
840498003	86406008	Encephalitis caused by human immunodeficiency virus type 1
1142045004	86406008	Primary human immunodeficiency virus infection
1142055000	86406008	Human immunodeficiency virus modified skin disease
1187000005	86406008	Infectious mononucleosis caused by human immunodeficiency virus
1187001009	86406008	Infectious mononucleosis caused by human immunodeficiency virus type I
1260096003	86406008	AIDS (acquired immunodeficiency syndrome) wasting syndrome
81000119104	86406008	Symptomatic human immunodeficiency virus infection
80191000119101	86406008	Symptomatic human immunodeficiency virus (HIV) I infection
90681000119107	86406008	Asymptomatic human immunodeficiency virus A1 infection
90691000119105	86406008	Asymptomatic human immunodeficiency virus A2 infection
10746341000119109	86406008	Acquired immune deficiency syndrome complicating childbirth
10755671000119100	86406008	Human immunodeficiency virus in mother complicating childbirth
15928141000119107	86406008	Human immunodeficiency virus infection with cognitive impairment
7447008	86553008	Immunosuppressive therapy for transplant
4981000	87433001	Panacinar emphysema
16003001	87433001	Giant bullous emphysema
16846004	87433001	Obstructive emphysema
23958009	87433001	Vanishing lung
31898008	87433001	Paraseptal emphysema
33325001	87433001	Compensatory emphysema
47895001	87433001	Congenital emphysema
57686001	87433001	Emphysematous bleb of lung
60805002	87433001	Hemolytic anemia with emphysema AND cutis laxa
66987001	87433001	Congenital lobar emphysema
68328006	87433001	Centriacinar emphysema
70756004	87433001	Bronchial atresia with segmental pulmonary emphysema
77690003	87433001	Interstitial emphysema of lung
86680006	87433001	Ruptured emphysematous bleb of lung
195957006	87433001	Chronic bullous emphysema
195958001	87433001	Segmental bullous emphysema
195959009	87433001	Zonal bullous emphysema
196026004	87433001	Chronic emphysema caused by chemical fumes
233674008	87433001	Pulmonary emphysema in alpha-1 PI deficiency
233675009	87433001	Toxic emphysema
233677001	87433001	Scar emphysema
266355005	87433001	Bullous emphysema with collapse
266356006	87433001	Atrophic (senile) emphysema
708030004	87433001	Pulmonary emphysema co-occurrent with fibrosis of lung
836477007	87433001	Chronic emphysema caused by vapor
1010333003	87433001	Emphysema of left lung
1010334009	87433001	Emphysema of right lung
2522002	87612001	Extravascular blood
4635002	87612001	Arterial blood
12499000	87612001	Cord blood
31675002	87612001	Capillary blood
32932008	87612001	Extracorporeal blood
53130003	87612001	Venous blood
116176007	87612001	Mixed venous blood
119273009	87612001	Peripheral blood
256914002	87612001	Circulating blood
261225002	87612001	Banked autologous blood
261227005	87612001	Blood from surgical drain
262020000	87612001	Operative salvaged blood
312483008	87612001	Menstrual blood
371952000	87612001	Systemic arterial blood
371953005	87612001	Pulmonary artery blood
371954004	87612001	Pulmonary vein blood
418128004	87612001	Banked whole blood
420135007	87612001	Whole blood
1201871002	87612001	Venous cord blood
1201872009	87612001	Arterial cord blood
46177005	90688005	End-stage renal disease
49708008	90688005	Anemia of chronic renal failure
57557005	90688005	Chronic milk alkali syndrome
236433006	90688005	Acute-on-chronic renal failure
236434000	90688005	End stage renal failure untreated by renal replacement therapy
236435004	90688005	End stage renal failure on dialysis
236436003	90688005	End stage renal failure with renal transplant
425369003	90688005	Chronic progressive renal failure
704667004	90688005	Hypertension concurrent and due to end stage renal disease on dialysis
707324008	90688005	Anemia in end stage renal disease
712487000	90688005	End stage renal disease due to benign hypertension
776416004	90688005	Hyperuricemia, pulmonary hypertension, renal failure, alkalosis syndrome
1801000119106	90688005	Anemia, pre-end stage renal disease on erythropoietin protocol
90771000119100	90688005	End stage renal disease on dialysis due to type 1 diabetes mellitus
90791000119104	90688005	End stage renal disease on dialysis due to type 2 diabetes mellitus
111411000119103	90688005	End stage renal disease due to hypertension
127991000119101	90688005	Hypertension concurrent and due to end stage renal disease on dialysis due to type 2 diabetes mellitus
128001000119105	90688005	Hypertension concurrent and due to end stage renal disease on dialysis due to type 1 diabetes mellitus
153891000119101	90688005	End stage renal disease on dialysis due to hypertension
285841000119104	90688005	Malignant hypertensive end stage renal disease
286371000119107	90688005	Malignant hypertensive end stage renal disease on dialysis
368471000119109	90688005	End stage renal disease on dialysis due to drug induced diabetes mellitus
91854005	93143009	Acute leukemia in remission
91855006	93143009	Acute leukemia
91856007	93143009	Acute lymphoid leukemia in remission
91857003	93143009	Acute lymphoid leukemia
91858008	93143009	Acute monocytic leukemia in remission
91860005	93143009	Acute myeloid leukemia in remission
91861009	93143009	Acute myeloid leukemia, disease
92811003	93143009	Chronic leukemia in remission
92812005	93143009	Chronic leukemia
92813000	93143009	Chronic lymphoid leukemia in remission
92814006	93143009	Chronic lymphoid leukemia, disease
92817004	93143009	Chronic myeloid leukemia in remission
92818009	93143009	Chronic myeloid leukemia
93142004	93143009	Leukemia in remission
93144003	93143009	Leukemic reticuloendotheliosis of intra-abdominal lymph nodes
93145002	93143009	Leukemic reticuloendotheliosis of intrapelvic lymph nodes
93146001	93143009	Leukemic reticuloendotheliosis of intrathoracic lymph nodes
93150008	93143009	Leukemic reticuloendotheliosis of lymph nodes of multiple sites
93151007	93143009	Hairy cell leukemia of spleen
93169003	93143009	Lymphoid leukemia in remission
93451002	93143009	Erythroleukemia, FAB M6
94148006	93143009	Megakaryocytic leukemia in remission
94716000	93143009	Myeloid leukemia in remission
95209008	93143009	Plasma cell leukemia in remission
95210003	93143009	Plasma cell leukemia
109991003	93143009	Acute panmyelosis with myelofibrosis
110002002	93143009	Mast cell leukemia (clinical)
110004001	93143009	Acute promyelocytic leukemia, FAB M3
110005000	93143009	Acute myelomonocytic leukemia, FAB M4
110006004	93143009	Prolymphocytic leukemia (clinical)
110007008	93143009	Adult T-cell leukemia/lymphoma
118613001	93143009	Hairy cell leukemia (clinical)
127225006	93143009	Chronic myelomonocytic leukemia
188645002	93143009	Leukemic reticuloendotheliosis of lymph nodes of head, face and neck
188648000	93143009	Leukemic reticuloendotheliosis of lymph nodes of axilla and upper limb
188649008	93143009	Leukemic reticuloendotheliosis of lymph nodes of inguinal region and lower limb
188725004	93143009	Lymphoid leukemia
188726003	93143009	Subacute lymphoid leukemia
188728002	93143009	Aleukemic lymphoid leukemia
188732008	93143009	Myeloid leukemia
188733003	93143009	Chronic eosinophilic leukemia
188734009	93143009	Chronic neutrophilic leukemia
188737002	93143009	Chloroma
188744006	93143009	Monocytic leukemia
188754005	93143009	Megakaryocytic leukemia
188768003	93143009	Myelomonocytic leukemia
188770007	93143009	Subacute myelomonocytic leukemia
190030009	93143009	Compound leukemias
277474005	93143009	B-cell chronic lymphocytic leukemia variant
277549009	93143009	Chronic lymphocytic prolymphocytic leukemia syndrome
277550009	93143009	Richter's syndrome
277551008	93143009	Splenic lymphoma with villous lymphocytes
277567002	93143009	T-cell prolymphocytic leukemia
277568007	93143009	Hairy cell leukemia variant
277569004	93143009	Large granular lymphocytic leukemia
277570003	93143009	Lymphoma with spill
277571004	93143009	B-cell acute lymphoblastic leukemia
277572006	93143009	Precursor B-cell acute lymphoblastic leukemia
277573001	93143009	Common acute lymphoblastic leukemia
277574007	93143009	Null cell acute lymphoblastic leukemia
277575008	93143009	T-lymphoblastic leukemia
277587001	93143009	Juvenile chronic myeloid leukemia
277602003	93143009	Acute megakaryoblastic leukemia
277619001	93143009	B-cell prolymphocytic leukemia
278189009	93143009	Hypergranular promyelocytic leukemia
278453007	93143009	Acute biphenotypic leukemia
285769009	93143009	Acute promyelocytic leukemia - hypogranular variant
302855005	93143009	Subacute leukemia
302856006	93143009	Aleukemic leukemia
307341004	93143009	Atypical hairy cell leukemia
307592006	93143009	Basophilic leukemia
307617006	93143009	Neutrophilic leukemia
359631009	93143009	Acute myeloid leukemia, minimal differentiation, FAB M0
359640008	93143009	Acute myeloid leukemia without maturation, FAB M1
359648001	93143009	Acute myeloid leukemia with maturation, FAB M2
371012000	93143009	Acute lymphoblastic leukemia, transitional pre-B-cell
404136008	93143009	Aggressive NK-cell leukemia involving skin
404139001	93143009	Leukemic infiltration of skin in hairy-cell leukemia
404151004	93143009	Leukemic infiltration of skin in myeloid leukemia
404152006	93143009	Leukemic infiltration of skin in acute myeloid leukemia
404153001	93143009	Leukemic infiltration of skin in chronic myeloid leukemia
404154007	93143009	Leukemic infiltration of skin in monocytic leukemia
404172001	93143009	Mast cell leukemia affecting skin
413389003	93143009	Accelerated phase chronic myeloid leukemia
413441006	93143009	Acute monocytic leukemia
413656006	93143009	Blastic phase chronic myeloid leukemia
413842007	93143009	Chronic myeloid leukemia in lymphoid blast crisis
413843002	93143009	Chronic myeloid leukemia in myeloid blast crisis
413847001	93143009	Chronic phase chronic myeloid leukemia
415287001	93143009	Relapsing chronic myeloid leukemia
425688002	93143009	Philadelphia chromosome-positive acute lymphoblastic leukemia
425869007	93143009	Acute promyelocytic leukemia, FAB M3, in remission
425941003	93143009	Precursor B-cell acute lymphoblastic leukemia in remission
426124006	93143009	Acute myeloid leukemia with maturation, FAB M2, in remission
426217000	93143009	Aleukemic leukemia in remission
426248008	93143009	Aleukemic lymphoid leukemia in remission
426370008	93143009	Subacute lymphoid leukemia in remission
426642002	93143009	Erythroleukemia, FAB M6 in remission
427056005	93143009	Subacute leukemia in remission
427642009	93143009	T-lymphoblastic leukemia in remission
427658007	93143009	Acute myelomonocytic leukemia, FAB M4, in remission
430338009	93143009	Smoldering chronic lymphocytic leukemia
444911000	93143009	Acute myeloid leukemia with t(9:11)(p22;q23); MLLT3-MLL
445227008	93143009	Juvenile myelomonocytic leukemia
445448008	93143009	Acute myeloid leukemia with myelodysplasia-related changes
699818003	93143009	T-cell large granular lymphocytic leukemia
700057001	93143009	Emberger syndrome
702446006	93143009	Core binding factor acute myeloid leukemia
703387000	93143009	Cytogenetically normal acute myeloid leukemia
709471005	93143009	Periodontitis co-occurrent with leukemia
714251006	93143009	Philadelphia chromosome-negative precursor B-cell acute lymphoblastic leukemia
721308005	93143009	Acute leukemia of ambiguous lineage
721310007	93143009	Aggressive natural killer-cell leukemia
722795004	93143009	Meningeal leukemia
723889003	93143009	B lymphoblastic leukemia lymphoma with t(9:22) (q34;q11.2); BCR-ABL 1
724644005	93143009	Myeloid leukemia associated with Down syndrome
725390002	93143009	Acute myeloid leukemia with t(8;16)(p11;p13) translocation
725437002	93143009	Chronic lymphocytic leukemia genetic mutation variant
733598001	93143009	Acute myeloid leukemia with t(6;9)(p23;q34) translocation
763309005	93143009	Acute myeloid leukemia with NPM1 somatic mutation
763796007	93143009	Megakaryoblastic acute myeloid leukemia with t(1;22)(p13;q13)
764855007	93143009	Acute myeloid leukemia with CEBPA somatic mutations
764940002	93143009	Inherited acute myeloid leukemia
773537001	93143009	Differentiation syndrome due to and following chemotherapy co-occurrent with acute promyelocytic leukemia
780844005	93143009	Acute myeloid leukemia with inv(3)(q21q26.2) or t(3;3)(q21;q26.2); RPN1-EVI1
788874003	93143009	B-cell prolymphocytic leukemia in remission
788972003	93143009	Juvenile myelomonocytic leukemia in remission
838340006	93143009	B lymphoblastic leukemia lymphoma with t(5;14)(q31;q32); IL3-IGH
838341005	93143009	B lymphoblastic leukemia lymphoma with t(v;11q23); MLL rearranged
838342003	93143009	B lymphoblastic leukemia lymphoma with t(12;21) (p13;q22); TEL/AML1 (ETV6-RUNX1)
838343008	93143009	B lymphoblastic leukemia lymphoma with t(1;19)(Q23;P13.3); E2A-PBX1 (TCF3/PBX1)
838344002	93143009	B lymphoblastic leukemia lymphoma with hypodiploidy
838346000	93143009	B lymphoblastic leukemia lymphoma with hyperdiploidy
838355002	93143009	Acute myeloid leukemia with CBFB::MYH11 fusion
898197001	93143009	Adult T-cell leukemia/lymphoma in remission
898198006	93143009	T-cell prolymphocytic leukemia in remission
1148906001	93143009	Acute myeloid leukemia with t(8;21)(q22;q22) RUNX1-RUNX1T1
1153377008	93143009	Mixed phenotype acute leukemia with t(9;22) (q34;q11.2); BCR-ABL1
1153379006	93143009	Mixed phenotype acute leukemia with T-cell and myeloid lineage
1153381008	93143009	Mixed phenotype acute leukemia with myeloid and B-cell lymphoid phenotypes
1157157006	93143009	Acute myeloid leukemia with 11q23 abnormality
1162531007	93143009	Acute myeloid leukemia in complete remission
1187123005	93143009	Mixed phenotype acute leukemia
1237368006	93143009	Acute myeloid leukemia with BCR-ABL1
1264458000	93143009	Acute undifferentiated leukemia
12281000132104	93143009	Relapsing acute myeloid leukemia
12291000132102	93143009	Refractory acute myeloid leukemia
12301000132103	93143009	Acute lymphoid leukemia relapse
12311000132101	93143009	Refractory acute lymphoid leukemia
61291000119103	93143009	Disorder of central nervous system co-occurrent and due to acute lymphoid leukemia in remission
61301000119102	93143009	Disorder of central nervous system co-occurrent and due to acute lymphoid leukemia
352251000119109	93143009	Small lymphocytic B-cell lymphoma of lymph nodes of multiple sites
352411000119109	93143009	Small lymphocytic B-cell lymphoma of intra-abdominal lymph nodes
