FHIR IG Publisher Version 2.1.0 (Git# c044f39673af). Built 2026-02-03T21:34:10.972Z (215 days old)  
Detected Java version: 17.0.20 from /usr/lib/jvm/java-17-openjdk-amd64 on Linux/amd64 (64bit). 14992MB available
dir = /home/grey/dev/fhir/cicada/cicada_ig, path = /home/grey/flutter/bin:/home/grey/.local/bin:/usr/local/sbin:/usr/local/bin:/usr/sbin:/usr/bin:/sbin:/bin:/usr/games:/usr/local/games:/snap/bin
Parameters: -ig . -no-narrative ValueSet/vaccine-condition-codes-snomed -tx https://tx.ontoserver.csiro.au/fhir
Character encoding = UTF-8 / UTF-8                                                                  
Start Clock @ Sunday, September 6, 2026 at 7:31:30 PM Eastern Daylight Time (2026-09-06T19:31:30-04:00)
                                                                                                    
Build FHIR IG from /home/grey/dev/fhir/cicada/cicada_ig/.                                            (00:00.051 / 00:00.052, 66Mb)
API keys loaded from /home/grey/.fhir/fhir-settings.json                                             (00:00.006 / 00:00.058, 66Mb)
Package Cache: /home/grey/.fhir/packages                                                             (00:00.007 / 00:00.065, 66Mb)
Run Sushi on /home/grey/dev/fhir/cicada/cicada_ig                                                    (00:00.018 / 00:00.084, 67Mb)
Sushi: info  Running SUSHI v3.20.0 (implements FHIR Shorthand specification v3.0.0)                  (00:01.851 / 00:01.936, 68Mb)
Sushi: info  Arguments:                                                                              (00:00.000 / 00:01.936, 68Mb)
Sushi: info    --out /home/grey/dev/fhir/cicada/cicada_ig                                            (00:00.000 / 00:01.937, 68Mb)
Sushi: info    /home/grey/dev/fhir/cicada/cicada_ig                                                  (00:00.000 / 00:01.938, 68Mb)
Sushi: info  Using configuration file: /home/grey/dev/fhir/cicada/cicada_ig/sushi-config.yaml        (00:01.403 / 00:03.341, 68Mb)
Sushi: info  Importing FSH text...                                                                   (00:00.329 / 00:03.671, 68Mb)
Sushi: info  Preprocessed 32 documents with 0 aliases.                                               (00:01.029 / 00:04.701, 68Mb)
Sushi: info  Imported 70 definitions and 2 instances.                                                (00:00.144 / 00:04.846, 68Mb)
Sushi: info  Loaded virtual package sushi-r5forR4#1.0.0 with 7 resources                             (00:00.171 / 00:05.017, 68Mb)
Sushi: info  Resolved hl7.fhir.uv.tools.r4#latest to concrete version 1.1.2                          (00:00.793 / 00:05.810, 68Mb)
Sushi: info  Loaded hl7.fhir.uv.tools.r4#1.1.2 with 119 resources                                    (00:00.156 / 00:05.967, 68Mb)
Sushi: info  Resolved hl7.terminology.r4#latest to concrete version 7.3.0                            (00:00.508 / 00:06.475, 68Mb)
Sushi: info  Loaded hl7.terminology.r4#7.3.0 with 4176 resources                                     (00:02.392 / 00:08.868, 68Mb)
Sushi: info  Loaded hl7.fhir.us.immds#1.0.0 with 14 resources                                        (00:00.022 / 00:08.891, 68Mb)
Sushi: info  Loaded hl7.fhir.r4.core#4.0.1 with 4581 resources                                       (00:01.984 / 00:10.875, 68Mb)
Sushi: info  Resolved hl7.fhir.uv.extensions.r4#latest to concrete version 5.3.0                     (00:00.489 / 00:11.365, 68Mb)
Sushi: info  Loaded hl7.fhir.uv.extensions.r4#5.3.0 with 885 resources                               (00:00.486 / 00:11.851, 68Mb)
Sushi: info  Loaded virtual package sushi-local#LOCAL with 2 resources                               (00:00.068 / 00:11.920, 68Mb)
Sushi: info  Converting FSH to FHIR resources...                                                     (00:00.022 / 00:11.943, 68Mb)
Sushi: info  Converted 38 FHIR StructureDefinitions.                                                 (00:03.882 / 00:15.826, 68Mb)
Sushi: info  Converted 11 FHIR CodeSystems.                                                          (00:00.245 / 00:16.071, 68Mb)
Sushi: info  Converted 21 FHIR ValueSets.                                                            (00:00.689 / 00:16.761, 68Mb)
Sushi: info  Converted 2 FHIR instances.                                                             (00:05.883 / 00:22.644, 68Mb)
Sushi: info  Exporting FHIR resources as JSON...                                                     (00:00.003 / 00:22.648, 68Mb)
Sushi: info  Exported 72 FHIR resources as JSON.                                                     (00:00.188 / 00:22.836, 68Mb)
Sushi: info  Assembling Implementation Guide sources...                                              (00:00.010 / 00:22.847, 68Mb)
Sushi: info  Generated ImplementationGuide-cicada.ig.json                                            (00:00.054 / 00:22.901, 68Mb)
Sushi: info  Assembled Implementation Guide sources; ready for IG Publisher.                         (00:00.000 / 00:22.902, 68Mb)
Sushi: info  The _build script hosted at https://github.com/HL7/ig-publisher-scripts is useful for downloading and running the IG Publisher. (00:00.000 / 00:22.902, 68Mb)
Sushi: ========================= SUSHI RESULTS ===========================                           (00:00.001 / 00:22.903, 68Mb)
Sushi: |  -------------------------------------------------------------  |                           (00:00.000 / 00:22.904, 68Mb)
Sushi: | |    Profiles   |  Extensions  |   Logicals   |   Resources   | |                           (00:00.000 / 00:22.904, 68Mb)
Sushi: | |-------------------------------------------------------------| |                           (00:00.000 / 00:22.904, 68Mb)
Sushi: | |      12       |      24      |      2       |       0       | |                           (00:00.000 / 00:22.905, 68Mb)
Sushi: |  -------------------------------------------------------------  |                           (00:00.001 / 00:22.906, 68Mb)
Sushi: |  -------------------------------------------------------------  |                           (00:00.000 / 00:22.907, 68Mb)
Sushi: | |      ValueSets     |    CodeSystems    |     Instances      | |                           (00:00.001 / 00:22.908, 68Mb)
Sushi: | |-------------------------------------------------------------| |                           (00:00.001 / 00:22.910, 68Mb)
Sushi: | |         21         |        11         |         2          | |                           (00:00.001 / 00:22.911, 68Mb)
Sushi: |  -------------------------------------------------------------  |                           (00:00.000 / 00:22.912, 68Mb)
Sushi: |                                                                 |                           (00:00.000 / 00:22.912, 68Mb)
Sushi: ===================================================================                           (00:00.000 / 00:22.912, 68Mb)
Sushi: | That was a sea breeze!                 0 Errors      0 Warnings |                           (00:00.000 / 00:22.913, 68Mb)
Sushi: ===================================================================                           (00:00.000 / 00:22.913, 68Mb)
Sushi: |    You are using SUSHI version 3.20.0, but the latest stable    |                           (00:00.000 / 00:22.914, 68Mb)
Sushi: | release is version 3.20.1. To install the latest release, run:  |                           (00:00.000 / 00:22.914, 68Mb)
Sushi: |                    npm install -g fsh-sushi                     |                           (00:00.000 / 00:22.915, 68Mb)
Sushi: ===================================================================                           (00:00.000 / 00:22.915, 68Mb)
Root directory: /home/grey/dev/fhir/cicada/cicada_ig                                                 (00:00.037 / 00:22.953, 69Mb)
Unable to load IG as an r5 IG - try R4 (property code is a class com.google.gson.JsonPrimitive looking for an object) (00:00.878 / 00:23.832, 60Mb)
Load Template from fhir.base.template#current                                                        (00:00.973 / 00:24.805, 82Mb)
Scanning directory: /home/grey/dev/fhir/cicada/cicada_ig/template
======================================================================
Terminology Cache is at /home/grey/dev/fhir/cicada/cicada_ig/input-cache/txcache. 17 files in cache  (00:05.229 / 00:30.035, 140Mb)
Core Package hl7.fhir.r4.core#4.0.1                                                                  (00:00.003 / 00:30.038, 140Mb)
Running Terminology Log: /tmp/ohfu-fhir-ig-13818206373440005694.html
Connect to Terminology Server at https://tx.ontoserver.csiro.au/fhir                                 (00:07.360 / 00:37.398, 499Mb)
[39mLoad Package hl7.fhir.pubpack#0.2.4
[0;39m[39mLoad Package hl7.fhir.xver-extensions#0.1.0
[0;39m[39mLoad Package hl7.terminology.r4#7.3.0
[0;39m[39mLoad Package hl7.fhir.uv.extensions.r4#5.3.0
[0;39m[39mLoad Package hl7.fhir.us.core#3.1.0
[0;39m[39mLoad Package hl7.fhir.us.immds#1.0.0
[0;39m[39mLoad Package hl7.fhir.uv.tools.r4#0.9.0
[0;39mLoad R5 Specials
Cannot find or generate snapshot for base definition http://hl7.org/fhir/StructureDefinition/CanonicalResource from http://hl7.org/fhir/StructureDefinition/TestCases
Initialization complete                                                                              (00:10.865 / 00:48.264, 562Mb)
Load IG                                                                                              (00:00.000 / 00:48.264, 562Mb)
Load Content                                                                                         (00:00.004 / 00:48.269, 564Mb)
Using en-US as the default narrative language. (no language information in Implementation Guide)     (00:00.085 / 00:48.355, 573Mb)
Error loading /home/grey/dev/fhir/cicada/cicada_ig/input/maps/MapVaccineCodes.map as XML: Content is not allowed in prolog. at line 0 col 0 (00:00.963 / 00:49.318, 622Mb)
Error loading /home/grey/dev/fhir/cicada/cicada_ig/input/maps/MapVaccineCodes.map as JSON: Error parsing JSON source: Unexpected content at start of JSON: String at Line 1 (path=[map]) (00:00.002 / 00:49.321, 622Mb)
Error loading /home/grey/dev/fhir/cicada/cicada_ig/input/maps/MapVaccineCodes.map as Turtle: Unknown prefix map (00:00.006 / 00:49.327, 622Mb)
Process Loaded Resources                                                                             (00:00.838 / 00:50.166, 413Mb)
Generating Snapshots                                                                                 (00:01.073 / 00:51.239, 637Mb)

Signing Certificate: RSA key for Subject: OU=IG Publisher, L=Ann Arbor, CN=hl7.org, O=HL7, ST=Missouri, C=us from: OU=IG Publisher, L=Ann Arbor, CN=hl7.org, O=HL7, ST=Missouri, C=us
Fetch http://fhirfli.dev/fhir/ig/cicada/package-list.json for version check                          (00:01.397 / 00:52.637, 425Mb)
Checking Language                                                                                    (00:00.467 / 00:53.104, 433Mb)
Load Dependency Info                                                                                 (00:00.003 / 00:53.108, 437Mb)
Load Info                                                                                            (00:00.005 / 00:53.113, 437Mb)
Load Paths                                                                                           (00:00.001 / 00:53.115, 439Mb)
Check R4 / R4B                                                                                       (00:00.000 / 00:53.115, 439Mb)
Assign Comparison Ids                                                                                (00:00.134 / 00:53.250, 481Mb)
Propagating status                                                                                   (00:00.000 / 00:53.251, 481Mb)
Generating Narratives                                                                                (00:00.000 / 00:53.251, 481Mb)
Validating Conformance Resources                                                                     (00:12.045 / 01:05.296, 932Mb)
Check profiles & code systems                                                                        (07:41.145 / 08:46.442, 2Gb)
Check realm rules                                                                                    (00:00.007 / 08:46.450, 2Gb)
Previous Version Comparison                                                                          (00:00.001 / 08:46.451, 2Gb)
Checking for Bundles to sign                                                                         (00:00.060 / 08:46.512, 2Gb)
Validating Resources                                                                                 (00:00.000 / 08:46.513, 2Gb)
Processing Provenance Records                                                                        (01:01.144 / 09:47.658, 2Gb)
Generating Outputs in /home/grey/dev/fhir/cicada/cicada_ig/output                                    (00:00.001 / 09:47.659, 2Gb)
Generate Native Outputs                                                                              (00:01.303 / 09:48.962, 2Gb)
Run Template                                                                                         (00:26.903 / 10:15.866, 1Gb)
Generate HTML Outputs                                                                                (00:00.886 / 10:16.752, 1Gb)
[1;31mOperation took too long - longer than 60000ms
[0;39m[1;31m 1 includeCodes
[0;39m[1;31m 1 doServerIncludeCodes
[0;39m[1;31m 1657 addCodeAndDescendents
[0;39m[1;31m 1657 addCode1264007008
[0;39m[1;31m 1657 addCodeAndDescendents
[0;39m[1;31m 1657 addCode370388006
[0;39m[1;31m 1657 includeCodes
[0;39m[1;31m 1657 doServerIncludeCodes
[0;39m[1;31m 2786 addCodeAndDescendents
[0;39m[1;31m 2786 addCode235866006
[0;39m[1;31m 2786 addCodeAndDescendents
[0;39m[1;31m 2786 addCode708198006
[0;39m[1;31m 2786 addCodeAndDescendents
[0;39m[1;31m 2786 addCode838380002
[0;39m[1;31m 2786 addCodeAndDescendents
[0;39m[1;31m 2786 addCode128302006
[0;39m[1;31m 2786 addCodeAndDescendents
[0;39m[1;31m 2786 addCode768127002
[0;39m[1;31m 2786 addCodeAndDescendents
[0;39m[1;31m 2786 addCode768289009
[0;39m[1;31m 2786 addCodeAndDescendents
[0;39m[1;31m 2786 addCode768288001
[0;39m[1;31m 2786 addCodeAndDescendents
[0;39m[1;31m 2786 addCode768125005
[0;39m[1;31m 2786 addCodeAndDescendents
[0;39m[1;31m 2786 addCode768006009
[0;39m[1;31m 2786 addCodeAndDescendents
[0;39m[1;31m 2786 addCode768126006
[0;39m[1;31m 2786 addCodeAndDescendents
[0;39m[1;31m 2786 addCode767810006
[0;39m[1;31m 2786 addCodeAndDescendents
[0;39m[1;31m 2786 addCode767809001
[0;39m[1;31m 2786 addCodeAndDescendents
[0;39m[1;31m 2786 addCode838377003
[0;39m[1;31m 2786 addCodeAndDescendents
[0;39m[1;31m 2786 addCode703866000
[0;39m[1;31m 2786 addCodeAndDescendents
[0;39m[1;31m 2786 addCode347891000119103
[0;39m[1;31m 2786 addCodeAndDescendents
[0;39m[1;31m 2786 addCode442374005
[0;39m[1;31m 2786 addCodeAndDescendents
[0;39m[1;31m 2786 addCode50711007
[0;39m[1;31m 2786 addCodeAndDescendents
[0;39m[1;31m 2786 addCode1346681000168102
[0;39m[1;31m 2786 addCodeAndDescendents
[0;39m[1;31m 2786 addCode702969000
[0;39m[1;31m 2786 addCodeAndDescendents
[0;39m[1;31m 2786 addCode1197150002
[0;39m[1;31m 2786 addCodeAndDescendents
[0;39m[1;31m 2786 addCode16623921000119105
[0;39m[1;31m 2786 includeCodes
[0;39m[1;31m 2786 doServerIncludeCodes
[0;39m[1;31m 4014 addCodeAndDescendents
[0;39m[1;31m 4014 addCode198627000
[0;39m[1;31m 4014 addCodeAndDescendents
[0;39m[1;31m 4014 addCode370382007
[0;39m[1;31m 4014 addCodeAndDescendents
[0;39m[1;31m 4014 addCode370383002
[0;39m[1;31m 4014 addCodeAndDescendents
[0;39m[1;31m 4014 addCode1362133002
[0;39m[1;31m 4014 addCodeAndDescendents
[0;39m[1;31m 4014 addCode699240001
[0;39m[1;31m 4014 addCodeAndDescendents
[0;39m[1;31m 4014 addCode169470007
[0;39m[1;31m 4014 addCodeAndDescendents
[0;39m[1;31m 4014 addCode31601007
[0;39m[1;31m 4014 addCodeAndDescendents
[0;39m[1;31m 4014 addCode442478007
[0;39m[1;31m 4014 addCodeAndDescendents
[0;39m[1;31m 4014 addCode12275071000119109
[0;39m[1;31m 4014 addCodeAndDescendents
[0;39m[1;31m 4014 addCode199306007
[0;39m[1;31m 4014 addCodeAndDescendents
[0;39m[1;31m 4014 addCode237247003
[0;39m[1;31m 4014 addCodeAndDescendents
[0;39m[1;31m 4014 addCode199307003
[0;39m[1;31m 4014 addCodeAndDescendents
[0;39m[1;31m 4014 addCode472321009
[0;39m[1;31m 4014 addCodeAndDescendents
[0;39m[1;31m 4014 addCode429187001
[0;39m[1;31m 4014 addCodeAndDescendents
[0;39m[1;31m 4014 addCode36801000119105
[0;39m[1;31m 4014 addCodeAndDescendents
[0;39m[1;31m 4014 addCode102955006
[0;39m[1;31m 4014 addCodeAndDescendents
[0;39m[1;31m 4014 addCode169533001
[0;39m[1;31m 4014 addCodeAndDescendents
[0;39m[1;31m 4014 addCode21987001
[0;39m[1;31m 4014 addCodeAndDescendents
[0;39m[1;31m 4014 addCode275429002
[0;39m[1;31m 4014 addCodeAndDescendents
[0;39m[1;31m 4014 addCode237321009
[0;39m[1;31m 4014 addCodeAndDescendents
[0;39m[1;31m 4014 addCode169524003
[0;39m[1;31m 4014 addCodeAndDescendents
[0;39m[1;31m 4014 addCode72957006
[0;39m[1;31m 4014 addCodeAndDescendents
[0;39m[1;31m 4014 addCode459166009
[0;39m[1;31m 4014 addCodeAndDescendents
[0;39m[1;31m 4014 addCode71000172103
[0;39m[1;31m 4014 addCodeAndDescendents
[0;39m[1;31m 4014 addCode713575004
[0;39m[1;31m 4014 addCodeAndDescendents
[0;39m[1;31m 4014 addCode89244003
[0;39m[1;31m 4014 addCodeAndDescendents
[0;39m[1;31m 4014 addCode9279009
[0;39m[1;31m 4014 addCodeAndDescendents
[0;39m[1;31m 4014 addCode45307008
[0;39m[1;31m 4014 addCodeAndDescendents
[0;39m[1;31m 4014 addCode169550004
[0;39m[1;31m 4014 addCodeAndDescendents
[0;39m[1;31m 4014 addCode127373004
[0;39m[1;31m 4014 addCodeAndDescendents
[0;39m[1;31m 4014 addCode127365008
[0;39m[1;31m 4014 addCodeAndDescendents
[0;39m[1;31m 4014 addCode127366009
[0;39m[1;31m 4014 addCodeAndDescendents
[0;39m[1;31m 4014 addCode127367000
[0;39m[1;31m 4014 addCodeAndDescendents
[0;39m[1;31m 4014 addCode127368005
[0;39m[1;31m 4014 addCodeAndDescendents
[0;39m[1;31m 4014 addCode127369002
[0;39m[1;31m 4014 addCodeAndDescendents
[0;39m[1;31m 4014 addCode127370001
[0;39m[1;31m 4014 addCodeAndDescendents
[0;39m[1;31m 4014 addCode127371002
[0;39m[1;31m 4014 addCodeAndDescendents
[0;39m[1;31m 4014 addCode127372009
[0;39m[1;31m 4014 addCodeAndDescendents
[0;39m[1;31m 4014 addCode127374005
[0;39m[1;31m 4014 addCodeAndDescendents
[0;39m[1;31m 4014 addCode47200007
[0;39m[1;31m 4014 addCodeAndDescendents
[0;39m[1;31m 4014 addCode444661007
[0;39m[1;31m 4014 addCodeAndDescendents
[0;39m[1;31m 4014 addCode134781000119106
[0;39m[1;31m 4014 addCodeAndDescendents
[0;39m[1;31m 4014 addCode1148970006
[0;39m[1;31m 4014 addCodeAndDescendents
[0;39m[1;31m 4014 addCode439311009
[0;39m[1;31m 4014 addCodeAndDescendents
[0;39m[1;31m 4014 addCode69777007
[0;39m[1;31m 4014 addCodeAndDescendents
[0;39m[1;31m 4014 addCode65727000
[0;39m[1;31m 4014 addCodeAndDescendents
[0;39m[1;31m 4014 addCode169488004
[0;39m[1;31m 4014 addCodeAndDescendents
[0;39m[1;31m 4014 addCode237239003
[0;39m[1;31m 4014 addCodeAndDescendents
[0;39m[1;31m 4014 addCode1303255001
[0;39m[1;31m 4014 addCodeAndDescendents
[0;39m[1;31m 4014 addCode73621009
[0;39m[1;31m 4014 addCodeAndDescendents
[0;39m[1;31m 4014 addCode459168005
[0;39m[1;31m 4014 addCodeAndDescendents
[0;39m[1;31m 4014 addCode459170001
[0;39m[1;31m 4014 addCodeAndDescendents
[0;39m[1;31m 4014 addCode459169002
[0;39m[1;31m 4014 addCodeAndDescendents
[0;39m[1;31m 4014 addCode459171002
[0;39m[1;31m 4014 addCodeAndDescendents
[0;39m[1;31m 4014 addCode111000172100
[0;39m[1;31m 4014 addCodeAndDescendents
[0;39m[1;31m 4014 addCode459167000
[0;39m[1;31m 4014 addCodeAndDescendents
[0;39m[1;31m 4014 addCode713576003
[0;39m[1;31m 4014 addCodeAndDescendents
[0;39m[1;31m 4014 addCode2256007
[0;39m[1;31m 4014 addCodeAndDescendents
[0;39m[1;31m 4014 addCode102876002
[0;39m[1;31m 4014 addCodeAndDescendents
[0;39m[1;31m 4014 addCode443460007
[0;39m[1;31m 4014 addCodeAndDescendents
[0;39m[1;31m 4014 addCode80224003
[0;39m[1;31m 4014 addCodeAndDescendents
[0;39m[1;31m 4014 addCode16356006
[0;39m[1;31m 4014 addCodeAndDescendents
[0;39m[1;31m 4014 addCode1148848009
[0;39m[1;31m 4014 addCodeAndDescendents
[0;39m[1;31m 4014 addCode199378009
[0;39m[1;31m 4015 addCodeAndDescendents
[0;39m[1;31m 4015 addCode428511009
[0;39m[1;31m 4015 addCodeAndDescendents
[0;39m[1;31m 4015 addCode72892002
[0;39m[1;31m 4015 addCodeAndDescendents
[0;39m[1;31m 4015 addCode1268535008
[0;39m[1;31m 4015 addCodeAndDescendents
[0;39m[1;31m 4015 addCode169565003
[0;39m[1;31m 4015 addCodeAndDescendents
[0;39m[1;31m 4015 addCode169545005
[0;39m[1;31m 4015 addCodeAndDescendents
[0;39m[1;31m 4015 addCode169544009
[0;39m[1;31m 4015 addCodeAndDescendents
[0;39m[1;31m 4015 addCode14418008
[0;39m[1;31m 4015 addCodeAndDescendents
[0;39m[1;31m 4015 addCode568141000005106
[0;39m[1;31m 4015 addCodeAndDescendents
[0;39m[1;31m 4015 addCode102872000
[0;39m[1;31m 4015 addCodeAndDescendents
[0;39m[1;31m 4015 addCode1395947002
[0;39m[1;31m 4015 addCodeAndDescendents
[0;39m[1;31m 4015 addCode813541000000100
[0;39m[1;31m 4015 addCodeAndDescendents
[0;39m[1;31m 4015 addCode1300203003
[0;39m[1;31m 4015 addCodeAndDescendents
[0;39m[1;31m 4015 addCode169567006
[0;39m[1;31m 4015 addCodeAndDescendents
[0;39m[1;31m 4015 addCode169566002
[0;39m[1;31m 4015 addCodeAndDescendents
[0;39m[1;31m 4015 addCode890096007
[0;39m[1;31m 4015 addCodeAndDescendents
[0;39m[1;31m 4015 addCode77386006
[0;39m[1;31m 4015 addCodeAndDescendents
[0;39m[1;31m 4015 addCode169561007
[0;39m[1;31m 4015 addCodeAndDescendents
[0;39m[1;31m 4015 addCode169564004
[0;39m[1;31m 4015 addCodeAndDescendents
[0;39m[1;31m 4015 addCode169563005
[0;39m[1;31m 4015 addCodeAndDescendents
[0;39m[1;31m 4015 addCode169560008
[0;39m[1;31m 4015 addCodeAndDescendents
[0;39m[1;31m 4015 addCode169562000
[0;39m[1;31m 4015 addCodeAndDescendents
[0;39m[1;31m 4015 addCode169501005
[0;39m[1;31m 4015 addCodeAndDescendents
[0;39m[1;31m 4015 addCode169508004
[0;39m[1;31m 4015 addCodeAndDescendents
[0;39m[1;31m 4015 addCode82634006
[0;39m[1;31m 4015 addCodeAndDescendents
[0;39m[1;31m 4015 addCode80856001
[0;39m[1;31m 4015 addCodeAndDescendents
[0;39m[1;31m 4015 addCode17618008
[0;39m[1;31m 4015 addCodeAndDescendents
[0;39m[1;31m 4015 addCode6867004
[0;39m[1;31m 4015 addCodeAndDescendents
[0;39m[1;31m 4015 addCode169471006
[0;39m[1;31m 4015 addCodeAndDescendents
[0;39m[1;31m 4015 addCode60810003
[0;39m[1;31m 4015 addCodeAndDescendents
[0;39m[1;31m 4015 addCode199326006
[0;39m[1;31m 4015 addCodeAndDescendents
[0;39m[1;31m 4015 addCode35381000119101
[0;39m[1;31m 4015 addCodeAndDescendents
[0;39m[1;31m 4015 addCode80997009
[0;39m[1;31m 4015 addCodeAndDescendents
[0;39m[1;31m 4015 addCode38720006
[0;39m[1;31m 4015 addCodeAndDescendents
[0;39m[1;31m 4015 addCode43990006
[0;39m[1;31m 4015 addCodeAndDescendents
[0;39m[1;31m 4015 addCode1290152008
[0;39m[1;31m 4015 addCodeAndDescendents
[0;39m[1;31m 4015 addCode102875003
[0;39m[1;31m 4015 addCodeAndDescendents
[0;39m[1;31m 4015 addCode169539002
[0;39m[1;31m 4015 addCodeAndDescendents
[0;39m[1;31m 4015 addCode64254006
[0;39m[1;31m 4015 addCodeAndDescendents
[0;39m[1;31m 4015 addCode199322008
[0;39m[1;31m 4015 addCodeAndDescendents
[0;39m[1;31m 4015 addCode65147003
[0;39m[1;31m 4015 addCodeAndDescendents
[0;39m[1;31m 4015 addCode417006004
[0;39m[1;31m 4015 addCodeAndDescendents
[0;39m[1;31m 4015 addCode237236005
[0;39m[1;31m 4015 addCodeAndDescendents
[0;39m[1;31m 4015 addCode237237001
[0;39m[1;31m 4015 addCodeAndDescendents
[0;39m[1;31m 4015 addCode83074005
[0;39m[1;31m 4015 addCodeAndDescendents
[0;39m[1;31m 4015 addCode169568001
[0;39m[1;31m 4015 addCodeAndDescendents
[0;39m[1;31m 4015 addCode58532003
[0;39m[1;31m 4015 addCodeAndDescendents
[0;39m[1;31m 4015 addCode237245006
[0;39m[1;31m 4015 addCodeAndDescendents
[0;39m[1;31m 4015 addCode169548007
[0;39m[1;31m 4015 addCodeAndDescendents
[0;39m[1;31m 4015 addCode276367008
[0;39m[1;31m 4015 includeCodes
[0;39m[1;31m 4015 doServerIncludeCodes
[0;39m[1;31m 5128 addCodeAndDescendents
[0;39m[1;31m 5128 addCode102874004
[0;39m[1;31m 5128 includeCodes
[0;39m[1;31m 5128 doServerIncludeCodes
[0;39m[1;31m 6284 addCodeAndDescendents
[0;39m[1;31m 6284 addCode255409004
[0;39m[1;31m 6284 includeCodes
[0;39m[1;31m 6284 doServerIncludeCodes
[0;39m[1;31m 7409 addCodeAndDescendents
[0;39m[1;31m 7409 addCode413712001
[0;39m[1;31m 7409 includeCodes
[0;39m[1;31m 7409 doServerIncludeCodes
[0;39m[1;31m 8534 addCodeAndDescendents
[0;39m[1;31m 8534 addCode230744007
[0;39m[1;31m 8534 addCodeAndDescendents
[0;39m[1;31m 8534 addCode68382005
[0;39m[1;31m 8534 addCodeAndDescendents
[0;39m[1;31m 8534 addCode1259114008
[0;39m[1;31m 8534 addCodeAndDescendents
[0;39m[1;31m 8534 addCode1259117001
[0;39m[1;31m 8534 addCodeAndDescendents
[0;39m[1;31m 8534 addCode1259112007
[0;39m[1;31m 8534 addCodeAndDescendents
[0;39m[1;31m 8534 addCode1259113002
[0;39m[1;31m 8534 addCodeAndDescendents
[0;39m[1;31m 8534 addCode85638002
[0;39m[1;31m 8534 addCodeAndDescendents
[0;39m[1;31m 8534 addCode1259111000
[0;39m[1;31m 8534 addCodeAndDescendents
[0;39m[1;31m 8534 addCode1259109009
[0;39m[1;31m 8534 addCodeAndDescendents
[0;39m[1;31m 8534 addCode1259110004
[0;39m[1;31m 8534 addCodeAndDescendents
[0;39m[1;31m 8534 addCode1259545004
[0;39m[1;31m 8534 addCodeAndDescendents
[0;39m[1;31m 8534 addCode1259600007
[0;39m[1;31m 8534 addCodeAndDescendents
[0;39m[1;31m 8534 addCode723154002
[0;39m[1;31m 8534 addCodeAndDescendents
[0;39m[1;31m 8534 addCode427758000
[0;39m[1;31m 8534 addCodeAndDescendents
[0;39m[1;31m 8534 addCode429759002
[0;39m[1;31m 8534 addCodeAndDescendents
[0;39m[1;31m 8534 addCode193064009
[0;39m[1;31m 8534 addCodeAndDescendents
[0;39m[1;31m 8534 addCode1259536000
[0;39m[1;31m 8534 addCodeAndDescendents
[0;39m[1;31m 8534 addCode1259538004
[0;39m[1;31m 8534 addCodeAndDescendents
[0;39m[1;31m 8534 addCode1259597006
[0;39m[1;31m 8534 addCodeAndDescendents
[0;39m[1;31m 8534 addCode1259547007
[0;39m[1;31m 8534 addCodeAndDescendents
[0;39m[1;31m 8534 addCode1259540009
[0;39m[1;31m 8534 addCodeAndDescendents
[0;39m[1;31m 8534 addCode1259542001
[0;39m[1;31m 8534 addCodeAndDescendents
[0;39m[1;31m 8534 addCode1259603009
[0;39m[1;31m 8534 addCodeAndDescendents
[0;39m[1;31m 8534 addCode1259595003
[0;39m[1;31m 8534 addCodeAndDescendents
[0;39m[1;31m 8534 addCode232280003
[0;39m[1;31m 8534 addCodeAndDescendents
[0;39m[1;31m 8534 addCode232281004
[0;39m[1;31m 8534 addCodeAndDescendents
[0;39m[1;31m 8534 addCode1260126007
[0;39m[1;31m 8534 addCodeAndDescendents
[0;39m[1;31m 8534 addCode213210005
[0;39m[1;31m 8534 addCodeAndDescendents
[0;39m[1;31m 8534 addCode1186932001
[0;39m[1;31m 8535 addCodeAndDescendents
[0;39m[1;31m 8535 addCode813925041000119103
[0;39m[1;31m 8535 includeCodes
[0;39m[1;31m 8535 doServerIncludeCodes
[0;39m[1;31m 9767 addCodeAndDescendents
[0;39m[1;31m 9767 addCode449840001
[0;39m[1;31m 9767 includeCodes
[0;39m[1;31m 9767 doServerIncludeCodes
[0;39m[1;31m 10955 addCodeAndDescendents
[0;39m[1;31m 10955 addCode43252007
[0;39m[1;31m 10955 addCodeAndDescendents
[0;39m[1;31m 10955 addCode360104003
[0;39m[1;31m 10955 addCodeAndDescendents
[0;39m[1;31m 10955 addCode360103009
[0;39m[1;31m 10955 includeCodes
[0;39m[1;31m 10955 doServerIncludeCodes
[0;39m[1;31m 12162 addCodeAndDescendents
[0;39m[1;31m 12162 addCode987840791000119102
[0;39m[1;31m 12162 addCodeAndDescendents
[0;39m[1;31m 12162 addCode44940001
[0;39m[1;31m 12162 addCodeAndDescendents
[0;39m[1;31m 12162 addCode720345008
[0;39m[1;31m 12162 addCodeAndDescendents
[0;39m[1;31m 12162 addCode720986005
[0;39m[1;31m 12162 addCodeAndDescendents
[0;39m[1;31m 12162 addCode1351235001
[0;39m[1;31m 12162 addCodeAndDescendents
[0;39m[1;31m 12162 addCode362993009
[0;39m[1;31m 12162 addCodeAndDescendents
[0;39m[1;31m 12162 addCode1371275005
[0;39m[1;31m 12162 addCodeAndDescendents
[0;39m[1;31m 12162 addCode1351209002
[0;39m[1;31m 12162 addCodeAndDescendents
[0;39m[1;31m 12162 addCode1351210007
[0;39m[1;31m 12162 addCodeAndDescendents
[0;39m[1;31m 12162 addCode1351211006
[0;39m[1;31m 12162 addCodeAndDescendents
[0;39m[1;31m 12162 addCode1351212004
[0;39m[1;31m 12162 addCodeAndDescendents
[0;39m[1;31m 12162 addCode1229941002
[0;39m[1;31m 12162 addCodeAndDescendents
[0;39m[1;31m 12162 addCode1229940001
[0;39m[1;31m 12162 addCodeAndDescendents
[0;39m[1;31m 12162 addCode720853005
[0;39m[1;31m 12162 addCodeAndDescendents
[0;39m[1;31m 12162 addCode725135004
[0;39m[1;31m 12162 addCodeAndDescendents
[0;39m[1;31m 12162 addCode725290000
[0;39m[1;31m 12162 addCodeAndDescendents
[0;39m[1;31m 12162 addCode716378008
[0;39m[1;31m 12162 addCodeAndDescendents
[0;39m[1;31m 12162 addCode350353007
[0;39m[1;31m 12162 addCodeAndDescendents
[0;39m[1;31m 12162 addCode724361001
[0;39m[1;31m 12163 addCodeAndDescendents
[0;39m[1;31m 12163 addCode724177005
[0;39m[1;31m 12163 addCodeAndDescendents
[0;39m[1;31m 12163 addCode721977007
[0;39m[1;31m 12163 addCodeAndDescendents
[0;39m[1;31m 12163 addCode55602000
[0;39m[1;31m 12163 addCodeAndDescendents
[0;39m[1;31m 12163 addCode722067005
[0;39m[1;31m 12163 addCodeAndDescendents
[0;39m[1;31m 12163 addCode111584000
[0;39m[1;31m 12163 addCodeAndDescendents
[0;39m[1;31m 12163 addCode351287008
[0;39m[1;31m 12163 addCodeAndDescendents
[0;39m[1;31m 12163 addCode36980009
[0;39m[1;31m 12163 addCodeAndDescendents
[0;39m[1;31m 12163 addCode45390000
[0;39m[1;31m 12163 addCodeAndDescendents
[0;39m[1;31m 12163 addCode22406001
[0;39m[1;31m 12163 addCodeAndDescendents
[0;39m[1;31m 12163 addCode3439009
[0;39m[1;31m 12163 addCodeAndDescendents
[0;39m[1;31m 12163 addCode49555001
[0;39m[1;31m 12163 addCodeAndDescendents
[0;39m[1;31m 12163 addCode111587007
[0;39m[1;31m 12163 addCodeAndDescendents
[0;39m[1;31m 12163 addCode31323000
[0;39m[1;31m 12163 addCodeAndDescendents
[0;39m[1;31m 12163 addCode1351613000
[0;39m[1;31m 12163 addCodeAndDescendents
[0;39m[1;31m 12163 addCode765188009
[0;39m[1;31m 12163 addCodeAndDescendents
[0;39m[1;31m 12163 addCode1229942009
[0;39m[1;31m 12163 addCodeAndDescendents
[0;39m[1;31m 12163 addCode763623001
[0;39m[1;31m 12163 addCodeAndDescendents
[0;39m[1;31m 12163 addCode715982006
[0;39m[1;31m 12163 addCodeAndDescendents
[0;39m[1;31m 12163 addCode716871006
[0;39m[1;31m 12163 addCodeAndDescendents
[0;39m[1;31m 12163 addCode782751003
[0;39m[1;31m 12163 addCodeAndDescendents
[0;39m[1;31m 12163 addCode1179284005
[0;39m[1;31m 12163 addCodeAndDescendents
[0;39m[1;31m 12163 addCode783617001
[0;39m[1;31m 12163 addCodeAndDescendents
[0;39m[1;31m 12163 addCode190998001
[0;39m[1;31m 12163 addCodeAndDescendents
[0;39m[1;31m 12163 addCode190997006
[0;39m[1;31m 12163 addCodeAndDescendents
[0;39m[1;31m 12163 addCode234570002
[0;39m[1;31m 12163 addCodeAndDescendents
[0;39m[1;31m 12163 addCode190996002
[0;39m[1;31m 12163 addCodeAndDescendents
[0;39m[1;31m 12163 addCode789777007
[0;39m[1;31m 12163 addCodeAndDescendents
[0;39m[1;31m 12163 addCode765145001
[0;39m[1;31m 12163 addCodeAndDescendents
[0;39m[1;31m 12163 addCode1335927007
[0;39m[1;31m 12163 addCodeAndDescendents
[0;39m[1;31m 12163 addCode718107000
[0;39m[1;31m 12163 addCodeAndDescendents
[0;39m[1;31m 12163 addCode234571003
[0;39m[1;31m 12163 includeCodes
[0;39m[1;31m 12163 doServerIncludeCodes
[0;39m[1;31m 13389 addCodeAndDescendents
[0;39m[1;31m 13391 addCode720519003
[0;39m[1;31m 13391 addCodeAndDescendents
[0;39m[1;31m 13391 addCode530558861000132104
[0;39m[1;31m 13391 addCodeAndDescendents
[0;39m[1;31m 13391 addCode721088003
[0;39m[1;31m 13391 addCodeAndDescendents
[0;39m[1;31m 13391 addCode73211009
[0;39m[1;31m 13391 addCodeAndDescendents
[0;39m[1;31m 13391 addCode5969009
[0;39m[1;31m 13391 addCodeAndDescendents
[0;39m[1;31m 13391 addCode51002006
[0;39m[1;31m 13391 addCodeAndDescendents
[0;39m[1;31m 13391 addCode42954008
[0;39m[1;31m 13391 addCodeAndDescendents
[0;39m[1;31m 13391 addCode408540003
[0;39m[1;31m 13391 addCodeAndDescendents
[0;39m[1;31m 13391 addCode1046151000168100
[0;39m[1;31m 13391 addCodeAndDescendents
[0;39m[1;31m 13391 addCode737212004
[0;39m[1;31m 13391 addCodeAndDescendents
[0;39m[1;31m 13391 addCode1367802006
[0;39m[1;31m 13391 addCodeAndDescendents
[0;39m[1;31m 13391 addCode427089005
[0;39m[1;31m 13391 addCodeAndDescendents
[0;39m[1;31m 13391 addCode609568004
[0;39m[1;31m 13391 addCodeAndDescendents
[0;39m[1;31m 13391 addCode609569007
[0;39m[1;31m 13391 addCodeAndDescendents
[0;39m[1;31m 13391 addCode105401000119101
[0;39m[1;31m 13391 addCodeAndDescendents
[0;39m[1;31m 13391 addCode91352004
[0;39m[1;31m 13391 addCodeAndDescendents
[0;39m[1;31m 13391 addCode199223000
[0;39m[1;31m 13391 addCodeAndDescendents
[0;39m[1;31m 13391 addCode10754881000119104
[0;39m[1;31m 13391 addCodeAndDescendents
[0;39m[1;31m 13391 addCode76751001
[0;39m[1;31m 13391 addCodeAndDescendents
[0;39m[1;31m 13391 addCode276560009
[0;39m[1;31m 13391 addCodeAndDescendents
[0;39m[1;31m 13391 addCode703136005
[0;39m[1;31m 13391 addCodeAndDescendents
[0;39m[1;31m 13391 addCode237619009
[0;39m[1;31m 13391 addCodeAndDescendents
[0;39m[1;31m 13391 addCode5368009
[0;39m[1;31m 13391 addCodeAndDescendents
[0;39m[1;31m 13391 addCode24203005
[0;39m[1;31m 13391 addCodeAndDescendents
[0;39m[1;31m 13391 addCode2751001
[0;39m[1;31m 13391 addCodeAndDescendents
[0;39m[1;31m 13391 addCode1217068008
[0;39m[1;31m 13392 addCodeAndDescendents
[0;39m[1;31m 13392 addCode75022004
[0;39m[1;31m 13392 addCodeAndDescendents
[0;39m[1;31m 13392 addCode46894009
[0;39m[1;31m 13392 addCodeAndDescendents
[0;39m[1;31m 13392 addCode40801000119106
[0;39m[1;31m 13392 addCodeAndDescendents
[0;39m[1;31m 13392 addCode10753491000119101
[0;39m[1;31m 13392 addCodeAndDescendents
[0;39m[1;31m 13392 addCode11687002
[0;39m[1;31m 13392 addCodeAndDescendents
[0;39m[1;31m 13392 addCode40791000119105
[0;39m[1;31m 13392 addCodeAndDescendents
[0;39m[1;31m 13392 addCode716362006
[0;39m[1;31m 13392 addCodeAndDescendents
[0;39m[1;31m 13392 addCode709147009
[0;39m[1;31m 13392 addCodeAndDescendents
[0;39m[1;31m 13392 addCode123763000
[0;39m[1;31m 13392 addCodeAndDescendents
[0;39m[1;31m 13392 addCode23045005
[0;39m[1;31m 13392 addCodeAndDescendents
[0;39m[1;31m 13392 addCode28032008
[0;39m[1;31m 13392 addCodeAndDescendents
[0;39m[1;31m 13392 addCode237651005
[0;39m[1;31m 13392 addCodeAndDescendents
[0;39m[1;31m 13392 addCode237652003
[0;39m[1;31m 13392 addCodeAndDescendents
[0;39m[1;31m 13392 addCode237599002
[0;39m[1;31m 13392 addCodeAndDescendents
[0;39m[1;31m 13392 addCode722454003
[0;39m[1;31m 13392 addCodeAndDescendents
[0;39m[1;31m 13392 addCode1303868000
[0;39m[1;31m 13392 addCodeAndDescendents
[0;39m[1;31m 13392 addCode1197592001
[0;39m[1;31m 13392 addCodeAndDescendents
[0;39m[1;31m 13392 addCode890171006
[0;39m[1;31m 13392 addCodeAndDescendents
[0;39m[1;31m 13392 addCode426875007
[0;39m[1;31m 13392 addCodeAndDescendents
[0;39m[1;31m 13392 addCode111307005
[0;39m[1;31m 13392 addCodeAndDescendents
[0;39m[1;31m 13392 addCode127012008
[0;39m[1;31m 13392 addCodeAndDescendents
[0;39m[1;31m 13392 addCode75524006
[0;39m[1;31m 13392 addCodeAndDescendents
[0;39m[1;31m 13392 addCode237600004
[0;39m[1;31m 13392 addCodeAndDescendents
[0;39m[1;31m 13392 addCode4783006
[0;39m[1;31m 13392 addCodeAndDescendents
[0;39m[1;31m 13392 addCode609562003
[0;39m[1;31m 13392 addCodeAndDescendents
[0;39m[1;31m 13392 addCode237604008
[0;39m[1;31m 13392 addCodeAndDescendents
[0;39m[1;31m 13392 addCode190372001
[0;39m[1;31m 13392 addCodeAndDescendents
[0;39m[1;31m 13392 addCode609561005
[0;39m[1;31m 13392 addCodeAndDescendents
[0;39m[1;31m 13392 addCode609577006
[0;39m[1;31m 13392 addCodeAndDescendents
[0;39m[1;31m 13392 addCode609578001
[0;39m[1;31m 13392 addCodeAndDescendents
[0;39m[1;31m 13392 addCode609570008
[0;39m[1;31m 13392 addCodeAndDescendents
[0;39m[1;31m 13392 addCode609571007
[0;39m[1;31m 13392 addCodeAndDescendents
[0;39m[1;31m 13392 addCode609572000
[0;39m[1;31m 13392 addCodeAndDescendents
[0;39m[1;31m 13392 addCode609573005
[0;39m[1;31m 13392 addCodeAndDescendents
[0;39m[1;31m 13392 addCode609574004
[0;39m[1;31m 13392 addCodeAndDescendents
[0;39m[1;31m 13392 addCode609575003
[0;39m[1;31m 13392 addCodeAndDescendents
[0;39m[1;31m 13392 addCode609576002
[0;39m[1;31m 13392 addCodeAndDescendents
[0;39m[1;31m 13392 addCode237617006
[0;39m[1;31m 13392 addCodeAndDescendents
[0;39m[1;31m 13392 addCode237611007
[0;39m[1;31m 13392 addCodeAndDescendents
[0;39m[1;31m 13392 addCode783722008
[0;39m[1;31m 13392 addCodeAndDescendents
[0;39m[1;31m 13392 addCode49817004
[0;39m[1;31m 13392 addCodeAndDescendents
[0;39m[1;31m 13392 addCode405749004
[0;39m[1;31m 13392 addCodeAndDescendents
[0;39m[1;31m 13392 addCode870528001
[0;39m[1;31m 13392 addCodeAndDescendents
[0;39m[1;31m 13392 addCode722206009
[0;39m[1;31m 13392 addCodeAndDescendents
[0;39m[1;31m 13392 addCode609565001
[0;39m[1;31m 13392 addCodeAndDescendents
[0;39m[1;31m 13392 addCode724067006
[0;39m[1;31m 13392 addCodeAndDescendents
[0;39m[1;31m 13392 addCode237612000
[0;39m[1;31m 13392 addCodeAndDescendents
[0;39m[1;31m 13392 addCode445260006
[0;39m[1;31m 13392 addCodeAndDescendents
[0;39m[1;31m 13392 addCode106281000119103
[0;39m[1;31m 13392 addCodeAndDescendents
[0;39m[1;31m 13392 addCode609563008
[0;39m[1;31m 13392 addCodeAndDescendents
[0;39m[1;31m 13392 addCode199231005
[0;39m[1;31m 13392 addCodeAndDescendents
[0;39m[1;31m 13392 addCode1142044000
[0;39m[1;31m 13392 addCodeAndDescendents
[0;39m[1;31m 13392 addCode199229001
[0;39m[1;31m 13392 addCodeAndDescendents
[0;39m[1;31m 13392 addCode609564002
[0;39m[1;31m 13392 addCodeAndDescendents
[0;39m[1;31m 13392 addCode199230006
[0;39m[1;31m 13392 addCodeAndDescendents
[0;39m[1;31m 13392 addCode609567009
[0;39m[1;31m 13392 addCodeAndDescendents
[0;39m[1;31m 13392 addCode609566000
[0;39m[1;31m 13392 addCodeAndDescendents
[0;39m[1;31m 13392 addCode237627000
[0;39m[1;31m 13392 addCodeAndDescendents
[0;39m[1;31m 13392 addCode782825008
[0;39m[1;31m 13392 addCodeAndDescendents
[0;39m[1;31m 13392 addCode782755007
[0;39m[1;31m 13392 addCodeAndDescendents
[0;39m[1;31m 13392 addCode57886004
[0;39m[1;31m 13392 addCodeAndDescendents
[0;39m[1;31m 13392 addCode33559001
[0;39m[1;31m 13392 addCodeAndDescendents
[0;39m[1;31m 13392 addCode8801005
[0;39m[1;31m 13392 addCodeAndDescendents
[0;39m[1;31m 13392 addCode237601000
[0;39m[1;31m 13392 addCodeAndDescendents
[0;39m[1;31m 13392 addCode190447002
[0;39m[1;31m 13392 addCodeAndDescendents
[0;39m[1;31m 13392 addCode733072002
[0;39m[1;31m 13392 addCodeAndDescendents
[0;39m[1;31m 13392 addCode237603002
[0;39m[1;31m 13392 addCodeAndDescendents
[0;39m[1;31m 13392 addCode609579009
[0;39m[1;31m 13392 addCodeAndDescendents
[0;39m[1;31m 13392 addCode609580007
[0;39m[1;31m 13393 addCodeAndDescendents
[0;39m[1;31m 13393 addCode609581006
[0;39m[1;31m 13393 addCodeAndDescendents
[0;39m[1;31m 13393 addCode46635009
[0;39m[1;31m 13393 addCodeAndDescendents
[0;39m[1;31m 13393 addCode703137001
[0;39m[1;31m 13393 addCodeAndDescendents
[0;39m[1;31m 13393 addCode190368000
[0;39m[1;31m 13393 addCodeAndDescendents
[0;39m[1;31m 13393 addCode31321000119102
[0;39m[1;31m 13393 addCodeAndDescendents
[0;39m[1;31m 13393 addCode1255271005
[0;39m[1;31m 13393 addCodeAndDescendents
[0;39m[1;31m 13393 addCode44054006
[0;39m[1;31m 13393 addCodeAndDescendents
[0;39m[1;31m 13393 addCode164971000119101
[0;39m[1;31m 13393 addCodeAndDescendents
[0;39m[1;31m 13393 addCode359642000
[0;39m[1;31m 13393 addCodeAndDescendents
[0;39m[1;31m 13393 addCode81531005
[0;39m[1;31m 13393 addCodeAndDescendents
[0;39m[1;31m 13393 addCode703138006
[0;39m[1;31m 13393 addCodeAndDescendents
[0;39m[1;31m 13393 addCode190389009
[0;39m[1;31m 13393 addCodeAndDescendents
[0;39m[1;31m 13393 addCode1481000119100
[0;39m[1;31m 13393 addCodeAndDescendents
[0;39m[1;31m 13393 addCode472699005
[0;39m[1;31m 13393 addCodeAndDescendents
[0;39m[1;31m 13393 addCode444073006
[0;39m[1;31m 13393 addCodeAndDescendents
[0;39m[1;31m 13393 addCode443694000
[0;39m[1;31m 13393 addCodeAndDescendents
[0;39m[1;31m 13393 addCode11530004
[0;39m[1;31m 13393 addCodeAndDescendents
[0;39m[1;31m 13393 addCode290002008
[0;39m[1;31m 13393 addCodeAndDescendents
[0;39m[1;31m 13393 addCode445353002
[0;39m[1;31m 13393 addCodeAndDescendents
[0;39m[1;31m 13393 addCode444074000
[0;39m[1;31m 13393 addCodeAndDescendents
[0;39m[1;31m 13393 addCode444110003
[0;39m[1;31m 13393 addCodeAndDescendents
[0;39m[1;31m 13393 addCode70694009
[0;39m[1;31m 13393 addCodeAndDescendents
[0;39m[1;31m 13393 addCode1285518004
[0;39m[1;31m 13393 addCodeAndDescendents
[0;39m[1;31m 13393 addCode1285519007
[0;39m[1;31m 13393 addCodeAndDescendents
[0;39m[1;31m 13393 addCode734022008
[0;39m[1;31m 13393 addCodeAndDescendents
[0;39m[1;31m 13393 addCode816067005
[0;39m[1;31m 13393 includeCodes
[0;39m[1;31m 13393 doServerIncludeCodes
[0;39m[1;31m 14960 addCodeAndDescendents
[0;39m[1;31m 14960 addCode713370005
[0;39m[1;31m 14961 addCodeAndDescendents
[0;39m[1;31m 14961 addCode2053831000122108
[0;39m[1;31m 14961 addCodeAndDescendents
[0;39m[1;31m 14961 addCode123717006
[0;39m[1;31m 14961 addCodeAndDescendents
[0;39m[1;31m 14961 addCode420054005
[0;39m[1;31m 14961 addCodeAndDescendents
[0;39m[1;31m 14961 addCode1197704005
[0;39m[1;31m 14961 addCodeAndDescendents
[0;39m[1;31m 14961 addCode197303009
[0;39m[1;31m 14961 addCodeAndDescendents
[0;39m[1;31m 14961 addCode1761006
[0;39m[1;31m 14961 addCodeAndDescendents
[0;39m[1;31m 14961 addCode197310003
[0;39m[1;31m 14961 addCodeAndDescendents
[0;39m[1;31m 14961 addCode197296006
[0;39m[1;31m 14961 addCodeAndDescendents
[0;39m[1;31m 14961 addCode74669004
[0;39m[1;31m 14961 addCodeAndDescendents
[0;39m[1;31m 14961 addCode266470007
[0;39m[1;31m 14961 addCodeAndDescendents
[0;39m[1;31m 14961 addCode123606000
[0;39m[1;31m 14961 addCodeAndDescendents
[0;39m[1;31m 14961 addCode197284004
[0;39m[1;31m 14961 addCodeAndDescendents
[0;39m[1;31m 14961 addCode708198006
[0;39m[1;31m 14961 addCodeAndDescendents
[0;39m[1;31m 14961 addCode50167007
[0;39m[1;31m 14961 addCodeAndDescendents
[0;39m[1;31m 14961 addCode66870002
[0;39m[1;31m 14961 addCodeAndDescendents
[0;39m[1;31m 14961 addCode1116000
[0;39m[1;31m 14961 addCodeAndDescendents
[0;39m[1;31m 14961 addCode89789003
[0;39m[1;31m 14961 addCodeAndDescendents
[0;39m[1;31m 14961 addCode307757001
[0;39m[1;31m 14961 addCodeAndDescendents
[0;39m[1;31m 14961 addCode713181003
[0;39m[1;31m 14961 addCodeAndDescendents
[0;39m[1;31m 14961 addCode16098491000119109
[0;39m[1;31m 14961 addCodeAndDescendents
[0;39m[1;31m 14961 addCode235886005
[0;39m[1;31m 14961 addCodeAndDescendents
[0;39m[1;31m 14961 addCode1197736003
[0;39m[1;31m 14961 addCodeAndDescendents
[0;39m[1;31m 14961 addCode76783007
[0;39m[1;31m 14961 addCodeAndDescendents
[0;39m[1;31m 14961 addCode838380002
[0;39m[1;31m 14961 addCodeAndDescendents
[0;39m[1;31m 14961 addCode16859701000119109
[0;39m[1;31m 14961 addCodeAndDescendents
[0;39m[1;31m 14961 addCode128302006
[0;39m[1;31m 14961 addCodeAndDescendents
[0;39m[1;31m 14961 addCode768127002
[0;39m[1;31m 14961 addCodeAndDescendents
[0;39m[1;31m 14961 addCode768289009
[0;39m[1;31m 14961 addCodeAndDescendents
[0;39m[1;31m 14961 addCode768288001
[0;39m[1;31m 14961 addCodeAndDescendents
[0;39m[1;31m 14961 addCode768125005
[0;39m[1;31m 14961 addCodeAndDescendents
[0;39m[1;31m 14961 addCode768006009
[0;39m[1;31m 14961 addCodeAndDescendents
[0;39m[1;31m 14961 addCode768126006
[0;39m[1;31m 14961 addCodeAndDescendents
[0;39m[1;31m 14961 addCode767810006
[0;39m[1;31m 14961 addCodeAndDescendents
[0;39m[1;31m 14961 addCode767809001
[0;39m[1;31m 14961 addCodeAndDescendents
[0;39m[1;31m 14961 addCode838377003
[0;39m[1;31m 14961 addCodeAndDescendents
[0;39m[1;31m 14961 addCode703866000
[0;39m[1;31m 14961 addCodeAndDescendents
[0;39m[1;31m 14961 addCode450880008
[0;39m[1;31m 14961 addCodeAndDescendents
[0;39m[1;31m 14961 addCode328383001
[0;39m[1;31m 14961 addCodeAndDescendents
[0;39m[1;31m 14961 addCode57339008
[0;39m[1;31m 14961 addCodeAndDescendents
[0;39m[1;31m 14961 addCode9843006
[0;39m[1;31m 14961 addCodeAndDescendents
[0;39m[1;31m 14961 addCode863957008
[0;39m[1;31m 14961 addCodeAndDescendents
[0;39m[1;31m 14961 addCode79720007
[0;39m[1;31m 14961 addCodeAndDescendents
[0;39m[1;31m 14961 addCode34736002
[0;39m[1;31m 14961 addCodeAndDescendents
[0;39m[1;31m 14961 addCode41889008
[0;39m[1;31m 14961 addCodeAndDescendents
[0;39m[1;31m 14961 addCode38662009
[0;39m[1;31m 14961 addCodeAndDescendents
[0;39m[1;31m 14961 addCode60037002
[0;39m[1;31m 14961 addCodeAndDescendents
[0;39m[1;31m 14961 addCode432908002
[0;39m[1;31m 14961 addCodeAndDescendents
[0;39m[1;31m 14961 addCode61977001
[0;39m[1;31m 14961 addCodeAndDescendents
[0;39m[1;31m 14961 addCode10295004
[0;39m[1;31m 14961 addCodeAndDescendents
[0;39m[1;31m 14961 addCode235869004
[0;39m[1;31m 14961 addCodeAndDescendents
[0;39m[1;31m 14961 addCode186639003
[0;39m[1;31m 14961 addCodeAndDescendents
[0;39m[1;31m 14961 addCode735451005
[0;39m[1;31m 14961 addCodeAndDescendents
[0;39m[1;31m 14961 addCode266468003
[0;39m[1;31m 14961 addCodeAndDescendents
[0;39m[1;31m 14961 addCode1332971000168108
[0;39m[1;31m 14961 addCodeAndDescendents
[0;39m[1;31m 14961 addCode19943007
[0;39m[1;31m 14961 addCodeAndDescendents
[0;39m[1;31m 14961 addCode725939009
[0;39m[1;31m 14961 addCodeAndDescendents
[0;39m[1;31m 14961 addCode725938001
[0;39m[1;31m 14961 addCodeAndDescendents
[0;39m[1;31m 14961 addCode725940006
[0;39m[1;31m 14961 addCodeAndDescendents
[0;39m[1;31m 14961 addCode871619002
[0;39m[1;31m 14961 addCodeAndDescendents
[0;39m[1;31m 14961 addCode831000119103
[0;39m[1;31m 14961 addCodeAndDescendents
[0;39m[1;31m 14961 addCode103611000119102
[0;39m[1;31m 14961 addCodeAndDescendents
[0;39m[1;31m 14961 addCode735733008
[0;39m[1;31m 14961 addCodeAndDescendents
[0;39m[1;31m 14961 addCode271440004
[0;39m[1;31m 14961 addCodeAndDescendents
[0;39m[1;31m 14961 addCode725416005
[0;39m[1;31m 14961 addCodeAndDescendents
[0;39m[1;31m 14961 addCode37688005
[0;39m[1;31m 14961 addCodeAndDescendents
[0;39m[1;31m 14961 addCode45256007
[0;39m[1;31m 14961 addCodeAndDescendents
[0;39m[1;31m 14961 addCode89580002
[0;39m[1;31m 14961 addCodeAndDescendents
[0;39m[1;31m 14961 addCode716203000
[0;39m[1;31m 14961 addCodeAndDescendents
[0;39m[1;31m 14961 addCode197293003
[0;39m[1;31m 14961 addCodeAndDescendents
[0;39m[1;31m 14961 addCode235889003
[0;39m[1;31m 14961 addCodeAndDescendents
[0;39m[1;31m 14961 addCode425413006
[0;39m[1;31m 14961 addCodeAndDescendents
[0;39m[1;31m 14961 addCode371139006
[0;39m[1;31m 14961 addCodeAndDescendents
[0;39m[1;31m 14961 addCode197294009
[0;39m[1;31m 14961 addCodeAndDescendents
[0;39m[1;31m 14961 addCode76301009
[0;39m[1;31m 14961 addCodeAndDescendents
[0;39m[1;31m 14961 addCode536002
[0;39m[1;31m 14961 addCodeAndDescendents
[0;39m[1;31m 14961 addCode774204006
[0;39m[1;31m 14961 addCodeAndDescendents
[0;39m[1;31m 14961 addCode1092801000119102
[0;39m[1;31m 14961 addCodeAndDescendents
[0;39m[1;31m 14961 addCode235865005
[0;39m[1;31m 14961 addCodeAndDescendents
[0;39m[1;31m 14961 addCode235897005
[0;39m[1;31m 14961 addCodeAndDescendents
[0;39m[1;31m 14961 addCode715864007
[0;39m[1;31m 14961 addCodeAndDescendents
[0;39m[1;31m 14961 addCode1234822009
[0;39m[1;31m 14961 addCodeAndDescendents
[0;39m[1;31m 14961 addCode6183001
[0;39m[1;31m 14961 addCodeAndDescendents
[0;39m[1;31m 14961 addCode235896001
[0;39m[1;31m 14961 addCodeAndDescendents
[0;39m[1;31m 14961 addCode266471006
[0;39m[1;31m 14961 addCodeAndDescendents
[0;39m[1;31m 14962 addCode235895002
[0;39m[1;31m 14962 addCodeAndDescendents
[0;39m[1;31m 14962 addCode123716002
[0;39m[1;31m 14962 addCodeAndDescendents
[0;39m[1;31m 14962 addCode1010616001
[0;39m[1;31m 14962 addCodeAndDescendents
[0;39m[1;31m 14962 addCode43904005
[0;39m[1;31m 14962 addCodeAndDescendents
[0;39m[1;31m 14962 addCode235601000112100
[0;39m[1;31m 14962 addCodeAndDescendents
[0;39m[1;31m 14962 addCode442685003
[0;39m[1;31m 14962 addCodeAndDescendents
[0;39m[1;31m 14962 addCode722866000
[0;39m[1;31m 14962 addCodeAndDescendents
[0;39m[1;31m 14962 addCode1231824009
[0;39m[1;31m 14962 addCodeAndDescendents
[0;39m[1;31m 14962 addCode21861000
[0;39m[1;31m 14962 addCodeAndDescendents
[0;39m[1;31m 14962 addCode15999000
[0;39m[1;31m 14962 addCodeAndDescendents
[0;39m[1;31m 14962 addCode266469006
[0;39m[1;31m 14962 addCodeAndDescendents
[0;39m[1;31m 14962 addCode699189004
[0;39m[1;31m 14962 addCodeAndDescendents
[0;39m[1;31m 14962 addCode123605001
[0;39m[1;31m 14962 addCodeAndDescendents
[0;39m[1;31m 14962 addCode109819003
[0;39m[1;31m 14962 addCodeAndDescendents
[0;39m[1;31m 14962 addCode713966008
[0;39m[1;31m 14962 addCodeAndDescendents
[0;39m[1;31m 14962 addCode33144001
[0;39m[1;31m 14962 addCodeAndDescendents
[0;39m[1;31m 14962 addCode78208005
[0;39m[1;31m 14962 addCodeAndDescendents
[0;39m[1;31m 14962 addCode197299004
[0;39m[1;31m 14962 addCodeAndDescendents
[0;39m[1;31m 14962 addCode419728003
[0;39m[1;31m 14962 addCodeAndDescendents
[0;39m[1;31m 14962 addCode27156006
[0;39m[1;31m 14962 addCodeAndDescendents
[0;39m[1;31m 14962 addCode31712002
[0;39m[1;31m 14962 addCodeAndDescendents
[0;39m[1;31m 14962 addCode1155913007
[0;39m[1;31m 14962 addCodeAndDescendents
[0;39m[1;31m 14962 addCode1155841005
[0;39m[1;31m 14962 addCodeAndDescendents
[0;39m[1;31m 14962 addCode1186865008
[0;39m[1;31m 14962 addCodeAndDescendents
[0;39m[1;31m 14962 addCode1295517006
[0;39m[1;31m 14962 addCodeAndDescendents
[0;39m[1;31m 14962 addCode74162007
[0;39m[1;31m 14962 addCodeAndDescendents
[0;39m[1;31m 14962 addCode723829000
[0;39m[1;31m 14962 addCodeAndDescendents
[0;39m[1;31m 14962 addCode715401008
[0;39m[1;31m 14962 addCodeAndDescendents
[0;39m[1;31m 14962 addCode12368000
[0;39m[1;31m 14962 addCodeAndDescendents
[0;39m[1;31m 14962 addCode16070004
[0;39m[1;31m 14962 addCodeAndDescendents
[0;39m[1;31m 14962 addCode197305002
[0;39m[1;31m 14962 addCodeAndDescendents
[0;39m[1;31m 14962 addCode123604002
[0;39m[1;31m 14962 addCodeAndDescendents
[0;39m[1;31m 14962 addCode197301006
[0;39m[1;31m 14962 addCodeAndDescendents
[0;39m[1;31m 14962 addCode197291001
[0;39m[1;31m 14962 addCodeAndDescendents
[0;39m[1;31m 14962 addCode1370994002
[0;39m[1;31m 14962 includeCodes
[0;39m[1;31m 14962 doServerIncludeCodes
[0;39m[1;31m 16167 addCodeAndDescendents
[0;39m[1;31m 16168 addCode123717006
[0;39m[1;31m 16168 addCodeAndDescendents
[0;39m[1;31m 16168 addCode420054005
[0;39m[1;31m 16168 addCodeAndDescendents
[0;39m[1;31m 16168 addCode197303009
[0;39m[1;31m 16168 addCodeAndDescendents
[0;39m[1;31m 16168 addCode1761006
[0;39m[1;31m 16168 addCodeAndDescendents
[0;39m[1;31m 16168 addCode197310003
[0;39m[1;31m 16168 addCodeAndDescendents
[0;39m[1;31m 16168 addCode197296006
[0;39m[1;31m 16168 addCodeAndDescendents
[0;39m[1;31m 16168 addCode74669004
[0;39m[1;31m 16168 addCodeAndDescendents
[0;39m[1;31m 16168 addCode266470007
[0;39m[1;31m 16168 addCodeAndDescendents
[0;39m[1;31m 16168 addCode123606000
[0;39m[1;31m 16168 addCodeAndDescendents
[0;39m[1;31m 16168 addCode266468003
[0;39m[1;31m 16168 addCodeAndDescendents
[0;39m[1;31m 16168 addCode1332971000168108
[0;39m[1;31m 16168 addCodeAndDescendents
[0;39m[1;31m 16168 addCode19943007
[0;39m[1;31m 16168 addCodeAndDescendents
[0;39m[1;31m 16168 addCode725939009
[0;39m[1;31m 16168 addCodeAndDescendents
[0;39m[1;31m 16168 addCode725938001
[0;39m[1;31m 16168 addCodeAndDescendents
[0;39m[1;31m 16168 addCode725940006
[0;39m[1;31m 16168 addCodeAndDescendents
[0;39m[1;31m 16168 addCode871619002
[0;39m[1;31m 16168 addCodeAndDescendents
[0;39m[1;31m 16168 addCode831000119103
[0;39m[1;31m 16168 addCodeAndDescendents
[0;39m[1;31m 16168 addCode103611000119102
[0;39m[1;31m 16168 addCodeAndDescendents
[0;39m[1;31m 16168 addCode735733008
[0;39m[1;31m 16168 addCodeAndDescendents
[0;39m[1;31m 16168 addCode271440004
[0;39m[1;31m 16168 addCodeAndDescendents
[0;39m[1;31m 16168 addCode725416005
[0;39m[1;31m 16168 addCodeAndDescendents
[0;39m[1;31m 16168 addCode37688005
[0;39m[1;31m 16168 addCodeAndDescendents
[0;39m[1;31m 16168 addCode45256007
[0;39m[1;31m 16168 addCodeAndDescendents
[0;39m[1;31m 16168 addCode89580002
[0;39m[1;31m 16168 addCodeAndDescendents
[0;39m[1;31m 16168 addCode716203000
[0;39m[1;31m 16168 addCodeAndDescendents
[0;39m[1;31m 16168 addCode197293003
[0;39m[1;31m 16168 addCodeAndDescendents
[0;39m[1;31m 16168 addCode425413006
[0;39m[1;31m 16168 addCodeAndDescendents
[0;39m[1;31m 16168 addCode371139006
[0;39m[1;31m 16168 addCodeAndDescendents
[0;39m[1;31m 16168 addCode197294009
[0;39m[1;31m 16168 addCodeAndDescendents
[0;39m[1;31m 16168 addCode76301009
[0;39m[1;31m 16168 addCodeAndDescendents
[0;39m[1;31m 16168 addCode536002
[0;39m[1;31m 16168 addCodeAndDescendents
[0;39m[1;31m 16168 addCode235897005
[0;39m[1;31m 16168 addCodeAndDescendents
[0;39m[1;31m 16168 addCode715864007
[0;39m[1;31m 16168 addCodeAndDescendents
[0;39m[1;31m 16168 addCode6183001
[0;39m[1;31m 16168 addCodeAndDescendents
[0;39m[1;31m 16168 addCode235896001
[0;39m[1;31m 16168 addCodeAndDescendents
[0;39m[1;31m 16168 addCode266471006
[0;39m[1;31m 16168 addCodeAndDescendents
[0;39m[1;31m 16168 addCode235895002
[0;39m[1;31m 16168 addCodeAndDescendents
[0;39m[1;31m 16168 addCode123716002
[0;39m[1;31m 16168 addCodeAndDescendents
[0;39m[1;31m 16168 addCode1010616001
[0;39m[1;31m 16168 addCodeAndDescendents
[0;39m[1;31m 16168 addCode43904005
[0;39m[1;31m 16168 addCodeAndDescendents
[0;39m[1;31m 16168 addCode21861000
[0;39m[1;31m 16168 addCodeAndDescendents
[0;39m[1;31m 16168 addCode15999000
[0;39m[1;31m 16168 addCodeAndDescendents
[0;39m[1;31m 16168 addCode266469006
[0;39m[1;31m 16168 addCodeAndDescendents
[0;39m[1;31m 16168 addCode699189004
[0;39m[1;31m 16168 addCodeAndDescendents
[0;39m[1;31m 16168 addCode123605001
[0;39m[1;31m 16168 addCodeAndDescendents
[0;39m[1;31m 16168 addCode109819003
[0;39m[1;31m 16168 addCodeAndDescendents
[0;39m[1;31m 16168 addCode33144001
[0;39m[1;31m 16168 addCodeAndDescendents
[0;39m[1;31m 16168 addCode78208005
[0;39m[1;31m 16168 addCodeAndDescendents
[0;39m[1;31m 16168 addCode197299004
[0;39m[1;31m 16168 addCodeAndDescendents
[0;39m[1;31m 16168 addCode419728003
[0;39m[1;31m 16168 addCodeAndDescendents
[0;39m[1;31m 16168 addCode27156006
[0;39m[1;31m 16168 addCodeAndDescendents
[0;39m[1;31m 16168 addCode31712002
[0;39m[1;31m 16168 addCodeAndDescendents
[0;39m[1;31m 16168 addCode715401008
[0;39m[1;31m 16168 addCodeAndDescendents
[0;39m[1;31m 16168 addCode12368000
[0;39m[1;31m 16168 addCodeAndDescendents
[0;39m[1;31m 16168 addCode16070004
[0;39m[1;31m 16168 addCodeAndDescendents
[0;39m[1;31m 16168 addCode197305002
[0;39m[1;31m 16168 addCodeAndDescendents
[0;39m[1;31m 16168 addCode123604002
[0;39m[1;31m 16168 addCodeAndDescendents
[0;39m[1;31m 16168 addCode197301006
[0;39m[1;31m 16168 addCodeAndDescendents
[0;39m[1;31m 16168 addCode197291001
[0;39m[1;31m 16168 addCodeAndDescendents
[0;39m[1;31m 16168 addCode1370994002
[0;39m[1;31m 16168 includeCodes
[0;39m[1;31m 16168 doServerIncludeCodes
[0;39m[1;31m 17371 addCodeAndDescendents
[0;39m[1;31m 17371 addCode698296002
[0;39m[1;31m 17371 addCodeAndDescendents
[0;39m[1;31m 17371 addCode1296659009
[0;39m[1;31m 17371 addCodeAndDescendents
[0;39m[1;31m 17371 addCode153951000119103
[0;39m[1;31m 17371 addCodeAndDescendents
[0;39m[1;31m 17371 addCode443344007
[0;39m[1;31m 17371 addCodeAndDescendents
[0;39m[1;31m 17371 addCode16838951000119100
[0;39m[1;31m 17371 addCodeAndDescendents
[0;39m[1;31m 17371 addCode443253003
[0;39m[1;31m 17371 addCodeAndDescendents
[0;39m[1;31m 17371 addCode1179295004
[0;39m[1;31m 17371 addCodeAndDescendents
[0;39m[1;31m 17371 addCode720507006
[0;39m[1;31m 17371 addCodeAndDescendents
[0;39m[1;31m 17371 addCode426749004
[0;39m[1;31m 17371 addCodeAndDescendents
[0;39m[1;31m 17371 addCode425615007
[0;39m[1;31m 17371 addCodeAndDescendents
[0;39m[1;31m 17371 addCode22462001
[0;39m[1;31m 17371 addCodeAndDescendents
[0;39m[1;31m 17371 addCode1373674009
[0;39m[1;31m 17371 addCodeAndDescendents
[0;39m[1;31m 17371 addCode153941000119100
[0;39m[1;31m 17371 addCodeAndDescendents
[0;39m[1;31m 17371 addCode88805009
[0;39m[1;31m 17371 addCodeAndDescendents
[0;39m[1;31m 17371 addCode79955004
[0;39m[1;31m 17371 addCodeAndDescendents
[0;39m[1;31m 17371 addCode92808004
[0;39m[1;31m 17371 addCodeAndDescendents
[0;39m[1;31m 17371 addCode441530006
[0;39m[1;31m 17371 addCodeAndDescendents
[0;39m[1;31m 17371 addCode1204127004
[0;39m[1;31m 17371 addCodeAndDescendents
[0;39m[1;31m 17371 addCode26950008
[0;39m[1;31m 17371 addCodeAndDescendents
[0;39m[1;31m 17371 addCode4851007
[0;39m[1;31m 17371 addCodeAndDescendents
[0;39m[1;31m 17371 addCode128238001
[0;39m[1;31m 17371 addCodeAndDescendents
[0;39m[1;31m 17371 addCode48447003
[0;39m[1;31m 17371 addCodeAndDescendents
[0;39m[1;31m 17371 addCode45093008
[0;39m[1;31m 17371 addCodeAndDescendents
[0;39m[1;31m 17371 addCode413838009
[0;39m[1;31m 17371 addCodeAndDescendents
[0;39m[1;31m 17371 addCode5375005
[0;39m[1;31m 17371 addCodeAndDescendents
[0;39m[1;31m 17371 addCode111283005
[0;39m[1;31m 17371 addCodeAndDescendents
[0;39m[1;31m 17371 addCode679363171000119109
[0;39m[1;31m 17371 addCodeAndDescendents
[0;39m[1;31m 17371 addCode233880002
[0;39m[1;31m 17371 addCodeAndDescendents
[0;39m[1;31m 17371 addCode413844008
[0;39m[1;31m 17371 addCodeAndDescendents
[0;39m[1;31m 17371 addCode431896008
[0;39m[1;31m 17371 addCodeAndDescendents
[0;39m[1;31m 17371 addCode1373675005
[0;39m[1;31m 17371 addCodeAndDescendents
[0;39m[1;31m 17371 addCode1148765006
[0;39m[1;31m 17371 addCodeAndDescendents
[0;39m[1;31m 17371 addCode46165000
[0;39m[1;31m 17371 addCodeAndDescendents
[0;39m[1;31m 17371 addCode61012002
[0;39m[1;31m 17371 addCodeAndDescendents
[0;39m[1;31m 17371 addCode286947004
[0;39m[1;31m 17371 addCodeAndDescendents
[0;39m[1;31m 17371 addCode756003
[0;39m[1;31m 17371 addCodeAndDescendents
[0;39m[1;31m 17371 addCode1149066008
[0;39m[1;31m 17371 addCodeAndDescendents
[0;39m[1;31m 17371 addCode89456004
[0;39m[1;31m 17371 addCodeAndDescendents
[0;39m[1;31m 17371 addCode66989003
[0;39m[1;31m 17371 addCodeAndDescendents
[0;39m[1;31m 17371 addCode10335000
[0;39m[1;31m 17371 addCodeAndDescendents
[0;39m[1;31m 17371 addCode430396006
[0;39m[1;31m 17371 addCodeAndDescendents
[0;39m[1;31m 17371 addCode441481004
[0;39m[1;31m 17371 addCodeAndDescendents
[0;39m[1;31m 17371 addCode117051000119103
[0;39m[1;31m 17371 addCodeAndDescendents
[0;39m[1;31m 17371 addCode40964007
[0;39m[1;31m 17371 addCodeAndDescendents
[0;39m[1;31m 17371 addCode788887009
[0;39m[1;31m 17371 addCodeAndDescendents
[0;39m[1;31m 17371 addCode725416005
[0;39m[1;31m 17371 addCodeAndDescendents
[0;39m[1;31m 17371 addCode82523003
[0;39m[1;31m 17371 addCodeAndDescendents
[0;39m[1;31m 17371 addCode424404003
[0;39m[1;31m 17371 addCodeAndDescendents
[0;39m[1;31m 17371 addCode445928005
[0;39m[1;31m 17371 addCodeAndDescendents
[0;39m[1;31m 17371 addCode722890004
[0;39m[1;31m 17371 addCodeAndDescendents
[0;39m[1;31m 17371 addCode8501000119104
[0;39m[1;31m 17371 addCodeAndDescendents
[0;39m[1;31m 17371 addCode96701000119107
[0;39m[1;31m 17371 addCodeAndDescendents
[0;39m[1;31m 17371 addCode96751000119106
[0;39m[1;31m 17371 addCodeAndDescendents
[0;39m[1;31m 17371 addCode96741000119109
[0;39m[1;31m 17371 addCodeAndDescendents
[0;39m[1;31m 17371 addCode96731000119100
[0;39m[1;31m 17371 addCodeAndDescendents
[0;39m[1;31m 17371 addCode96721000119103
[0;39m[1;31m 17371 addCodeAndDescendents
[0;39m[1;31m 17371 addCode96711000119105
[0;39m[1;31m 17371 addCodeAndDescendents
[0;39m[1;31m 17371 addCode42402006
[0;39m[1;31m 17371 addCodeAndDescendents
[0;39m[1;31m 17371 addCode763778003
[0;39m[1;31m 17371 addCodeAndDescendents
[0;39m[1;31m 17371 addCode83014000
[0;39m[1;31m 17371 addCodeAndDescendents
[0;39m[1;31m 17371 addCode871587002
[0;39m[1;31m 17371 addCodeAndDescendents
[0;39m[1;31m 17371 addCode102882451000119106
[0;39m[1;31m 17371 addCodeAndDescendents
[0;39m[1;31m 17371 addCode10757401000119104
[0;39m[1;31m 17371 addCodeAndDescendents
[0;39m[1;31m 17371 addCode10757481000119107
[0;39m[1;31m 17371 addCodeAndDescendents
[0;39m[1;31m 17371 addCode470753008
[0;39m[1;31m 17371 addCodeAndDescendents
[0;39m[1;31m 17371 addCode470752003
[0;39m[1;31m 17371 addCodeAndDescendents
[0;39m[1;31m 17371 addCode371806006
[0;39m[1;31m 17371 addCodeAndDescendents
[0;39m[1;31m 17371 addCode78031003
[0;39m[1;31m 17371 addCodeAndDescendents
[0;39m[1;31m 17371 addCode72011007
[0;39m[1;31m 17371 addCodeAndDescendents
[0;39m[1;31m 17371 addCode17759006
[0;39m[1;31m 17371 addCodeAndDescendents
[0;39m[1;31m 17371 addCode1155721005
[0;39m[1;31m 17371 addCodeAndDescendents
[0;39m[1;31m 17371 addCode429347004
[0;39m[1;31m 17371 addCodeAndDescendents
[0;39m[1;31m 17371 addCode12023003
[0;39m[1;31m 17371 addCodeAndDescendents
[0;39m[1;31m 17371 addCode16063004
[0;39m[1;31m 17371 addCodeAndDescendents
[0;39m[1;31m 17371 addCode16440002
[0;39m[1;31m 17371 addCodeAndDescendents
[0;39m[1;31m 17371 addCode18687009
[0;39m[1;31m 17371 addCodeAndDescendents
[0;39m[1;31m 17371 addCode49699002
[0;39m[1;31m 17371 addCodeAndDescendents
[0;39m[1;31m 17371 addCode91529004
[0;39m[1;31m 17371 addCodeAndDescendents
[0;39m[1;31m 17371 addCode43121002
[0;39m[1;31m 17371 addCodeAndDescendents
[0;39m[1;31m 17371 addCode19036004
[0;39m[1;31m 17371 addCodeAndDescendents
[0;39m[1;31m 17371 addCode28284007
[0;39m[1;31m 17371 addCodeAndDescendents
[0;39m[1;31m 17371 addCode43736008
[0;39m[1;31m 17371 addCodeAndDescendents
[0;39m[1;31m 17371 addCode370141003
[0;39m[1;31m 17371 addCodeAndDescendents
[0;39m[1;31m 17371 addCode59464004
[0;39m[1;31m 17371 addCodeAndDescendents
[0;39m[1;31m 17371 addCode31085000
[0;39m[1;31m 17371 addCodeAndDescendents
[0;39m[1;31m 17371 addCode86466006
[0;39m[1;31m 17371 addCodeAndDescendents
[0;39m[1;31m 17371 addCode787001
[0;39m[1;31m 17371 addCodeAndDescendents
[0;39m[1;31m 17371 addCode44993000
[0;39m[1;31m 17371 addCodeAndDescendents
[0;39m[1;31m 17371 addCode286011000119101
[0;39m[1;31m 17371 addCodeAndDescendents
[0;39m[1;31m 17371 addCode83898004
[0;39m[1;31m 17371 addCodeAndDescendents
[0;39m[1;31m 17371 addCode40023000
[0;39m[1;31m 17371 addCodeAndDescendents
[0;39m[1;31m 17371 addCode81552002
[0;39m[1;31m 17371 addCodeAndDescendents
[0;39m[1;31m 17371 addCode250999000
[0;39m[1;31m 17371 addCodeAndDescendents
[0;39m[1;31m 17371 addCode1155719000
[0;39m[1;31m 17371 addCodeAndDescendents
[0;39m[1;31m 17371 addCode286031000119106
[0;39m[1;31m 17371 addCodeAndDescendents
[0;39m[1;31m 17371 addCode71799002
[0;39m[1;31m 17371 addCodeAndDescendents
[0;39m[1;31m 17371 addCode52048004
[0;39m[1;31m 17371 addCodeAndDescendents
[0;39m[1;31m 17371 addCode34126003
[0;39m[1;31m 17371 addCodeAndDescendents
[0;39m[1;31m 17371 addCode91442002
[0;39m[1;31m 17371 addCodeAndDescendents
[0;39m[1;31m 17371 addCode85971001
[0;39m[1;31m 17371 addCodeAndDescendents
[0;39m[1;31m 17371 addCode194741006
[0;39m[1;31m 17371 addCodeAndDescendents
[0;39m[1;31m 17371 addCode16855001
[0;39m[1;31m 17371 addCodeAndDescendents
[0;39m[1;31m 17371 addCode67696008
[0;39m[1;31m 17371 addCodeAndDescendents
[0;39m[1;31m 17371 addCode88318005
[0;39m[1;31m 17371 addCodeAndDescendents
[0;39m[1;31m 17371 addCode240077004
[0;39m[1;31m 17371 addCodeAndDescendents
[0;39m[1;31m 17371 addCode233819005
[0;39m[1;31m 17371 addCodeAndDescendents
[0;39m[1;31m 17371 addCode16754391000119100
[0;39m[1;31m 17371 includeCodes
[0;39m[1;31m 17372 doServerIncludeCodes
[0;39m[1;31m 18565 addCodeAndDescendents
[0;39m[1;31m 18565 addCode10633002
[0;39m[1;31m 18565 addCodeAndDescendents
[0;39m[1;31m 18565 addCode698296002
[0;39m[1;31m 18565 addCodeAndDescendents
[0;39m[1;31m 18565 addCode74960003
[0;39m[1;31m 18565 addCodeAndDescendents
[0;39m[1;31m 18565 addCode16838951000119100
[0;39m[1;31m 18565 addCodeAndDescendents
[0;39m[1;31m 18565 addCode80479009
[0;39m[1;31m 18565 addCodeAndDescendents
[0;39m[1;31m 18565 addCode194767001
[0;39m[1;31m 18565 addCodeAndDescendents
[0;39m[1;31m 18565 addCode92506005
[0;39m[1;31m 18565 addCodeAndDescendents
[0;39m[1;31m 18565 addCode88805009
[0;39m[1;31m 18565 addCodeAndDescendents
[0;39m[1;31m 18565 addCode5375005
[0;39m[1;31m 18565 addCodeAndDescendents
[0;39m[1;31m 18565 addCode66989003
[0;39m[1;31m 18565 addCodeAndDescendents
[0;39m[1;31m 18565 addCode42343007
[0;39m[1;31m 18565 addCodeAndDescendents
[0;39m[1;31m 18565 addCode72481000119103
[0;39m[1;31m 18565 addCodeAndDescendents
[0;39m[1;31m 18565 addCode101281000119107
[0;39m[1;31m 18565 addCodeAndDescendents
[0;39m[1;31m 18565 addCode426263006
[0;39m[1;31m 18565 addCodeAndDescendents
[0;39m[1;31m 18565 addCode426611007
[0;39m[1;31m 18565 addCodeAndDescendents
[0;39m[1;31m 18565 addCode67441000119101
[0;39m[1;31m 18565 addCodeAndDescendents
[0;39m[1;31m 18565 addCode15629541000119106
[0;39m[1;31m 18565 addCodeAndDescendents
[0;39m[1;31m 18565 addCode67431000119105
[0;39m[1;31m 18565 addCodeAndDescendents
[0;39m[1;31m 18565 addCode23341000119109
[0;39m[1;31m 18565 addCodeAndDescendents
[0;39m[1;31m 18565 addCode82523003
[0;39m[1;31m 18565 addCodeAndDescendents
[0;39m[1;31m 18565 addCode96311000119109
[0;39m[1;31m 18565 addCodeAndDescendents
[0;39m[1;31m 18565 addCode15781000119107
[0;39m[1;31m 18565 addCodeAndDescendents
[0;39m[1;31m 18565 addCode194779001
[0;39m[1;31m 18565 addCodeAndDescendents
[0;39m[1;31m 18565 addCode194781004
[0;39m[1;31m 18565 addCodeAndDescendents
[0;39m[1;31m 18565 addCode5148006
[0;39m[1;31m 18565 addCodeAndDescendents
[0;39m[1;31m 18565 addCode83105008
[0;39m[1;31m 18565 addCodeAndDescendents
[0;39m[1;31m 18565 addCode43736008
[0;39m[1;31m 18565 addCodeAndDescendents
[0;39m[1;31m 18565 addCode698594003
[0;39m[1;31m 18565 includeCodes
[0;39m[1;31m 18565 doServerIncludeCodes
[0;39m[1;31m 19735 addCodeAndDescendents
[0;39m[1;31m 19735 addCode448159009
[0;39m[1;31m 19735 addCodeAndDescendents
[0;39m[1;31m 19735 addCode405547004
[0;39m[1;31m 19735 addCodeAndDescendents
[0;39m[1;31m 19735 addCode253411005
[0;39m[1;31m 19735 addCodeAndDescendents
[0;39m[1;31m 19735 addCode733125004
[0;39m[1;31m 19735 addCodeAndDescendents
[0;39m[1;31m 19735 addCode1186866009
[0;39m[1;31m 19735 addCodeAndDescendents
[0;39m[1;31m 19735 addCode1204155000
[0;39m[1;31m 19735 addCodeAndDescendents
[0;39m[1;31m 19735 addCode703164000
[0;39m[1;31m 19735 addCodeAndDescendents
[0;39m[1;31m 19735 addCode703165004
[0;39m[1;31m 19735 addCodeAndDescendents
[0;39m[1;31m 19735 addCode52035003
[0;39m[1;31m 19735 addCodeAndDescendents
[0;39m[1;31m 19735 addCode62695002
[0;39m[1;31m 19735 addCodeAndDescendents
[0;39m[1;31m 19735 addCode1204152002
[0;39m[1;31m 19735 addCodeAndDescendents
[0;39m[1;31m 19735 addCode703213009
[0;39m[1;31m 19735 addCodeAndDescendents
[0;39m[1;31m 19735 addCode703253007
[0;39m[1;31m 19735 addCodeAndDescendents
[0;39m[1;31m 19735 addCode927568011000119108
[0;39m[1;31m 19735 addCodeAndDescendents
[0;39m[1;31m 19735 addCode57054005
[0;39m[1;31m 19735 addCodeAndDescendents
[0;39m[1;31m 19735 addCode17531000119105
[0;39m[1;31m 19735 addCodeAndDescendents
[0;39m[1;31m 19735 addCode896689003
[0;39m[1;31m 19735 addCodeAndDescendents
[0;39m[1;31m 19735 addCode23311000119105
[0;39m[1;31m 19735 addCodeAndDescendents
[0;39m[1;31m 19735 addCode703212004
[0;39m[1;31m 19735 addCodeAndDescendents
[0;39m[1;31m 19735 addCode54329005
[0;39m[1;31m 19735 addCodeAndDescendents
[0;39m[1;31m 19735 addCode703252002
[0;39m[1;31m 19735 addCodeAndDescendents
[0;39m[1;31m 19735 addCode70211005
[0;39m[1;31m 19735 addCodeAndDescendents
[0;39m[1;31m 19735 addCode836294006
[0;39m[1;31m 19735 addCodeAndDescendents
[0;39m[1;31m 19735 addCode59063002
[0;39m[1;31m 19735 addCodeAndDescendents
[0;39m[1;31m 19735 addCode194809007
[0;39m[1;31m 19735 addCodeAndDescendents
[0;39m[1;31m 19735 addCode64627002
[0;39m[1;31m 19735 addCodeAndDescendents
[0;39m[1;31m 19735 addCode73795002
[0;39m[1;31m 19735 addCodeAndDescendents
[0;39m[1;31m 19735 addCode703251009
[0;39m[1;31m 19735 addCodeAndDescendents
[0;39m[1;31m 19735 addCode65547006
[0;39m[1;31m 19735 addCodeAndDescendents
[0;39m[1;31m 19735 addCode836295007
[0;39m[1;31m 19735 addCodeAndDescendents
[0;39m[1;31m 19735 addCode76593002
[0;39m[1;31m 19735 addCodeAndDescendents
[0;39m[1;31m 19735 addCode58612006
[0;39m[1;31m 19735 addCodeAndDescendents
[0;39m[1;31m 19735 addCode70998009
[0;39m[1;31m 19735 addCodeAndDescendents
[0;39m[1;31m 19735 addCode15990001
[0;39m[1;31m 19735 addCodeAndDescendents
[0;39m[1;31m 19735 addCode836293000
[0;39m[1;31m 19735 addCodeAndDescendents
[0;39m[1;31m 19735 addCode79009004
[0;39m[1;31m 19735 addCodeAndDescendents
[0;39m[1;31m 19735 addCode413444003
[0;39m[1;31m 19735 addCodeAndDescendents
[0;39m[1;31m 19735 addCode46701001
[0;39m[1;31m 19735 addCodeAndDescendents
[0;39m[1;31m 19735 addCode194944008
[0;39m[1;31m 19735 addCodeAndDescendents
[0;39m[1;31m 19735 addCode194945009
[0;39m[1;31m 19735 addCodeAndDescendents
[0;39m[1;31m 19735 addCode194946005
[0;39m[1;31m 19735 addCodeAndDescendents
[0;39m[1;31m 19735 addCode194950003
[0;39m[1;31m 19735 addCodeAndDescendents
[0;39m[1;31m 19735 addCode194948006
[0;39m[1;31m 19735 addCodeAndDescendents
[0;39m[1;31m 19735 addCode194942007
[0;39m[1;31m 19735 addCodeAndDescendents
[0;39m[1;31m 19735 addCode30328003
[0;39m[1;31m 19735 addCodeAndDescendents
[0;39m[1;31m 19735 addCode11176009
[0;39m[1;31m 19735 addCodeAndDescendents
[0;39m[1;31m 19735 addCode307140009
[0;39m[1;31m 19735 addCodeAndDescendents
[0;39m[1;31m 19735 addCode233828006
[0;39m[1;31m 19735 addCodeAndDescendents
[0;39m[1;31m 19735 addCode233826005
[0;39m[1;31m 19736 addCodeAndDescendents
[0;39m[1;31m 19736 addCode233830008
[0;39m[1;31m 19736 addCodeAndDescendents
[0;39m[1;31m 19736 addCode233832000
[0;39m[1;31m 19736 addCodeAndDescendents
[0;39m[1;31m 19736 addCode233834004
[0;39m[1;31m 19736 addCodeAndDescendents
[0;39m[1;31m 19736 addCode233837006
[0;39m[1;31m 19736 addCodeAndDescendents
[0;39m[1;31m 19736 addCode401314000
[0;39m[1;31m 19736 addCodeAndDescendents
[0;39m[1;31m 19736 addCode1204154001
[0;39m[1;31m 19736 addCodeAndDescendents
[0;39m[1;31m 19736 addCode1397187007
[0;39m[1;31m 19736 addCodeAndDescendents
[0;39m[1;31m 19736 addCode1204222000
[0;39m[1;31m 19736 addCodeAndDescendents
[0;39m[1;31m 19736 addCode233838001
[0;39m[1;31m 19736 addCodeAndDescendents
[0;39m[1;31m 19736 addCode233827001
[0;39m[1;31m 19736 addCodeAndDescendents
[0;39m[1;31m 19736 addCode233825009
[0;39m[1;31m 19736 addCodeAndDescendents
[0;39m[1;31m 19736 addCode233829003
[0;39m[1;31m 19736 addCodeAndDescendents
[0;39m[1;31m 19736 addCode233831007
[0;39m[1;31m 19736 addCodeAndDescendents
[0;39m[1;31m 19736 addCode233833005
[0;39m[1;31m 19736 addCodeAndDescendents
[0;39m[1;31m 19736 addCode233836002
[0;39m[1;31m 19736 addCodeAndDescendents
[0;39m[1;31m 19736 addCode304914007
[0;39m[1;31m 19736 addCodeAndDescendents
[0;39m[1;31m 19736 addCode194709000
[0;39m[1;31m 19736 addCodeAndDescendents
[0;39m[1;31m 19736 addCode401303003
[0;39m[1;31m 19736 addCodeAndDescendents
[0;39m[1;31m 19736 addCode840316004
[0;39m[1;31m 19736 addCodeAndDescendents
[0;39m[1;31m 19736 addCode44811000087108
[0;39m[1;31m 19736 addCodeAndDescendents
[0;39m[1;31m 19736 addCode15713081000119108
[0;39m[1;31m 19736 addCodeAndDescendents
[0;39m[1;31m 19736 addCode840312002
[0;39m[1;31m 19736 addCodeAndDescendents
[0;39m[1;31m 19736 addCode44821000087100
[0;39m[1;31m 19736 addCodeAndDescendents
[0;39m[1;31m 19736 addCode44831000087103
[0;39m[1;31m 19736 addCodeAndDescendents
[0;39m[1;31m 19736 addCode840609007
[0;39m[1;31m 19736 addCodeAndDescendents
[0;39m[1;31m 19736 addCode896691006
[0;39m[1;31m 19736 addCodeAndDescendents
[0;39m[1;31m 19736 addCode846668006
[0;39m[1;31m 19736 addCodeAndDescendents
[0;39m[1;31m 19736 addCode868217004
[0;39m[1;31m 19736 addCodeAndDescendents
[0;39m[1;31m 19736 addCode846683001
[0;39m[1;31m 19736 addCodeAndDescendents
[0;39m[1;31m 19736 addCode868224003
[0;39m[1;31m 19736 addCodeAndDescendents
[0;39m[1;31m 19736 addCode868220007
[0;39m[1;31m 19736 addCodeAndDescendents
[0;39m[1;31m 19736 addCode868225002
[0;39m[1;31m 19736 addCodeAndDescendents
[0;39m[1;31m 19736 addCode868226001
[0;39m[1;31m 19736 addCodeAndDescendents
[0;39m[1;31m 19736 addCode868214006
[0;39m[1;31m 19736 addCodeAndDescendents
[0;39m[1;31m 19736 addCode840680009
[0;39m[1;31m 19736 addCodeAndDescendents
[0;39m[1;31m 19736 addCode44841000087109
[0;39m[1;31m 19736 addCodeAndDescendents
[0;39m[1;31m 19736 addCode840309000
[0;39m[1;31m 19736 addCodeAndDescendents
[0;39m[1;31m 19736 addCode44851000087107
[0;39m[1;31m 19736 addCodeAndDescendents
[0;39m[1;31m 19736 addCode15713121000119105
[0;39m[1;31m 19736 addCodeAndDescendents
[0;39m[1;31m 19736 addCode285981000119103
[0;39m[1;31m 19736 addCodeAndDescendents
[0;39m[1;31m 19736 addCode15712881000119105
[0;39m[1;31m 19736 addCodeAndDescendents
[0;39m[1;31m 19736 addCode15712961000119108
[0;39m[1;31m 19736 addCodeAndDescendents
[0;39m[1;31m 19736 addCode896696001
[0;39m[1;31m 19736 addCodeAndDescendents
[0;39m[1;31m 19736 addCode15713001000119100
[0;39m[1;31m 19736 addCodeAndDescendents
[0;39m[1;31m 19736 addCode12238111000119106
[0;39m[1;31m 19736 addCodeAndDescendents
[0;39m[1;31m 19736 addCode12238151000119107
[0;39m[1;31m 19736 addCodeAndDescendents
[0;39m[1;31m 19736 addCode15712921000119103
[0;39m[1;31m 19736 addCodeAndDescendents
[0;39m[1;31m 19736 addCode15713041000119103
[0;39m[1;31m 19736 addCodeAndDescendents
[0;39m[1;31m 19736 addCode15713201000119105
[0;39m[1;31m 19736 addCodeAndDescendents
[0;39m[1;31m 19736 addCode15712841000119100
[0;39m[1;31m 19736 addCodeAndDescendents
[0;39m[1;31m 19736 addCode896697005
[0;39m[1;31m 19736 addCodeAndDescendents
[0;39m[1;31m 19736 addCode15713161000119100
[0;39m[1;31m 19736 addCodeAndDescendents
[0;39m[1;31m 19736 addCode70422006
[0;39m[1;31m 19736 addCodeAndDescendents
[0;39m[1;31m 19736 addCode194947001
[0;39m[1;31m 19736 addCodeAndDescendents
[0;39m[1;31m 19736 addCode194949003
[0;39m[1;31m 19736 addCodeAndDescendents
[0;39m[1;31m 19736 addCode233835003
[0;39m[1;31m 19736 addCodeAndDescendents
[0;39m[1;31m 19736 addCode65718001
[0;39m[1;31m 19736 addCodeAndDescendents
[0;39m[1;31m 19736 addCode15960181000119107
[0;39m[1;31m 19736 addCodeAndDescendents
[0;39m[1;31m 19736 addCode180541341000119102
[0;39m[1;31m 19736 addCodeAndDescendents
[0;39m[1;31m 19736 addCode109432004
[0;39m[1;31m 19736 addCodeAndDescendents
[0;39m[1;31m 19736 addCode13453009
[0;39m[1;31m 19736 addCodeAndDescendents
[0;39m[1;31m 19736 addCode88445007
[0;39m[1;31m 19736 addCodeAndDescendents
[0;39m[1;31m 19736 addCode35461000087105
[0;39m[1;31m 19736 addCodeAndDescendents
[0;39m[1;31m 19736 addCode35471000087101
[0;39m[1;31m 19736 addCodeAndDescendents
[0;39m[1;31m 19736 addCode263944006
[0;39m[1;31m 19736 addCodeAndDescendents
[0;39m[1;31m 19736 addCode738011000168103
[0;39m[1;31m 19736 addCodeAndDescendents
[0;39m[1;31m 19736 addCode35501000087105
[0;39m[1;31m 19736 addCodeAndDescendents
[0;39m[1;31m 19736 addCode35511000087107
[0;39m[1;31m 19736 addCodeAndDescendents
[0;39m[1;31m 19736 addCode1142068008
[0;39m[1;31m 19736 addCodeAndDescendents
[0;39m[1;31m 19736 addCode1142122008
[0;39m[1;31m 19736 addCodeAndDescendents
[0;39m[1;31m 19736 addCode1142066007
[0;39m[1;31m 19736 addCodeAndDescendents
[0;39m[1;31m 19736 addCode1142064005
[0;39m[1;31m 19736 addCodeAndDescendents
[0;39m[1;31m 19736 addCode1142103004
[0;39m[1;31m 19736 addCodeAndDescendents
[0;39m[1;31m 19736 addCode1204194004
[0;39m[1;31m 19736 addCodeAndDescendents
[0;39m[1;31m 19736 addCode1204192000
[0;39m[1;31m 19736 addCodeAndDescendents
[0;39m[1;31m 19736 addCode35521000087104
[0;39m[1;31m 19736 addCodeAndDescendents
[0;39m[1;31m 19736 addCode880040003
[0;39m[1;31m 19736 addCodeAndDescendents
[0;39m[1;31m 19736 addCode253528005
[0;39m[1;31m 19736 addCodeAndDescendents
[0;39m[1;31m 19736 addCode698592004
[0;39m[1;31m 19736 addCodeAndDescendents
[0;39m[1;31m 19736 addCode233917008
[0;39m[1;31m 19736 addCodeAndDescendents
[0;39m[1;31m 19736 addCode472809000
[0;39m[1;31m 19736 addCodeAndDescendents
[0;39m[1;31m 19736 addCode1142121001
[0;39m[1;31m 19736 addCodeAndDescendents
[0;39m[1;31m 19736 addCode735685003
[0;39m[1;31m 19736 addCodeAndDescendents
[0;39m[1;31m 19736 addCode1142118003
[0;39m[1;31m 19736 addCodeAndDescendents
[0;39m[1;31m 19736 addCode1142119006
[0;39m[1;31m 19736 addCodeAndDescendents
[0;39m[1;31m 19736 addCode1142117008
[0;39m[1;31m 19736 addCodeAndDescendents
[0;39m[1;31m 19736 addCode251163000
[0;39m[1;31m 19736 addCodeAndDescendents
[0;39m[1;31m 19736 addCode251165007
[0;39m[1;31m 19736 addCodeAndDescendents
[0;39m[1;31m 19736 addCode11849007
[0;39m[1;31m 19736 addCodeAndDescendents
[0;39m[1;31m 19736 addCode88412007
[0;39m[1;31m 19736 addCodeAndDescendents
[0;39m[1;31m 19736 addCode251162005
[0;39m[1;31m 19736 addCodeAndDescendents
[0;39m[1;31m 19736 addCode64043005
[0;39m[1;31m 19736 addCodeAndDescendents
[0;39m[1;31m 19736 addCode92238001
[0;39m[1;31m 19736 addCodeAndDescendents
[0;39m[1;31m 19736 addCode61179004
[0;39m[1;31m 19736 addCodeAndDescendents
[0;39m[1;31m 19736 addCode195025008
[0;39m[1;31m 19736 addCodeAndDescendents
[0;39m[1;31m 19736 addCode85898001
[0;39m[1;31m 19736 addCodeAndDescendents
[0;39m[1;31m 19736 addCode720610008
[0;39m[1;31m 19736 addCodeAndDescendents
[0;39m[1;31m 19736 addCode195029002
[0;39m[1;31m 19736 addCodeAndDescendents
[0;39m[1;31m 19736 addCode16228931000119102
[0;39m[1;31m 19736 addCodeAndDescendents
[0;39m[1;31m 19736 addCode713523008
[0;39m[1;31m 19736 addCodeAndDescendents
[0;39m[1;31m 19736 addCode860837007
[0;39m[1;31m 19736 addCodeAndDescendents
[0;39m[1;31m 19736 addCode119731000146105
[0;39m[1;31m 19736 addCodeAndDescendents
[0;39m[1;31m 19736 addCode788878000
[0;39m[1;31m 19736 addCodeAndDescendents
[0;39m[1;31m 19736 addCode1086051000119107
[0;39m[1;31m 19736 addCodeAndDescendents
[0;39m[1;31m 19736 addCode108701000119102
[0;39m[1;31m 19736 addCodeAndDescendents
[0;39m[1;31m 19736 addCode195027000
[0;39m[1;31m 19736 addCodeAndDescendents
[0;39m[1;31m 19736 addCode471846004
[0;39m[1;31m 19736 addCodeAndDescendents
[0;39m[1;31m 19736 addCode860839005
[0;39m[1;31m 19736 addCodeAndDescendents
[0;39m[1;31m 19736 addCode204981000119101
[0;39m[1;31m 19736 addCodeAndDescendents
[0;39m[1;31m 19736 addCode315608004
[0;39m[1;31m 19736 addCodeAndDescendents
[0;39m[1;31m 19736 addCode195030007
[0;39m[1;31m 19736 addCodeAndDescendents
[0;39m[1;31m 19736 addCode195031006
[0;39m[1;31m 19736 addCodeAndDescendents
[0;39m[1;31m 19736 addCode720609003
[0;39m[1;31m 19736 addCodeAndDescendents
[0;39m[1;31m 19736 addCode863954001
[0;39m[1;31m 19736 addCodeAndDescendents
[0;39m[1;31m 19736 addCode45093008
[0;39m[1;31m 19736 addCodeAndDescendents
[0;39m[1;31m 19737 addCode679363171000119109
[0;39m[1;31m 19737 addCodeAndDescendents
[0;39m[1;31m 19737 addCode233880002
[0;39m[1;31m 19737 addCodeAndDescendents
[0;39m[1;31m 19737 addCode413844008
[0;39m[1;31m 19737 addCodeAndDescendents
[0;39m[1;31m 19737 addCode61012002
[0;39m[1;31m 19737 addCodeAndDescendents
[0;39m[1;31m 19737 addCode756003
[0;39m[1;31m 19737 addCodeAndDescendents
[0;39m[1;31m 19737 addCode430396006
[0;39m[1;31m 19737 addCodeAndDescendents
[0;39m[1;31m 19737 addCode725416005
[0;39m[1;31m 19737 addCodeAndDescendents
[0;39m[1;31m 19737 addCode50275009
[0;39m[1;31m 19737 addCodeAndDescendents
[0;39m[1;31m 19737 addCode775908005
[0;39m[1;31m 19737 addCodeAndDescendents
[0;39m[1;31m 19737 addCode1173036000
[0;39m[1;31m 19737 addCodeAndDescendents
[0;39m[1;31m 19737 addCode27885002
[0;39m[1;31m 19737 addCodeAndDescendents
[0;39m[1;31m 19737 addCode102451000119107
[0;39m[1;31m 19737 addCodeAndDescendents
[0;39m[1;31m 19737 addCode448073002
[0;39m[1;31m 19737 addCodeAndDescendents
[0;39m[1;31m 19737 addCode253392000
[0;39m[1;31m 19737 addCodeAndDescendents
[0;39m[1;31m 19737 addCode204394002
[0;39m[1;31m 19737 addCodeAndDescendents
[0;39m[1;31m 19737 addCode717812000
[0;39m[1;31m 19737 addCodeAndDescendents
[0;39m[1;31m 19737 addCode204383001
[0;39m[1;31m 19737 addCodeAndDescendents
[0;39m[1;31m 19737 addCode204384007
[0;39m[1;31m 19737 addCodeAndDescendents
[0;39m[1;31m 19737 addCode399020009
[0;39m[1;31m 19737 addCodeAndDescendents
[0;39m[1;31m 19737 addCode233871002
[0;39m[1;31m 19737 addCodeAndDescendents
[0;39m[1;31m 19737 addCode37217002
[0;39m[1;31m 19737 addCodeAndDescendents
[0;39m[1;31m 19737 addCode27097002
[0;39m[1;31m 19737 addCodeAndDescendents
[0;39m[1;31m 19737 addCode419097006
[0;39m[1;31m 19737 addCodeAndDescendents
[0;39m[1;31m 19737 addCode702424003
[0;39m[1;31m 19737 addCodeAndDescendents
[0;39m[1;31m 19737 addCode1234750000
[0;39m[1;31m 19737 addCodeAndDescendents
[0;39m[1;31m 19737 addCode880042006
[0;39m[1;31m 19737 addCodeAndDescendents
[0;39m[1;31m 19737 addCode72972005
[0;39m[1;31m 19737 addCodeAndDescendents
[0;39m[1;31m 19737 addCode12563008
[0;39m[1;31m 19737 addCodeAndDescendents
[0;39m[1;31m 19737 addCode54830008
[0;39m[1;31m 19737 addCodeAndDescendents
[0;39m[1;31m 19737 addCode880014009
[0;39m[1;31m 19737 addCodeAndDescendents
[0;39m[1;31m 19737 addCode46696008
[0;39m[1;31m 19737 addCodeAndDescendents
[0;39m[1;31m 19737 addCode1149109001
[0;39m[1;31m 19737 addCodeAndDescendents
[0;39m[1;31m 19737 addCode60514000
[0;39m[1;31m 19737 addCodeAndDescendents
[0;39m[1;31m 19737 addCode50270004
[0;39m[1;31m 19737 addCodeAndDescendents
[0;39m[1;31m 19737 addCode44630002
[0;39m[1;31m 19737 addCodeAndDescendents
[0;39m[1;31m 19737 addCode39693003
[0;39m[1;31m 19737 addCodeAndDescendents
[0;39m[1;31m 19737 addCode8209004
[0;39m[1;31m 19737 addCodeAndDescendents
[0;39m[1;31m 19737 addCode86194008
[0;39m[1;31m 19737 addCodeAndDescendents
[0;39m[1;31m 19737 addCode64749001
[0;39m[1;31m 19737 addCodeAndDescendents
[0;39m[1;31m 19737 addCode880038008
[0;39m[1;31m 19737 addCodeAndDescendents
[0;39m[1;31m 19737 addCode74249003
[0;39m[1;31m 19737 addCodeAndDescendents
[0;39m[1;31m 19737 addCode111285003
[0;39m[1;31m 19737 addCodeAndDescendents
[0;39m[1;31m 19737 addCode871639003
[0;39m[1;31m 19737 addCodeAndDescendents
[0;39m[1;31m 19737 addCode86995005
[0;39m[1;31m 19737 addCodeAndDescendents
[0;39m[1;31m 19737 addCode28869005
[0;39m[1;31m 19737 addCodeAndDescendents
[0;39m[1;31m 19737 addCode2816000
[0;39m[1;31m 19737 addCodeAndDescendents
[0;39m[1;31m 19737 addCode79152002
[0;39m[1;31m 19737 addCodeAndDescendents
[0;39m[1;31m 19737 addCode84733009
[0;39m[1;31m 19737 addCodeAndDescendents
[0;39m[1;31m 19737 addCode1153452008
[0;39m[1;31m 19737 addCodeAndDescendents
[0;39m[1;31m 19737 addCode11104006
[0;39m[1;31m 19737 addCodeAndDescendents
[0;39m[1;31m 19737 addCode91604001
[0;39m[1;31m 19737 addCodeAndDescendents
[0;39m[1;31m 19737 addCode40532006
[0;39m[1;31m 19737 addCodeAndDescendents
[0;39m[1;31m 19737 addCode21430002
[0;39m[1;31m 19737 addCodeAndDescendents
[0;39m[1;31m 19737 addCode6022005
[0;39m[1;31m 19737 addCodeAndDescendents
[0;39m[1;31m 19737 addCode1264404009
[0;39m[1;31m 19737 addCodeAndDescendents
[0;39m[1;31m 19737 addCode36471000
[0;39m[1;31m 19737 addCodeAndDescendents
[0;39m[1;31m 19737 addCode35719004
[0;39m[1;31m 19737 addCodeAndDescendents
[0;39m[1;31m 19737 addCode413995009
[0;39m[1;31m 19737 addCodeAndDescendents
[0;39m[1;31m 19737 addCode30496006
[0;39m[1;31m 19737 addCodeAndDescendents
[0;39m[1;31m 19737 addCode58629009
[0;39m[1;31m 19737 addCodeAndDescendents
[0;39m[1;31m 19737 addCode58911001
[0;39m[1;31m 19737 addCodeAndDescendents
[0;39m[1;31m 19737 addCode413994008
[0;39m[1;31m 19737 addCodeAndDescendents
[0;39m[1;31m 19737 addCode471890009
[0;39m[1;31m 19737 addCodeAndDescendents
[0;39m[1;31m 19737 addCode719451006
[0;39m[1;31m 19737 addCodeAndDescendents
[0;39m[1;31m 19737 addCode16253001
[0;39m[1;31m 19737 addCodeAndDescendents
[0;39m[1;31m 19737 addCode26117009
[0;39m[1;31m 19737 addCodeAndDescendents
[0;39m[1;31m 19737 addCode472322002
[0;39m[1;31m 19737 addCodeAndDescendents
[0;39m[1;31m 19737 addCode471851005
[0;39m[1;31m 19737 addCodeAndDescendents
[0;39m[1;31m 19737 addCode471863000
[0;39m[1;31m 19737 addCodeAndDescendents
[0;39m[1;31m 19737 addCode66595008
[0;39m[1;31m 19737 addCodeAndDescendents
[0;39m[1;31m 19737 addCode473365008
[0;39m[1;31m 19737 addCodeAndDescendents
[0;39m[1;31m 19737 addCode460599007
[0;39m[1;31m 19737 addCodeAndDescendents
[0;39m[1;31m 19737 addCode195032004
[0;39m[1;31m 19737 addCodeAndDescendents
[0;39m[1;31m 19737 addCode233895000
[0;39m[1;31m 19737 addCodeAndDescendents
[0;39m[1;31m 19737 addCode763280005
[0;39m[1;31m 19737 addCodeAndDescendents
[0;39m[1;31m 19737 addCode8254003
[0;39m[1;31m 19737 addCodeAndDescendents
[0;39m[1;31m 19737 addCode398716006
[0;39m[1;31m 19737 addCodeAndDescendents
[0;39m[1;31m 19738 addCode427372006
[0;39m[1;31m 19738 addCodeAndDescendents
[0;39m[1;31m 19738 addCode1179293006
[0;39m[1;31m 19738 addCodeAndDescendents
[0;39m[1;31m 19738 addCode35728003
[0;39m[1;31m 19738 addCodeAndDescendents
[0;39m[1;31m 19738 addCode766883006
[0;39m[1;31m 19738 addCodeAndDescendents
[0;39m[1;31m 19738 addCode715865008
[0;39m[1;31m 19738 addCodeAndDescendents
[0;39m[1;31m 19738 addCode233878008
[0;39m[1;31m 19738 addCodeAndDescendents
[0;39m[1;31m 19738 addCode1230303001
[0;39m[1;31m 19738 addCodeAndDescendents
[0;39m[1;31m 19738 addCode472319004
[0;39m[1;31m 19738 addCodeAndDescendents
[0;39m[1;31m 19738 addCode9909003
[0;39m[1;31m 19738 addCodeAndDescendents
[0;39m[1;31m 19738 addCode472776004
[0;39m[1;31m 19738 addCodeAndDescendents
[0;39m[1;31m 19738 addCode472323007
[0;39m[1;31m 19738 addCodeAndDescendents
[0;39m[1;31m 19738 addCode472327008
[0;39m[1;31m 19738 addCodeAndDescendents
[0;39m[1;31m 19738 addCode462174007
[0;39m[1;31m 19738 addCodeAndDescendents
[0;39m[1;31m 19738 addCode472324001
[0;39m[1;31m 19738 addCodeAndDescendents
[0;39m[1;31m 19738 addCode472326004
[0;39m[1;31m 19738 addCodeAndDescendents
[0;39m[1;31m 19738 addCode704241002
[0;39m[1;31m 19738 addCodeAndDescendents
[0;39m[1;31m 19738 addCode472325000
[0;39m[1;31m 19738 addCodeAndDescendents
[0;39m[1;31m 19738 addCode472775000
[0;39m[1;31m 19738 addCodeAndDescendents
[0;39m[1;31m 19738 addCode472707009
[0;39m[1;31m 19738 addCodeAndDescendents
[0;39m[1;31m 19738 addCode472774001
[0;39m[1;31m 19738 addCodeAndDescendents
[0;39m[1;31m 19738 addCode472773007
[0;39m[1;31m 19738 addCodeAndDescendents
[0;39m[1;31m 19738 addCode488007
[0;39m[1;31m 19738 addCodeAndDescendents
[0;39m[1;31m 19738 addCode370513009
[0;39m[1;31m 19738 addCodeAndDescendents
[0;39m[1;31m 19738 addCode270492004
[0;39m[1;31m 19738 addCodeAndDescendents
[0;39m[1;31m 19738 addCode394710008
[0;39m[1;31m 19738 addCodeAndDescendents
[0;39m[1;31m 19738 addCode233868005
[0;39m[1;31m 19738 addCodeAndDescendents
[0;39m[1;31m 19738 addCode253412003
[0;39m[1;31m 19738 addCodeAndDescendents
[0;39m[1;31m 19738 addCode253393005
[0;39m[1;31m 19738 addCodeAndDescendents
[0;39m[1;31m 19738 addCode194849004
[0;39m[1;31m 19738 addCodeAndDescendents
[0;39m[1;31m 19738 addCode60812006
[0;39m[1;31m 19738 addCodeAndDescendents
[0;39m[1;31m 19738 addCode725027004
[0;39m[1;31m 19738 addCodeAndDescendents
[0;39m[1;31m 19738 addCode1052287002
[0;39m[1;31m 19738 addCodeAndDescendents
[0;39m[1;31m 19738 addCode27277001
[0;39m[1;31m 19738 addCodeAndDescendents
[0;39m[1;31m 19738 addCode721014007
[0;39m[1;31m 19738 addCodeAndDescendents
[0;39m[1;31m 19738 addCode281093002
[0;39m[1;31m 19738 addCodeAndDescendents
[0;39m[1;31m 19738 addCode284941000119107
[0;39m[1;31m 19738 addCodeAndDescendents
[0;39m[1;31m 19738 addCode472317002
[0;39m[1;31m 19738 addCodeAndDescendents
[0;39m[1;31m 19738 addCode460500001
[0;39m[1;31m 19738 addCodeAndDescendents
[0;39m[1;31m 19738 addCode233873004
[0;39m[1;31m 19738 addCodeAndDescendents
[0;39m[1;31m 19738 addCode771509001
[0;39m[1;31m 19738 addCodeAndDescendents
[0;39m[1;31m 19738 addCode890122001
[0;39m[1;31m 19738 addCodeAndDescendents
[0;39m[1;31m 19738 addCode890119003
[0;39m[1;31m 19738 addCodeAndDescendents
[0;39m[1;31m 19738 addCode871638006
[0;39m[1;31m 19738 addCodeAndDescendents
[0;39m[1;31m 19738 addCode890121008
[0;39m[1;31m 19738 addCodeAndDescendents
[0;39m[1;31m 19738 addCode871649000
[0;39m[1;31m 19738 addCodeAndDescendents
[0;39m[1;31m 19738 addCode890120009
[0;39m[1;31m 19738 addCodeAndDescendents
[0;39m[1;31m 19738 addCode471885006
[0;39m[1;31m 19738 addCodeAndDescendents
[0;39m[1;31m 19738 addCode718713000
[0;39m[1;31m 19738 addCodeAndDescendents
[0;39m[1;31m 19738 addCode195020003
[0;39m[1;31m 19738 addCodeAndDescendents
[0;39m[1;31m 19738 addCode472316006
[0;39m[1;31m 19738 addCodeAndDescendents
[0;39m[1;31m 19738 addCode472318007
[0;39m[1;31m 19738 addCodeAndDescendents
[0;39m[1;31m 19738 addCode45227007
[0;39m[1;31m 19738 addCodeAndDescendents
[0;39m[1;31m 19738 addCode406428006
[0;39m[1;31m 19738 addCodeAndDescendents
[0;39m[1;31m 19738 addCode449353008
[0;39m[1;31m 19738 addCodeAndDescendents
[0;39m[1;31m 19738 addCode448966009
[0;39m[1;31m 19738 addCodeAndDescendents
[0;39m[1;31m 19738 addCode253413008
[0;39m[1;31m 19738 addCodeAndDescendents
[0;39m[1;31m 19738 addCode253394004
[0;39m[1;31m 19738 addCodeAndDescendents
[0;39m[1;31m 19738 addCode69730002
[0;39m[1;31m 19738 addCodeAndDescendents
[0;39m[1;31m 19738 addCode91025000
[0;39m[1;31m 19738 addCodeAndDescendents
[0;39m[1;31m 19738 addCode77221000
[0;39m[1;31m 19738 addCodeAndDescendents
[0;39m[1;31m 19738 addCode771513008
[0;39m[1;31m 19738 addCodeAndDescendents
[0;39m[1;31m 19738 addCode723865005
[0;39m[1;31m 19738 addCodeAndDescendents
[0;39m[1;31m 19738 addCode738061000168100
[0;39m[1;31m 19738 addCodeAndDescendents
[0;39m[1;31m 19738 addCode35541000087108
[0;39m[1;31m 19738 addCodeAndDescendents
[0;39m[1;31m 19738 addCode35551000087106
[0;39m[1;31m 19738 addCodeAndDescendents
[0;39m[1;31m 19738 addCode35561000087109
[0;39m[1;31m 19738 addCodeAndDescendents
[0;39m[1;31m 19738 addCode871646007
[0;39m[1;31m 19738 addCodeAndDescendents
[0;39m[1;31m 19738 addCode471841009
[0;39m[1;31m 19738 addCodeAndDescendents
[0;39m[1;31m 19738 addCode1177176009
[0;39m[1;31m 19738 addCodeAndDescendents
[0;39m[1;31m 19738 addCode251114004
[0;39m[1;31m 19738 addCodeAndDescendents
[0;39m[1;31m 19738 addCode37925008
[0;39m[1;31m 19738 addCodeAndDescendents
[0;39m[1;31m 19738 addCode426856002
[0;39m[1;31m 19738 addCodeAndDescendents
[0;39m[1;31m 19738 addCode472100003
[0;39m[1;31m 19738 addCodeAndDescendents
[0;39m[1;31m 19738 addCode281091000
[0;39m[1;31m 19738 addCodeAndDescendents
[0;39m[1;31m 19738 addCode266238009
[0;39m[1;31m 19738 addCodeAndDescendents
[0;39m[1;31m 19738 addCode55482007
[0;39m[1;31m 19738 addCodeAndDescendents
[0;39m[1;31m 19738 addCode47830009
[0;39m[1;31m 19738 addCodeAndDescendents
[0;39m[1;31m 19738 addCode81681009
[0;39m[1;31m 19738 addCodeAndDescendents
[0;39m[1;31m 19738 addCode50855007
[0;39m[1;31m 19738 addCodeAndDescendents
[0;39m[1;31m 19738 addCode46939000
[0;39m[1;31m 19738 addCodeAndDescendents
[0;39m[1;31m 19738 addCode35491000087102
[0;39m[1;31m 19738 addCodeAndDescendents
[0;39m[1;31m 19738 addCode429589006
[0;39m[1;31m 19738 addCodeAndDescendents
[0;39m[1;31m 19738 addCode395704004
[0;39m[1;31m 19738 addCodeAndDescendents
[0;39m[1;31m 19738 addCode447935001
[0;39m[1;31m 19738 addCodeAndDescendents
[0;39m[1;31m 19738 addCode134401001
[0;39m[1;31m 19738 addCodeAndDescendents
[0;39m[1;31m 19738 addCode1172839002
[0;39m[1;31m 19738 addCodeAndDescendents
[0;39m[1;31m 19738 addCode427443009
[0;39m[1;31m 19738 addCodeAndDescendents
[0;39m[1;31m 19738 addCode1187642008
[0;39m[1;31m 19738 addCodeAndDescendents
[0;39m[1;31m 19738 addCode363437005
[0;39m[1;31m 19738 addCodeAndDescendents
[0;39m[1;31m 19738 addCode724173009
[0;39m[1;31m 19738 addCodeAndDescendents
[0;39m[1;31m 19738 addCode1187635008
[0;39m[1;31m 19738 addCodeAndDescendents
[0;39m[1;31m 19738 addCode472320005
[0;39m[1;31m 19739 addCodeAndDescendents
[0;39m[1;31m 19739 addCode74918002
[0;39m[1;31m 19739 addCodeAndDescendents
[0;39m[1;31m 19739 addCode91468009
[0;39m[1;31m 19739 addCodeAndDescendents
[0;39m[1;31m 19739 addCode94433008
[0;39m[1;31m 19739 addCodeAndDescendents
[0;39m[1;31m 19739 addCode719380003
[0;39m[1;31m 19739 addCodeAndDescendents
[0;39m[1;31m 19739 addCode42531007
[0;39m[1;31m 19739 addCodeAndDescendents
[0;39m[1;31m 19739 addCode697976003
[0;39m[1;31m 19739 addCodeAndDescendents
[0;39m[1;31m 19739 addCode472315005
[0;39m[1;31m 19739 addCodeAndDescendents
[0;39m[1;31m 19739 addCode771478008
[0;39m[1;31m 19739 addCodeAndDescendents
[0;39m[1;31m 19739 addCode253410006
[0;39m[1;31m 19739 addCodeAndDescendents
[0;39m[1;31m 19739 addCode266252006
[0;39m[1;31m 19739 addCodeAndDescendents
[0;39m[1;31m 19739 addCode266250003
[0;39m[1;31m 19739 addCodeAndDescendents
[0;39m[1;31m 19739 addCode428196007
[0;39m[1;31m 19739 addCodeAndDescendents
[0;39m[1;31m 19739 addCode54016002
[0;39m[1;31m 19739 addCodeAndDescendents
[0;39m[1;31m 19739 addCode28189009
[0;39m[1;31m 19739 addCodeAndDescendents
[0;39m[1;31m 19739 addCode1389265004
[0;39m[1;31m 19739 addCodeAndDescendents
[0;39m[1;31m 19739 addCode448844001
[0;39m[1;31m 19739 addCodeAndDescendents
[0;39m[1;31m 19739 addCode63462008
[0;39m[1;31m 19739 addCodeAndDescendents
[0;39m[1;31m 19739 addCode424045003
[0;39m[1;31m 19739 addCodeAndDescendents
[0;39m[1;31m 19739 addCode64077000
[0;39m[1;31m 19739 addCodeAndDescendents
[0;39m[1;31m 19739 addCode57809008
[0;39m[1;31m 19739 addCodeAndDescendents
[0;39m[1;31m 19739 addCode233928007
[0;39m[1;31m 19739 addCodeAndDescendents
[0;39m[1;31m 19739 addCode1204460007
[0;39m[1;31m 19739 addCodeAndDescendents
[0;39m[1;31m 19739 addCode22298006
[0;39m[1;31m 19739 addCodeAndDescendents
[0;39m[1;31m 19739 addCode726499301000119105
[0;39m[1;31m 19739 addCodeAndDescendents
[0;39m[1;31m 19739 addCode466635291000119109
[0;39m[1;31m 19739 addCodeAndDescendents
[0;39m[1;31m 19739 addCode16837681000119104
[0;39m[1;31m 19739 addCodeAndDescendents
[0;39m[1;31m 19739 addCode16837721000119105
[0;39m[1;31m 19739 addCodeAndDescendents
[0;39m[1;31m 19739 addCode1371148009
[0;39m[1;31m 19739 addCodeAndDescendents
[0;39m[1;31m 19739 addCode418044006
[0;39m[1;31m 19739 addCodeAndDescendents
[0;39m[1;31m 19739 addCode879955009
[0;39m[1;31m 19739 addCodeAndDescendents
[0;39m[1;31m 19739 addCode414795007
[0;39m[1;31m 19739 addCodeAndDescendents
[0;39m[1;31m 19739 addCode1366348003
[0;39m[1;31m 19739 addCodeAndDescendents
[0;39m[1;31m 19739 addCode10971000087107
[0;39m[1;31m 19739 addCodeAndDescendents
[0;39m[1;31m 19739 addCode35481000087104
[0;39m[1;31m 19739 addCodeAndDescendents
[0;39m[1;31m 19739 addCode301122000
[0;39m[1;31m 19739 addCodeAndDescendents
[0;39m[1;31m 19739 addCode251061000
[0;39m[1;31m 19739 addCodeAndDescendents
[0;39m[1;31m 19739 addCode50920009
[0;39m[1;31m 19739 addCodeAndDescendents
[0;39m[1;31m 19739 addCode460338001
[0;39m[1;31m 19739 addCodeAndDescendents
[0;39m[1;31m 19739 addCode460620006
[0;39m[1;31m 19739 addCodeAndDescendents
[0;39m[1;31m 19739 addCode460329003
[0;39m[1;31m 19739 addCodeAndDescendents
[0;39m[1;31m 19739 addCode72527006
[0;39m[1;31m 19739 addCodeAndDescendents
[0;39m[1;31m 19739 addCode460345001
[0;39m[1;31m 19739 addCodeAndDescendents
[0;39m[1;31m 19739 addCode142951000119106
[0;39m[1;31m 19739 addCodeAndDescendents
[0;39m[1;31m 19739 addCode10629351000119108
[0;39m[1;31m 19739 addCodeAndDescendents
[0;39m[1;31m 19739 addCode78046005
[0;39m[1;31m 19739 addCodeAndDescendents
[0;39m[1;31m 19739 addCode88782004
[0;39m[1;31m 19739 addCodeAndDescendents
[0;39m[1;31m 19739 addCode79096004
[0;39m[1;31m 19739 addCodeAndDescendents
[0;39m[1;31m 19739 addCode460317007
[0;39m[1;31m 19739 addCodeAndDescendents
[0;39m[1;31m 19739 addCode460352004
[0;39m[1;31m 19739 addCodeAndDescendents
[0;39m[1;31m 19739 addCode713318009
[0;39m[1;31m 19739 addCodeAndDescendents
[0;39m[1;31m 19739 addCode76534005
[0;39m[1;31m 19739 addCodeAndDescendents
[0;39m[1;31m 19739 addCode871640001
[0;39m[1;31m 19739 addCodeAndDescendents
[0;39m[1;31m 19739 addCode871587002
[0;39m[1;31m 19739 addCodeAndDescendents
[0;39m[1;31m 19739 addCode55087008
[0;39m[1;31m 19739 addCodeAndDescendents
[0;39m[1;31m 19739 addCode870301007
[0;39m[1;31m 19739 addCodeAndDescendents
[0;39m[1;31m 19739 addCode1240531000000103
[0;39m[1;31m 19739 addCodeAndDescendents
[0;39m[1;31m 19739 addCode8676001
[0;39m[1;31m 19739 addCodeAndDescendents
[0;39m[1;31m 19739 addCode1208897003
[0;39m[1;31m 19739 addCodeAndDescendents
[0;39m[1;31m 19739 addCode22653005
[0;39m[1;31m 19739 addCodeAndDescendents
[0;39m[1;31m 19739 addCode880012008
[0;39m[1;31m 19739 addCodeAndDescendents
[0;39m[1;31m 19739 addCode1089931000119105
[0;39m[1;31m 19739 addCodeAndDescendents
[0;39m[1;31m 19739 addCode421929001
[0;39m[1;31m 19739 addCodeAndDescendents
[0;39m[1;31m 19739 addCode723863003
[0;39m[1;31m 19739 addCodeAndDescendents
[0;39m[1;31m 19739 addCode715535009
[0;39m[1;31m 19739 addCodeAndDescendents
[0;39m[1;31m 19739 addCode194943002
[0;39m[1;31m 19739 addCodeAndDescendents
[0;39m[1;31m 19739 addCode413933004
[0;39m[1;31m 19739 addCodeAndDescendents
[0;39m[1;31m 19739 addCode1186718008
[0;39m[1;31m 19739 addCodeAndDescendents
[0;39m[1;31m 19739 addCode276516009
[0;39m[1;31m 19739 addCodeAndDescendents
[0;39m[1;31m 19739 addCode126732009
[0;39m[1;31m 19739 addCodeAndDescendents
[0;39m[1;31m 19739 addCode94954008
[0;39m[1;31m 19739 addCodeAndDescendents
[0;39m[1;31m 19739 addCode314207007
[0;39m[1;31m 19739 addCodeAndDescendents
[0;39m[1;31m 19739 addCode111000119104
[0;39m[1;31m 19739 addCodeAndDescendents
[0;39m[1;31m 19739 addCode69609002
[0;39m[1;31m 19739 addCodeAndDescendents
[0;39m[1;31m 19739 addCode39260000
[0;39m[1;31m 19739 addCodeAndDescendents
[0;39m[1;31m 19739 addCode233839009
[0;39m[1;31m 19739 addCodeAndDescendents
[0;39m[1;31m 19739 addCode35431000087103
[0;39m[1;31m 19739 addCodeAndDescendents
[0;39m[1;31m 19739 addCode35411000087108
[0;39m[1;31m 19739 addCodeAndDescendents
[0;39m[1;31m 19739 addCode35401000087106
[0;39m[1;31m 19739 addCodeAndDescendents
[0;39m[1;31m 19739 addCode35441000087109
[0;39m[1;31m 19739 addCodeAndDescendents
[0;39m[1;31m 19739 addCode35451000087107
[0;39m[1;31m 19739 addCodeAndDescendents
[0;39m[1;31m 19739 addCode233840006
[0;39m[1;31m 19739 addCodeAndDescendents
[0;39m[1;31m 19739 addCode35421000087100
[0;39m[1;31m 19739 addCodeAndDescendents
[0;39m[1;31m 19739 addCode233841005
[0;39m[1;31m 19739 addCodeAndDescendents
[0;39m[1;31m 19739 addCode1755008
[0;39m[1;31m 19739 addCodeAndDescendents
[0;39m[1;31m 19739 addCode233842003
[0;39m[1;31m 19739 addCodeAndDescendents
[0;39m[1;31m 19739 addCode1142204001
[0;39m[1;31m 19739 addCodeAndDescendents
[0;39m[1;31m 19739 addCode1142120000
[0;39m[1;31m 19739 addCodeAndDescendents
[0;39m[1;31m 19739 addCode471870000
[0;39m[1;31m 19739 addCodeAndDescendents
[0;39m[1;31m 19739 addCode253391007
[0;39m[1;31m 19739 addCodeAndDescendents
[0;39m[1;31m 19739 addCode233869002
[0;39m[1;31m 19739 addCodeAndDescendents
[0;39m[1;31m 19739 addCode195071001
[0;39m[1;31m 19739 addCodeAndDescendents
[0;39m[1;31m 19739 addCode195072008
[0;39m[1;31m 19739 addCodeAndDescendents
[0;39m[1;31m 19739 addCode195039008
[0;39m[1;31m 19739 addCodeAndDescendents
[0;39m[1;31m 19739 addCode32574007
[0;39m[1;31m 19739 addCodeAndDescendents
[0;39m[1;31m 19739 addCode233904005
[0;39m[1;31m 19739 addCodeAndDescendents
[0;39m[1;31m 19739 addCode774148007
[0;39m[1;31m 19739 addCodeAndDescendents
[0;39m[1;31m 19739 addCode233860003
[0;39m[1;31m 19739 addCodeAndDescendents
[0;39m[1;31m 19739 addCode233875006
[0;39m[1;31m 19740 addCodeAndDescendents
[0;39m[1;31m 19740 addCode35581000087103
[0;39m[1;31m 19740 addCodeAndDescendents
[0;39m[1;31m 19740 addCode35571000087100
[0;39m[1;31m 19740 addCodeAndDescendents
[0;39m[1;31m 19740 addCode264162009
[0;39m[1;31m 19740 addCodeAndDescendents
[0;39m[1;31m 19740 addCode1163440003
[0;39m[1;31m 19740 addCodeAndDescendents
[0;39m[1;31m 19740 addCode284951000119109
[0;39m[1;31m 19740 addCodeAndDescendents
[0;39m[1;31m 19740 addCode233918003
[0;39m[1;31m 19740 addCodeAndDescendents
[0;39m[1;31m 19740 addCode129574000
[0;39m[1;31m 19740 addCodeAndDescendents
[0;39m[1;31m 19740 addCode311796008
[0;39m[1;31m 19740 addCodeAndDescendents
[0;39m[1;31m 19740 addCode311792005
[0;39m[1;31m 19740 addCodeAndDescendents
[0;39m[1;31m 19740 addCode311793000
[0;39m[1;31m 19740 addCodeAndDescendents
[0;39m[1;31m 19740 addCode62377009
[0;39m[1;31m 19740 addCodeAndDescendents
[0;39m[1;31m 19740 addCode89461002
[0;39m[1;31m 19740 addCodeAndDescendents
[0;39m[1;31m 19740 addCode195021004
[0;39m[1;31m 19740 addCodeAndDescendents
[0;39m[1;31m 19740 addCode68602002
[0;39m[1;31m 19740 addCodeAndDescendents
[0;39m[1;31m 19740 addCode42099002
[0;39m[1;31m 19740 addCodeAndDescendents
[0;39m[1;31m 19740 addCode53703001
[0;39m[1;31m 19740 addCodeAndDescendents
[0;39m[1;31m 19740 addCode33258008
[0;39m[1;31m 19740 addCodeAndDescendents
[0;39m[1;31m 19740 addCode52029003
[0;39m[1;31m 19740 addCodeAndDescendents
[0;39m[1;31m 19740 addCode83978005
[0;39m[1;31m 19740 addCodeAndDescendents
[0;39m[1;31m 19740 addCode700065003
[0;39m[1;31m 19740 addCodeAndDescendents
[0;39m[1;31m 19740 addCode53043001
[0;39m[1;31m 19740 addCodeAndDescendents
[0;39m[1;31m 19740 addCode63183009
[0;39m[1;31m 19740 addCodeAndDescendents
[0;39m[1;31m 19740 addCode64041007
[0;39m[1;31m 19740 addCodeAndDescendents
[0;39m[1;31m 19740 addCode93914000
[0;39m[1;31m 19740 addCodeAndDescendents
[0;39m[1;31m 19740 addCode90828009
[0;39m[1;31m 19740 addCodeAndDescendents
[0;39m[1;31m 19740 addCode1279844009
[0;39m[1;31m 19740 addCodeAndDescendents
[0;39m[1;31m 19740 addCode87343002
[0;39m[1;31m 19740 addCodeAndDescendents
[0;39m[1;31m 19740 addCode358501000112100
[0;39m[1;31m 19740 addCodeAndDescendents
[0;39m[1;31m 19740 addCode719272007
[0;39m[1;31m 19740 addCodeAndDescendents
[0;39m[1;31m 19740 addCode8916007
[0;39m[1;31m 19740 addCodeAndDescendents
[0;39m[1;31m 19740 addCode233867000
[0;39m[1;31m 19740 addCodeAndDescendents
[0;39m[1;31m 19740 addCode1197430005
[0;39m[1;31m 19740 addCodeAndDescendents
[0;39m[1;31m 19740 addCode233896004
[0;39m[1;31m 19740 addCodeAndDescendents
[0;39m[1;31m 19740 addCode415295002
[0;39m[1;31m 19740 addCodeAndDescendents
[0;39m[1;31m 19740 addCode84725008
[0;39m[1;31m 19740 addCodeAndDescendents
[0;39m[1;31m 19740 addCode79754008
[0;39m[1;31m 19740 addCodeAndDescendents
[0;39m[1;31m 19740 addCode33006007
[0;39m[1;31m 19740 addCodeAndDescendents
[0;39m[1;31m 19740 addCode30884007
[0;39m[1;31m 19740 addCodeAndDescendents
[0;39m[1;31m 19740 addCode64615000
[0;39m[1;31m 19740 addCodeAndDescendents
[0;39m[1;31m 19740 addCode76931005
[0;39m[1;31m 19740 addCodeAndDescendents
[0;39m[1;31m 19740 addCode56941009
[0;39m[1;31m 19740 addCodeAndDescendents
[0;39m[1;31m 19740 addCode15544002
[0;39m[1;31m 19740 addCodeAndDescendents
[0;39m[1;31m 19740 addCode24584003
[0;39m[1;31m 19740 addCodeAndDescendents
[0;39m[1;31m 19740 addCode39041004
[0;39m[1;31m 19740 addCodeAndDescendents
[0;39m[1;31m 19740 addCode398754006
[0;39m[1;31m 19740 addCodeAndDescendents
[0;39m[1;31m 19740 addCode233877003
[0;39m[1;31m 19740 addCodeAndDescendents
[0;39m[1;31m 19740 addCode789037005
[0;39m[1;31m 19740 addCodeAndDescendents
[0;39m[1;31m 19740 addCode195136004
[0;39m[1;31m 19740 addCodeAndDescendents
[0;39m[1;31m 19740 addCode416610007
[0;39m[1;31m 19740 addCodeAndDescendents
[0;39m[1;31m 19740 addCode472784000
[0;39m[1;31m 19740 addCodeAndDescendents
[0;39m[1;31m 19740 addCode447934002
[0;39m[1;31m 19740 addCodeAndDescendents
[0;39m[1;31m 19740 addCode416158002
[0;39m[1;31m 19740 addCodeAndDescendents
[0;39m[1;31m 19740 addCode64190005
[0;39m[1;31m 19740 addCodeAndDescendents
[0;39m[1;31m 19740 addCode194867006
[0;39m[1;31m 19740 addCodeAndDescendents
[0;39m[1;31m 19740 addCode457622003
[0;39m[1;31m 19740 addCodeAndDescendents
[0;39m[1;31m 19740 addCode195033009
[0;39m[1;31m 19740 addCodeAndDescendents
[0;39m[1;31m 19740 addCode195042002
[0;39m[1;31m 19740 addCodeAndDescendents
[0;39m[1;31m 19740 addCode20529002
[0;39m[1;31m 19741 addCodeAndDescendents
[0;39m[1;31m 19741 addCode699668009
[0;39m[1;31m 19741 addCodeAndDescendents
[0;39m[1;31m 19741 addCode415509000
[0;39m[1;31m 19741 addCodeAndDescendents
[0;39m[1;31m 19741 addCode279001
[0;39m[1;31m 19741 addCodeAndDescendents
[0;39m[1;31m 19741 addCode723993005
[0;39m[1;31m 19741 addCodeAndDescendents
[0;39m[1;31m 19741 addCode194956009
[0;39m[1;31m 19741 addCodeAndDescendents
[0;39m[1;31m 19741 addCode194957000
[0;39m[1;31m 19741 addCodeAndDescendents
[0;39m[1;31m 19741 addCode194958005
[0;39m[1;31m 19741 addCodeAndDescendents
[0;39m[1;31m 19741 addCode264571006
[0;39m[1;31m 19741 addCodeAndDescendents
[0;39m[1;31m 19741 addCode240077004
[0;39m[1;31m 19741 addCodeAndDescendents
[0;39m[1;31m 19741 addCode233843008
[0;39m[1;31m 19741 addCodeAndDescendents
[0;39m[1;31m 19741 addCode233823002
[0;39m[1;31m 19741 addCodeAndDescendents
[0;39m[1;31m 19741 addCode897159003
[0;39m[1;31m 19741 addCodeAndDescendents
[0;39m[1;31m 19741 addCode897162000
[0;39m[1;31m 19741 addCodeAndDescendents
[0;39m[1;31m 19741 addCode897161007
[0;39m[1;31m 19741 addCodeAndDescendents
[0;39m[1;31m 19741 addCode897406005
[0;39m[1;31m 19741 addCodeAndDescendents
[0;39m[1;31m 19741 addCode281092007
[0;39m[1;31m 19741 addCodeAndDescendents
[0;39m[1;31m 19741 addCode18484008
[0;39m[1;31m 19741 addCodeAndDescendents
[0;39m[1;31m 19741 addCode421272004
[0;39m[1;31m 19741 addCodeAndDescendents
[0;39m[1;31m 19741 addCode69589006
[0;39m[1;31m 19741 addCodeAndDescendents
[0;39m[1;31m 19741 addCode46109009
[0;39m[1;31m 19741 addCodeAndDescendents
[0;39m[1;31m 19741 addCode738051000168102
[0;39m[1;31m 19741 addCodeAndDescendents
[0;39m[1;31m 19741 addCode1208872002
[0;39m[1;31m 19741 addCodeAndDescendents
[0;39m[1;31m 19741 addCode703210007
[0;39m[1;31m 19741 addCodeAndDescendents
[0;39m[1;31m 19741 addCode1208873007
[0;39m[1;31m 19741 addCodeAndDescendents
[0;39m[1;31m 19741 addCode703209002
[0;39m[1;31m 19741 addCodeAndDescendents
[0;39m[1;31m 19741 addCode194856005
[0;39m[1;31m 19741 addCodeAndDescendents
[0;39m[1;31m 19741 addCode1365968005
[0;39m[1;31m 19741 addCodeAndDescendents
[0;39m[1;31m 19741 addCode1371149001
[0;39m[1;31m 19741 addCodeAndDescendents
[0;39m[1;31m 19741 addCode194857001
[0;39m[1;31m 19741 addCodeAndDescendents
[0;39m[1;31m 19741 addCode194858006
[0;39m[1;31m 19741 addCodeAndDescendents
[0;39m[1;31m 19741 addCode703360004
[0;39m[1;31m 19741 addCodeAndDescendents
[0;39m[1;31m 19741 addCode703211006
[0;39m[1;31m 19741 addCodeAndDescendents
[0;39m[1;31m 19741 addCode12238231000119106
[0;39m[1;31m 19741 addCodeAndDescendents
[0;39m[1;31m 19741 addCode15961341000119108
[0;39m[1;31m 19741 addCodeAndDescendents
[0;39m[1;31m 19741 addCode12238311000119109
[0;39m[1;31m 19741 addCodeAndDescendents
[0;39m[1;31m 19741 addCode738071000168106
[0;39m[1;31m 19741 addCodeAndDescendents
[0;39m[1;31m 19741 addCode4082005
[0;39m[1;31m 19741 addCodeAndDescendents
[0;39m[1;31m 19741 addCode15629741000119102
[0;39m[1;31m 19741 addCodeAndDescendents
[0;39m[1;31m 19741 addCode426300009
[0;39m[1;31m 19741 addCodeAndDescendents
[0;39m[1;31m 19741 addCode441541008
[0;39m[1;31m 19741 addCodeAndDescendents
[0;39m[1;31m 19741 addCode1137377003
[0;39m[1;31m 19741 addCodeAndDescendents
[0;39m[1;31m 19741 addCode718212006
[0;39m[1;31m 19741 addCodeAndDescendents
[0;39m[1;31m 19741 addCode103331000119103
[0;39m[1;31m 19741 addCodeAndDescendents
[0;39m[1;31m 19741 addCode165468981000119105
[0;39m[1;31m 19741 addCodeAndDescendents
[0;39m[1;31m 19741 addCode31993003
[0;39m[1;31m 19741 addCodeAndDescendents
[0;39m[1;31m 19741 addCode187195003
[0;39m[1;31m 19741 addCodeAndDescendents
[0;39m[1;31m 19741 addCode315026000
[0;39m[1;31m 19741 addCodeAndDescendents
[0;39m[1;31m 19741 addCode276517000
[0;39m[1;31m 19741 addCodeAndDescendents
[0;39m[1;31m 19741 addCode715655000
[0;39m[1;31m 19741 addCodeAndDescendents
[0;39m[1;31m 19741 addCode253390008
[0;39m[1;31m 19741 addCodeAndDescendents
[0;39m[1;31m 19741 addCode1373754008
[0;39m[1;31m 19741 addCodeAndDescendents
[0;39m[1;31m 19741 addCode715626008
[0;39m[1;31m 19741 addCodeAndDescendents
[0;39m[1;31m 19741 addCode194802003
[0;39m[1;31m 19741 addCodeAndDescendents
[0;39m[1;31m 19741 addCode47292005
[0;39m[1;31m 19741 addCodeAndDescendents
[0;39m[1;31m 19741 addCode719839000
[0;39m[1;31m 19741 addCodeAndDescendents
[0;39m[1;31m 19741 addCode1186849007
[0;39m[1;31m 19741 addCodeAndDescendents
[0;39m[1;31m 19741 addCode1186844002
[0;39m[1;31m 19741 addCodeAndDescendents
[0;39m[1;31m 19741 addCode1142105006
[0;39m[1;31m 19741 addCodeAndDescendents
[0;39m[1;31m 19741 addCode2829000
[0;39m[1;31m 19741 addCodeAndDescendents
[0;39m[1;31m 19741 addCode471858004
[0;39m[1;31m 19741 addCodeAndDescendents
[0;39m[1;31m 19741 addCode471875005
[0;39m[1;31m 19741 addCodeAndDescendents
[0;39m[1;31m 19741 addCode719824001
[0;39m[1;31m 19741 addCodeAndDescendents
[0;39m[1;31m 19741 addCode89141000
[0;39m[1;31m 19741 addCodeAndDescendents
[0;39m[1;31m 19741 addCode719835006
[0;39m[1;31m 19741 includeCodes
[0;39m[1;31m 19742 doServerIncludeCodes
[0;39m[1;31m 20935 addCodeAndDescendents
[0;39m[1;31m 20935 addCode12770006
[0;39m[1;31m 20935 includeCodes
[0;39m[1;31m 20935 doServerIncludeCodes
[0;39m[1;31m 22077 addCodeAndDescendents
[0;39m[1;31m 22077 addCode789574002
[0;39m[1;31m 22077 addCodeAndDescendents
[0;39m[1;31m 22077 addCode10692761000119107
[0;39m[1;31m 22077 addCodeAndDescendents
[0;39m[1;31m 22077 addCode266356006
[0;39m[1;31m 22077 addCodeAndDescendents
[0;39m[1;31m 22077 addCode70756004
[0;39m[1;31m 22077 addCodeAndDescendents
[0;39m[1;31m 22077 addCode762618008
[0;39m[1;31m 22077 addCodeAndDescendents
[0;39m[1;31m 22077 addCode1177120001
[0;39m[1;31m 22077 addCodeAndDescendents
[0;39m[1;31m 22077 addCode67569000
[0;39m[1;31m 22077 addCodeAndDescendents
[0;39m[1;31m 22077 addCode266355005
[0;39m[1;31m 22077 addCodeAndDescendents
[0;39m[1;31m 22077 addCode68328006
[0;39m[1;31m 22077 addCodeAndDescendents
[0;39m[1;31m 22077 addCode123713005
[0;39m[1;31m 22077 addCodeAndDescendents
[0;39m[1;31m 22077 addCode18121009
[0;39m[1;31m 22077 addCodeAndDescendents
[0;39m[1;31m 22077 addCode737180005
[0;39m[1;31m 22077 addCodeAndDescendents
[0;39m[1;31m 22077 addCode195957006
[0;39m[1;31m 22077 addCodeAndDescendents
[0;39m[1;31m 22077 addCode1163150009
[0;39m[1;31m 22077 addCodeAndDescendents
[0;39m[1;31m 22077 addCode28791000119105
[0;39m[1;31m 22077 addCodeAndDescendents
[0;39m[1;31m 22077 addCode196026004
[0;39m[1;31m 22077 addCodeAndDescendents
[0;39m[1;31m 22077 addCode836477007
[0;39m[1;31m 22077 addCodeAndDescendents
[0;39m[1;31m 22077 addCode1010670004
[0;39m[1;31m 22077 addCodeAndDescendents
[0;39m[1;31m 22077 addCode1388716002
[0;39m[1;31m 22077 addCodeAndDescendents
[0;39m[1;31m 22077 addCode1388718001
[0;39m[1;31m 22077 addCodeAndDescendents
[0;39m[1;31m 22077 addCode1388717006
[0;39m[1;31m 22077 addCodeAndDescendents
[0;39m[1;31m 22077 addCode1388719009
[0;39m[1;31m 22077 addCodeAndDescendents
[0;39m[1;31m 22077 addCode707553005
[0;39m[1;31m 22077 addCodeAndDescendents
[0;39m[1;31m 22077 addCode1163147006
[0;39m[1;31m 22077 addCodeAndDescendents
[0;39m[1;31m 22077 addCode36599006
[0;39m[1;31m 22077 addCodeAndDescendents
[0;39m[1;31m 22077 addCode18354001
[0;39m[1;31m 22077 addCodeAndDescendents
[0;39m[1;31m 22077 addCode704345008
[0;39m[1;31m 22078 addCodeAndDescendents
[0;39m[1;31m 22078 addCode413839001
[0;39m[1;31m 22078 addCodeAndDescendents
[0;39m[1;31m 22078 addCode707534000
[0;39m[1;31m 22078 addCodeAndDescendents
[0;39m[1;31m 22078 addCode47938003
[0;39m[1;31m 22078 addCodeAndDescendents
[0;39m[1;31m 22078 addCode840350008
[0;39m[1;31m 22078 addCodeAndDescendents
[0;39m[1;31m 22078 addCode840351007
[0;39m[1;31m 22078 addCodeAndDescendents
[0;39m[1;31m 22078 addCode102361000119104
[0;39m[1;31m 22078 addCodeAndDescendents
[0;39m[1;31m 22078 addCode708026002
[0;39m[1;31m 22078 addCodeAndDescendents
[0;39m[1;31m 22078 addCode417688002
[0;39m[1;31m 22078 addCodeAndDescendents
[0;39m[1;31m 22078 addCode240742009
[0;39m[1;31m 22078 addCodeAndDescendents
[0;39m[1;31m 22078 addCode733171006
[0;39m[1;31m 22078 addCodeAndDescendents
[0;39m[1;31m 22078 addCode240747003
[0;39m[1;31m 22078 addCodeAndDescendents
[0;39m[1;31m 22078 addCode233615002
[0;39m[1;31m 22078 addCodeAndDescendents
[0;39m[1;31m 22078 addCode63841001
[0;39m[1;31m 22078 addCodeAndDescendents
[0;39m[1;31m 22078 addCode196028003
[0;39m[1;31m 22078 addCodeAndDescendents
[0;39m[1;31m 22078 addCode1344640009
[0;39m[1;31m 22078 addCodeAndDescendents
[0;39m[1;31m 22078 addCode26427008
[0;39m[1;31m 22078 addCodeAndDescendents
[0;39m[1;31m 22078 addCode196190001
[0;39m[1;31m 22078 addCodeAndDescendents
[0;39m[1;31m 22078 addCode276537001
[0;39m[1;31m 22078 addCodeAndDescendents
[0;39m[1;31m 22078 addCode46847001
[0;39m[1;31m 22078 addCodeAndDescendents
[0;39m[1;31m 22078 addCode196049002
[0;39m[1;31m 22078 addCodeAndDescendents
[0;39m[1;31m 22078 addCode432958009
[0;39m[1;31m 22078 addCodeAndDescendents
[0;39m[1;31m 22078 addCode783182004
[0;39m[1;31m 22078 addCodeAndDescendents
[0;39m[1;31m 22078 addCode233762004
[0;39m[1;31m 22078 addCodeAndDescendents
[0;39m[1;31m 22078 addCode33325001
[0;39m[1;31m 22078 addCodeAndDescendents
[0;39m[1;31m 22078 addCode1601741000168108
[0;39m[1;31m 22078 addCodeAndDescendents
[0;39m[1;31m 22078 addCode47895001
[0;39m[1;31m 22078 addCodeAndDescendents
[0;39m[1;31m 22078 addCode66987001
[0;39m[1;31m 22078 addCodeAndDescendents
[0;39m[1;31m 22078 addCode233692000
[0;39m[1;31m 22078 addCodeAndDescendents
[0;39m[1;31m 22078 addCode2912004
[0;39m[1;31m 22078 addCodeAndDescendents
[0;39m[1;31m 22078 addCode430476004
[0;39m[1;31m 22078 addCodeAndDescendents
[0;39m[1;31m 22078 addCode1010333003
[0;39m[1;31m 22078 addCodeAndDescendents
[0;39m[1;31m 22078 addCode1010334009
[0;39m[1;31m 22078 addCodeAndDescendents
[0;39m[1;31m 22078 addCode57686001
[0;39m[1;31m 22078 addCodeAndDescendents
[0;39m[1;31m 22078 addCode426437004
[0;39m[1;31m 22078 addCodeAndDescendents
[0;39m[1;31m 22078 addCode1396029001
[0;39m[1;31m 22078 addCodeAndDescendents
[0;39m[1;31m 22078 addCode1348304006
[0;39m[1;31m 22078 addCodeAndDescendents
[0;39m[1;31m 22078 addCode16003001
[0;39m[1;31m 22078 addCodeAndDescendents
[0;39m[1;31m 22078 addCode60805002
[0;39m[1;31m 22078 addCodeAndDescendents
[0;39m[1;31m 22078 addCode771306007
[0;39m[1;31m 22078 addCodeAndDescendents
[0;39m[1;31m 22078 addCode700250006
[0;39m[1;31m 22078 addCodeAndDescendents
[0;39m[1;31m 22078 addCode1197476009
[0;39m[1;31m 22078 addCodeAndDescendents
[0;39m[1;31m 22078 addCode77690003
[0;39m[1;31m 22078 addCodeAndDescendents
[0;39m[1;31m 22078 addCode90610005
[0;39m[1;31m 22078 addCodeAndDescendents
[0;39m[1;31m 22078 addCode1354861009
[0;39m[1;31m 22078 addCodeAndDescendents
[0;39m[1;31m 22078 addCode28295001
[0;39m[1;31m 22078 addCodeAndDescendents
[0;39m[1;31m 22078 addCode1303457006
[0;39m[1;31m 22078 addCodeAndDescendents
[0;39m[1;31m 22078 addCode1303458001
[0;39m[1;31m 22078 addCodeAndDescendents
[0;39m[1;31m 22078 addCode16846004
[0;39m[1;31m 22078 addCodeAndDescendents
[0;39m[1;31m 22078 addCode4981000
[0;39m[1;31m 22078 addCodeAndDescendents
[0;39m[1;31m 22078 addCode31898008
[0;39m[1;31m 22078 addCodeAndDescendents
[0;39m[1;31m 22078 addCode361194002
[0;39m[1;31m 22078 addCodeAndDescendents
[0;39m[1;31m 22078 addCode87433001
[0;39m[1;31m 22078 addCodeAndDescendents
[0;39m[1;31m 22078 addCode708030004
[0;39m[1;31m 22078 addCodeAndDescendents
[0;39m[1;31m 22078 addCode233674008
[0;39m[1;31m 22078 addCodeAndDescendents
[0;39m[1;31m 22078 addCode361195001
[0;39m[1;31m 22078 addCodeAndDescendents
[0;39m[1;31m 22078 addCode723829000
[0;39m[1;31m 22078 addCodeAndDescendents
[0;39m[1;31m 22078 addCode86680006
[0;39m[1;31m 22078 addCodeAndDescendents
[0;39m[1;31m 22078 addCode233677001
[0;39m[1;31m 22078 addCodeAndDescendents
[0;39m[1;31m 22078 addCode1388715003
[0;39m[1;31m 22078 addCodeAndDescendents
[0;39m[1;31m 22078 addCode195958001
[0;39m[1;31m 22078 addCodeAndDescendents
[0;39m[1;31m 22078 addCode1303459009
[0;39m[1;31m 22078 addCodeAndDescendents
[0;39m[1;31m 22078 addCode1228876007
[0;39m[1;31m 22078 addCodeAndDescendents
[0;39m[1;31m 22078 addCode1601731000168104
[0;39m[1;31m 22078 addCodeAndDescendents
[0;39m[1;31m 22078 addCode233675009
[0;39m[1;31m 22078 addCodeAndDescendents
[0;39m[1;31m 22078 addCode23958009
[0;39m[1;31m 22078 addCodeAndDescendents
[0;39m[1;31m 22078 addCode51577008
[0;39m[1;31m 22078 addCodeAndDescendents
[0;39m[1;31m 22078 addCode195959009
[0;39m[1;31m 22078 includeCodes
[0;39m[1;31m 22078 doServerIncludeCodes
[0;39m[1;31m 23284 addCodeAndDescendents
[0;39m[1;31m 23284 addCode195951007
[0;39m[1;31m 23284 addCodeAndDescendents
[0;39m[1;31m 23284 addCode1751000119100
[0;39m[1;31m 23284 addCodeAndDescendents
[0;39m[1;31m 23284 addCode285381006
[0;39m[1;31m 23284 addCodeAndDescendents
[0;39m[1;31m 23284 addCode10692761000119107
[0;39m[1;31m 23284 addCodeAndDescendents
[0;39m[1;31m 23284 addCode266356006
[0;39m[1;31m 23284 addCodeAndDescendents
[0;39m[1;31m 23284 addCode70756004
[0;39m[1;31m 23284 addCodeAndDescendents
[0;39m[1;31m 23284 addCode762618008
[0;39m[1;31m 23284 addCodeAndDescendents
[0;39m[1;31m 23284 addCode1177120001
[0;39m[1;31m 23284 addCodeAndDescendents
[0;39m[1;31m 23284 addCode266355005
[0;39m[1;31m 23284 addCodeAndDescendents
[0;39m[1;31m 23284 addCode68328006
[0;39m[1;31m 23284 addCodeAndDescendents
[0;39m[1;31m 23284 addCode195957006
[0;39m[1;31m 23284 addCodeAndDescendents
[0;39m[1;31m 23284 addCode196026004
[0;39m[1;31m 23284 addCodeAndDescendents
[0;39m[1;31m 23284 addCode836477007
[0;39m[1;31m 23284 addCodeAndDescendents
[0;39m[1;31m 23284 addCode47938003
[0;39m[1;31m 23284 addCodeAndDescendents
[0;39m[1;31m 23284 addCode840350008
[0;39m[1;31m 23284 addCodeAndDescendents
[0;39m[1;31m 23284 addCode840351007
[0;39m[1;31m 23284 addCodeAndDescendents
[0;39m[1;31m 23284 addCode1396400008
[0;39m[1;31m 23284 addCodeAndDescendents
[0;39m[1;31m 23284 addCode1388296002
[0;39m[1;31m 23284 addCodeAndDescendents
[0;39m[1;31m 23284 addCode33325001
[0;39m[1;31m 23284 addCodeAndDescendents
[0;39m[1;31m 23284 addCode47895001
[0;39m[1;31m 23284 addCodeAndDescendents
[0;39m[1;31m 23284 addCode66987001
[0;39m[1;31m 23284 addCodeAndDescendents
[0;39m[1;31m 23284 addCode13645005
[0;39m[1;31m 23284 addCodeAndDescendents
[0;39m[1;31m 23284 addCode106001000119101
[0;39m[1;31m 23284 addCodeAndDescendents
[0;39m[1;31m 23284 addCode196001008
[0;39m[1;31m 23284 addCodeAndDescendents
[0;39m[1;31m 23284 addCode1010333003
[0;39m[1;31m 23284 addCodeAndDescendents
[0;39m[1;31m 23284 addCode1010334009
[0;39m[1;31m 23284 addCodeAndDescendents
[0;39m[1;31m 23284 addCode57686001
[0;39m[1;31m 23284 addCodeAndDescendents
[0;39m[1;31m 23284 addCode135836000
[0;39m[1;31m 23284 addCodeAndDescendents
[0;39m[1;31m 23284 addCode16003001
[0;39m[1;31m 23284 addCodeAndDescendents
[0;39m[1;31m 23284 addCode60805002
[0;39m[1;31m 23284 addCodeAndDescendents
[0;39m[1;31m 23284 addCode77690003
[0;39m[1;31m 23284 addCodeAndDescendents
[0;39m[1;31m 23284 addCode313296004
[0;39m[1;31m 23284 addCodeAndDescendents
[0;39m[1;31m 23284 addCode313297008
[0;39m[1;31m 23284 addCodeAndDescendents
[0;39m[1;31m 23284 addCode16846004
[0;39m[1;31m 23284 addCodeAndDescendents
[0;39m[1;31m 23284 addCode4981000
[0;39m[1;31m 23284 addCodeAndDescendents
[0;39m[1;31m 23284 addCode31898008
[0;39m[1;31m 23284 addCodeAndDescendents
[0;39m[1;31m 23284 addCode87433001
[0;39m[1;31m 23284 addCodeAndDescendents
[0;39m[1;31m 23284 addCode708030004
[0;39m[1;31m 23284 addCodeAndDescendents
[0;39m[1;31m 23284 addCode233674008
[0;39m[1;31m 23284 addCodeAndDescendents
[0;39m[1;31m 23284 addCode86680006
[0;39m[1;31m 23284 addCodeAndDescendents
[0;39m[1;31m 23284 addCode233677001
[0;39m[1;31m 23284 addCodeAndDescendents
[0;39m[1;31m 23284 addCode195958001
[0;39m[1;31m 23284 addCodeAndDescendents
[0;39m[1;31m 23284 addCode313299006
[0;39m[1;31m 23284 addCodeAndDescendents
[0;39m[1;31m 23284 addCode233675009
[0;39m[1;31m 23284 addCodeAndDescendents
[0;39m[1;31m 23284 addCode23958009
[0;39m[1;31m 23284 addCodeAndDescendents
[0;39m[1;31m 23284 addCode195959009
[0;39m[1;31m 23284 includeCodes
[0;39m[1;31m 23284 doServerIncludeCodes
[0;39m[1;31m 24491 addCodeAndDescendents
[0;39m[1;31m 24491 addCode266356006
[0;39m[1;31m 24491 addCodeAndDescendents
[0;39m[1;31m 24491 addCode70756004
[0;39m[1;31m 24491 addCodeAndDescendents
[0;39m[1;31m 24491 addCode266355005
[0;39m[1;31m 24491 addCodeAndDescendents
[0;39m[1;31m 24491 addCode68328006
[0;39m[1;31m 24491 addCodeAndDescendents
[0;39m[1;31m 24491 addCode195957006
[0;39m[1;31m 24491 addCodeAndDescendents
[0;39m[1;31m 24491 addCode196026004
[0;39m[1;31m 24491 addCodeAndDescendents
[0;39m[1;31m 24491 addCode836477007
[0;39m[1;31m 24491 addCodeAndDescendents
[0;39m[1;31m 24491 addCode33325001
[0;39m[1;31m 24491 addCodeAndDescendents
[0;39m[1;31m 24491 addCode47895001
[0;39m[1;31m 24491 addCodeAndDescendents
[0;39m[1;31m 24491 addCode66987001
[0;39m[1;31m 24491 addCodeAndDescendents
[0;39m[1;31m 24491 addCode1010333003
[0;39m[1;31m 24491 addCodeAndDescendents
[0;39m[1;31m 24491 addCode1010334009
[0;39m[1;31m 24491 addCodeAndDescendents
[0;39m[1;31m 24491 addCode57686001
[0;39m[1;31m 24491 addCodeAndDescendents
[0;39m[1;31m 24491 addCode16003001
[0;39m[1;31m 24491 addCodeAndDescendents
[0;39m[1;31m 24491 addCode60805002
[0;39m[1;31m 24491 addCodeAndDescendents
[0;39m[1;31m 24491 addCode77690003
[0;39m[1;31m 24491 addCodeAndDescendents
[0;39m[1;31m 24491 addCode16846004
[0;39m[1;31m 24491 addCodeAndDescendents
[0;39m[1;31m 24491 addCode4981000
[0;39m[1;31m 24491 addCodeAndDescendents
[0;39m[1;31m 24491 addCode31898008
[0;39m[1;31m 24491 addCodeAndDescendents
[0;39m[1;31m 24491 addCode87433001
[0;39m[1;31m 24491 addCodeAndDescendents
[0;39m[1;31m 24491 addCode708030004
[0;39m[1;31m 24491 addCodeAndDescendents
[0;39m[1;31m 24491 addCode233674008
[0;39m[1;31m 24491 addCodeAndDescendents
[0;39m[1;31m 24491 addCode86680006
[0;39m[1;31m 24491 addCodeAndDescendents
[0;39m[1;31m 24491 addCode233677001
[0;39m[1;31m 24491 addCodeAndDescendents
[0;39m[1;31m 24491 addCode195958001
[0;39m[1;31m 24491 addCodeAndDescendents
[0;39m[1;31m 24491 addCode233675009
[0;39m[1;31m 24491 addCodeAndDescendents
[0;39m[1;31m 24491 addCode23958009
[0;39m[1;31m 24491 addCodeAndDescendents
[0;39m[1;31m 24491 addCode195959009
[0;39m[1;31m 24491 includeCodes
[0;39m[1;31m 24491 doServerIncludeCodes
[0;39m[1;31m 28707 addCodeAndDescendents
[0;39m[1;31m 28707 addCode278971009
[0;39m[1;31m 28707 addCodeAndDescendents
[0;39m[1;31m 28707 addCode105801000119103
[0;39m[1;31m 28707 includeCodes
[0;39m[1;31m 28707 doServerIncludeCodes
[0;39m[1;31m 29905 addCodeAndDescendents
[0;39m[1;31m 29905 addCode271511000
[0;39m[1;31m 29905 addCodeAndDescendents
[0;39m[1;31m 29905 addCode105811000119100
[0;39m[1;31m 29905 includeCodes
[0;39m[1;31m 29905 doServerIncludeCodes
[0;39m[1;31m 31051 addCodeAndDescendents
[0;39m[1;31m 31051 addCode293721000119101
[0;39m[1;31m 31051 addCodeAndDescendents
[0;39m[1;31m 31051 addCode105841000119101
[0;39m[1;31m 31051 addCodeAndDescendents
[0;39m[1;31m 31051 addCode371111005
[0;39m[1;31m 31051 includeCodes
[0;39m[1;31m 31051 doServerIncludeCodes
[0;39m[1;31m 32212 addCodeAndDescendents
[0;39m[1;31m 32212 addCode293721000119101
[0;39m[1;31m 32212 addCodeAndDescendents
[0;39m[1;31m 32212 addCode105821000119107
[0;39m[1;31m 32212 addCodeAndDescendents
[0;39m[1;31m 32212 addCode371112003
[0;39m[1;31m 32212 includeCodes
[0;39m[1;31m 32212 doServerIncludeCodes
[0;39m[1;31m 33411 addCodeAndDescendents
[0;39m[1;31m 33411 addCode293721000119101
[0;39m[1;31m 33411 addCodeAndDescendents
[0;39m[1;31m 33411 addCode105791000119104
[0;39m[1;31m 33411 addCodeAndDescendents
[0;39m[1;31m 33411 addCode278968001
[0;39m[1;31m 33411 includeCodes
[0;39m[1;31m 33412 doServerIncludeCodes
[0;39m[1;31m 34625 addCodeAndDescendents
[0;39m[1;31m 34625 addCode105781000119102
[0;39m[1;31m 34625 addCodeAndDescendents
[0;39m[1;31m 34625 addCode371113008
[0;39m[1;31m 34625 includeCodes
[0;39m[1;31m 34625 doServerIncludeCodes
[0;39m[1;31m 35832 addCodeAndDescendents
[0;39m[1;31m 35832 addCode1142085005
[0;39m[1;31m 35832 addCodeAndDescendents
[0;39m[1;31m 35832 addCode870310004
[0;39m[1;31m 35832 addCodeAndDescendents
[0;39m[1;31m 35832 addCode240469009
[0;39m[1;31m 35832 addCodeAndDescendents
[0;39m[1;31m 35832 addCode38907003
[0;39m[1;31m 35832 includeCodes
[0;39m[1;31m 35832 doServerIncludeCodes
[0;39m[1;31m 36969 addCodeAndDescendents
[0;39m[1;31m 36969 addCode838357005
[0;39m[1;31m 36969 addCodeAndDescendents
[0;39m[1;31m 36969 addCode423628002
[0;39m[1;31m 36969 addCodeAndDescendents
[0;39m[1;31m 36969 addCode232400003
[0;39m[1;31m 36969 addCodeAndDescendents
[0;39m[1;31m 36969 addCode230536009
[0;39m[1;31m 36969 addCodeAndDescendents
[0;39m[1;31m 36969 addCode15989311000119107
[0;39m[1;31m 36969 addCodeAndDescendents
[0;39m[1;31m 36969 addCode15685161000119105
[0;39m[1;31m 36969 addCodeAndDescendents
[0;39m[1;31m 36969 addCode15678841000119100
[0;39m[1;31m 36969 addCodeAndDescendents
[0;39m[1;31m 36969 addCode15680281000119103
[0;39m[1;31m 36969 addCodeAndDescendents
[0;39m[1;31m 36969 addCode16000751000119105
[0;39m[1;31m 36969 addCodeAndDescendents
[0;39m[1;31m 36969 addCode15685241000119103
[0;39m[1;31m 36969 addCodeAndDescendents
[0;39m[1;31m 36969 addCode15989351000119108
[0;39m[1;31m 36969 addCodeAndDescendents
[0;39m[1;31m 36969 addCode15989271000119107
[0;39m[1;31m 36969 addCodeAndDescendents
[0;39m[1;31m 36969 addCode12551000132107
[0;39m[1;31m 36969 addCodeAndDescendents
[0;39m[1;31m 36969 addCode4740000
[0;39m[1;31m 36969 addCodeAndDescendents
[0;39m[1;31m 36969 addCode422471006
[0;39m[1;31m 36969 addCodeAndDescendents
[0;39m[1;31m 36969 addCode21954000
[0;39m[1;31m 36969 addCodeAndDescendents
[0;39m[1;31m 36969 addCode410509003
[0;39m[1;31m 36969 addCodeAndDescendents
[0;39m[1;31m 36969 addCode424801004
[0;39m[1;31m 36969 addCodeAndDescendents
[0;39m[1;31m 36969 addCode422666006
[0;39m[1;31m 36969 addCodeAndDescendents
[0;39m[1;31m 36969 addCode15685121000119100
[0;39m[1;31m 36969 addCodeAndDescendents
[0;39m[1;31m 36969 addCode15685081000119102
[0;39m[1;31m 36969 addCodeAndDescendents
[0;39m[1;31m 36969 addCode424353002
[0;39m[1;31m 36969 addCodeAndDescendents
[0;39m[1;31m 36969 addCode1163465001
[0;39m[1;31m 36969 addCodeAndDescendents
[0;39m[1;31m 36969 addCode400020001
[0;39m[1;31m 36969 addCodeAndDescendents
[0;39m[1;31m 36969 addCode428633000
[0;39m[1;31m 36969 addCodeAndDescendents
[0;39m[1;31m 36969 addCode235059009
[0;39m[1;31m 36969 addCodeAndDescendents
[0;39m[1;31m 36969 addCode426570007
[0;39m[1;31m 36969 addCodeAndDescendents
[0;39m[1;31m 36969 addCode402897003
[0;39m[1;31m 36969 addCodeAndDescendents
[0;39m[1;31m 36969 addCode402898008
[0;39m[1;31m 36969 addCodeAndDescendents
[0;39m[1;31m 36969 addCode10698009
[0;39m[1;31m 36969 addCodeAndDescendents
[0;39m[1;31m 36969 addCode331071000119101
[0;39m[1;31m 36969 addCodeAndDescendents
[0;39m[1;31m 36969 addCode397573005
[0;39m[1;31m 36969 addCodeAndDescendents
[0;39m[1;31m 36969 addCode42448002
[0;39m[1;31m 36969 addCodeAndDescendents
[0;39m[1;31m 36969 addCode98541000119101
[0;39m[1;31m 36969 addCodeAndDescendents
[0;39m[1;31m 36969 addCode870321008
[0;39m[1;31m 36969 addCodeAndDescendents
[0;39m[1;31m 36969 addCode87513003
[0;39m[1;31m 36969 addCodeAndDescendents
[0;39m[1;31m 36969 addCode12571000132104
[0;39m[1;31m 36969 addCodeAndDescendents
[0;39m[1;31m 36969 addCode424435009
[0;39m[1;31m 36969 addCodeAndDescendents
[0;39m[1;31m 36969 addCode424941009
[0;39m[1;31m 36969 addCodeAndDescendents
[0;39m[1;31m 36969 addCode421029004
[0;39m[1;31m 36969 addCodeAndDescendents
[0;39m[1;31m 36969 addCode1087131000119102
[0;39m[1;31m 36969 addCodeAndDescendents
[0;39m[1;31m 36969 addCode422446008
[0;39m[1;31m 36969 addCodeAndDescendents
[0;39m[1;31m 36969 addCode12561000132105
[0;39m[1;31m 36970 addCodeAndDescendents
[0;39m[1;31m 36970 addCode410500004
[0;39m[1;31m 36970 addCodeAndDescendents
[0;39m[1;31m 36970 addCode713733003
[0;39m[1;31m 36970 addCodeAndDescendents
[0;39m[1;31m 36970 addCode15685201000119100
[0;39m[1;31m 36970 addCodeAndDescendents
[0;39m[1;31m 36970 addCode15685281000119108
[0;39m[1;31m 36970 addCodeAndDescendents
[0;39m[1;31m 36970 addCode15992311000119100
[0;39m[1;31m 36970 addCodeAndDescendents
[0;39m[1;31m 36970 addCode15992271000119100
[0;39m[1;31m 36970 addCodeAndDescendents
[0;39m[1;31m 36970 addCode16000791000119100
[0;39m[1;31m 36970 addCodeAndDescendents
[0;39m[1;31m 36970 addCode240471009
[0;39m[1;31m 36970 addCodeAndDescendents
[0;39m[1;31m 36970 addCode240474001
[0;39m[1;31m 36970 addCodeAndDescendents
[0;39m[1;31m 36970 addCode713964006
[0;39m[1;31m 36970 addCodeAndDescendents
[0;39m[1;31m 36970 addCode1078254009
[0;39m[1;31m 36970 addCodeAndDescendents
[0;39m[1;31m 36970 addCode16000831000119106
[0;39m[1;31m 36970 addCodeAndDescendents
[0;39m[1;31m 36970 addCode240470005
[0;39m[1;31m 36970 includeCodes
[0;39m[1;31m 36970 doServerIncludeCodes
[0;39m[1;31m 38190 addCodeAndDescendents
[0;39m[1;31m 38190 addCode713533000
[0;39m[1;31m 38190 addCodeAndDescendents
[0;39m[1;31m 38190 addCode236406007
[0;39m[1;31m 38190 addCodeAndDescendents
[0;39m[1;31m 38190 addCode420721002
[0;39m[1;31m 38190 addCodeAndDescendents
[0;39m[1;31m 38190 addCode713511002
[0;39m[1;31m 38190 addCodeAndDescendents
[0;39m[1;31m 38190 addCode420395004
[0;39m[1;31m 38190 addCodeAndDescendents
[0;39m[1;31m 38190 addCode111880001
[0;39m[1;31m 38190 addCodeAndDescendents
[0;39m[1;31m 38190 addCode713530002
[0;39m[1;31m 38190 addCodeAndDescendents
[0;39m[1;31m 38190 addCode421312009
[0;39m[1;31m 38190 addCodeAndDescendents
[0;39m[1;31m 38190 addCode10746341000119109
[0;39m[1;31m 38190 addCodeAndDescendents
[0;39m[1;31m 38190 addCode1260096003
[0;39m[1;31m 38190 addCodeAndDescendents
[0;39m[1;31m 38190 addCode62479008
[0;39m[1;31m 38190 addCodeAndDescendents
[0;39m[1;31m 38190 addCode713349004
[0;39m[1;31m 38190 addCodeAndDescendents
[0;39m[1;31m 38190 addCode713508003
[0;39m[1;31m 38190 addCodeAndDescendents
[0;39m[1;31m 38190 addCode421102007
[0;39m[1;31m 38190 addCodeAndDescendents
[0;39m[1;31m 38190 addCode90681000119107
[0;39m[1;31m 38190 addCodeAndDescendents
[0;39m[1;31m 38190 addCode90691000119105
[0;39m[1;31m 38190 addCodeAndDescendents
[0;39m[1;31m 38190 addCode91947003
[0;39m[1;31m 38190 addCodeAndDescendents
[0;39m[1;31m 38190 addCode91948008
[0;39m[1;31m 38190 addCodeAndDescendents
[0;39m[1;31m 38190 addCode713544008
[0;39m[1;31m 38190 addCodeAndDescendents
[0;39m[1;31m 38190 addCode420544002
[0;39m[1;31m 38190 addCodeAndDescendents
[0;39m[1;31m 38190 addCode421706001
[0;39m[1;31m 38190 addCodeAndDescendents
[0;39m[1;31m 38190 addCode713897006
[0;39m[1;31m 38190 addCodeAndDescendents
[0;39m[1;31m 38190 addCode421047005
[0;39m[1;31m 38190 addCodeAndDescendents
[0;39m[1;31m 38190 addCode713497004
[0;39m[1;31m 38190 addCodeAndDescendents
[0;39m[1;31m 38190 addCode421710003
[0;39m[1;31m 38190 addCodeAndDescendents
[0;39m[1;31m 38190 addCode713297001
[0;39m[1;31m 38190 addCodeAndDescendents
[0;39m[1;31m 38190 addCode713523008
[0;39m[1;31m 38190 addCodeAndDescendents
[0;39m[1;31m 38190 addCode421998001
[0;39m[1;31m 38190 addCodeAndDescendents
[0;39m[1;31m 38190 addCode420718004
[0;39m[1;31m 38190 addCodeAndDescendents
[0;39m[1;31m 38190 addCode697965002
[0;39m[1;31m 38190 addCodeAndDescendents
[0;39m[1;31m 38190 addCode838377003
[0;39m[1;31m 38190 addCodeAndDescendents
[0;39m[1;31m 38190 addCode713446007
[0;39m[1;31m 38190 addCodeAndDescendents
[0;39m[1;31m 38190 addCode422337001
[0;39m[1;31m 38190 addCodeAndDescendents
[0;39m[1;31m 38190 addCode771119002
[0;39m[1;31m 38190 addCodeAndDescendents
[0;39m[1;31m 38190 addCode15928141000119107
[0;39m[1;31m 38190 addCodeAndDescendents
[0;39m[1;31m 38190 addCode276665006
[0;39m[1;31m 38190 addCodeAndDescendents
[0;39m[1;31m 38190 addCode52079000
[0;39m[1;31m 38190 addCodeAndDescendents
[0;39m[1;31m 38190 addCode276666007
[0;39m[1;31m 38190 addCodeAndDescendents
[0;39m[1;31m 38190 addCode421403008
[0;39m[1;31m 38190 addCodeAndDescendents
[0;39m[1;31m 38190 addCode713844000
[0;39m[1;31m 38190 addCodeAndDescendents
[0;39m[1;31m 38190 addCode421529006
[0;39m[1;31m 38190 addCodeAndDescendents
[0;39m[1;31m 38190 addCode713543002
[0;39m[1;31m 38190 addCodeAndDescendents
[0;39m[1;31m 38190 addCode420877009
[0;39m[1;31m 38190 addCodeAndDescendents
[0;39m[1;31m 38190 addCode713718006
[0;39m[1;31m 38190 addCodeAndDescendents
[0;39m[1;31m 38190 addCode713571008
[0;39m[1;31m 38190 addCodeAndDescendents
[0;39m[1;31m 38190 addCode713299003
[0;39m[1;31m 38190 addCodeAndDescendents
[0;39m[1;31m 38190 addCode713300006
[0;39m[1;31m 38190 addCodeAndDescendents
[0;39m[1;31m 38190 addCode713504001
[0;39m[1;31m 38190 addCodeAndDescendents
[0;39m[1;31m 38190 addCode713527009
[0;39m[1;31m 38190 addCodeAndDescendents
[0;39m[1;31m 38190 addCode713484001
[0;39m[1;31m 38191 addCodeAndDescendents
[0;39m[1;31m 38191 addCode713340000
[0;39m[1;31m 38191 addCodeAndDescendents
[0;39m[1;31m 38191 addCode713503007
[0;39m[1;31m 38191 addCodeAndDescendents
[0;39m[1;31m 38191 addCode713967004
[0;39m[1;31m 38191 addCodeAndDescendents
[0;39m[1;31m 38191 addCode421077004
[0;39m[1;31m 38191 addCodeAndDescendents
[0;39m[1;31m 38191 addCode713445006
[0;39m[1;31m 38191 addCodeAndDescendents
[0;39m[1;31m 38191 addCode422177004
[0;39m[1;31m 38191 addCodeAndDescendents
[0;39m[1;31m 38191 addCode840498003
[0;39m[1;31m 38191 addCodeAndDescendents
[0;39m[1;31m 38191 addCode840442003
[0;39m[1;31m 38191 addCodeAndDescendents
[0;39m[1;31m 38191 addCode420244003
[0;39m[1;31m 38191 addCodeAndDescendents
[0;39m[1;31m 38191 addCode422089004
[0;39m[1;31m 38191 addCodeAndDescendents
[0;39m[1;31m 38191 addCode421827003
[0;39m[1;31m 38191 addCodeAndDescendents
[0;39m[1;31m 38191 addCode713510001
[0;39m[1;31m 38191 addCodeAndDescendents
[0;39m[1;31m 38191 addCode1224851000168109
[0;39m[1;31m 38191 addCodeAndDescendents
[0;39m[1;31m 38191 addCode733835007
[0;39m[1;31m 38191 addCodeAndDescendents
[0;39m[1;31m 38191 addCode421660003
[0;39m[1;31m 38191 addCodeAndDescendents
[0;39m[1;31m 38191 addCode420900006
[0;39m[1;31m 38191 addCodeAndDescendents
[0;39m[1;31m 38191 addCode713887002
[0;39m[1;31m 38191 addCodeAndDescendents
[0;39m[1;31m 38191 addCode713505000
[0;39m[1;31m 38191 addCodeAndDescendents
[0;39m[1;31m 38191 addCode420384005
[0;39m[1;31m 38191 addCodeAndDescendents
[0;39m[1;31m 38191 addCode713444005
[0;39m[1;31m 38191 addCodeAndDescendents
[0;39m[1;31m 38191 addCode713298006
[0;39m[1;31m 38191 addCodeAndDescendents
[0;39m[1;31m 38191 addCode421230000
[0;39m[1;31m 38191 addCodeAndDescendents
[0;39m[1;31m 38191 addCode422127002
[0;39m[1;31m 38191 addCodeAndDescendents
[0;39m[1;31m 38191 addCode420945005
[0;39m[1;31m 38191 addCodeAndDescendents
[0;39m[1;31m 38191 addCode79019005
[0;39m[1;31m 38191 addCodeAndDescendents
[0;39m[1;31m 38191 addCode1184151000168105
[0;39m[1;31m 38191 addCodeAndDescendents
[0;39m[1;31m 38191 addCode721166000
[0;39m[1;31m 38191 addCodeAndDescendents
[0;39m[1;31m 38191 addCode398329009
[0;39m[1;31m 38191 addCodeAndDescendents
[0;39m[1;31m 38191 addCode397763006
[0;39m[1;31m 38191 addCodeAndDescendents
[0;39m[1;31m 38191 addCode235726002
[0;39m[1;31m 38191 addCodeAndDescendents
[0;39m[1;31m 38191 addCode10755671000119100
[0;39m[1;31m 38191 addCodeAndDescendents
[0;39m[1;31m 38191 addCode86406008
[0;39m[1;31m 38191 addCodeAndDescendents
[0;39m[1;31m 38191 addCode186706006
[0;39m[1;31m 38191 addCodeAndDescendents
[0;39m[1;31m 38191 addCode735522008
[0;39m[1;31m 38191 addCodeAndDescendents
[0;39m[1;31m 38191 addCode735524009
[0;39m[1;31m 38191 addCodeAndDescendents
[0;39m[1;31m 38191 addCode87117006
[0;39m[1;31m 38191 addCodeAndDescendents
[0;39m[1;31m 38191 addCode315019000
[0;39m[1;31m 38191 addCodeAndDescendents
[0;39m[1;31m 38191 addCode48794007
[0;39m[1;31m 38191 addCodeAndDescendents
[0;39m[1;31m 38191 addCode186707002
[0;39m[1;31m 38191 addCodeAndDescendents
[0;39m[1;31m 38191 addCode186708007
[0;39m[1;31m 38191 addCodeAndDescendents
[0;39m[1;31m 38191 addCode230180003
[0;39m[1;31m 38191 addCodeAndDescendents
[0;39m[1;31m 38191 addCode240103002
[0;39m[1;31m 38191 addCodeAndDescendents
[0;39m[1;31m 38191 addCode735521001
[0;39m[1;31m 38191 addCodeAndDescendents
[0;39m[1;31m 38191 addCode735523003
[0;39m[1;31m 38191 addCodeAndDescendents
[0;39m[1;31m 38191 addCode735525005
[0;39m[1;31m 38191 addCodeAndDescendents
[0;39m[1;31m 38191 addCode735527002
[0;39m[1;31m 38191 addCodeAndDescendents
[0;39m[1;31m 38191 addCode735526006
[0;39m[1;31m 38191 addCodeAndDescendents
[0;39m[1;31m 38191 addCode735528007
[0;39m[1;31m 38191 addCodeAndDescendents
[0;39m[1;31m 38191 addCode40780007
[0;39m[1;31m 38191 addCodeAndDescendents
[0;39m[1;31m 38191 addCode1142055000
[0;39m[1;31m 38191 addCodeAndDescendents
[0;39m[1;31m 38191 addCode422194002
[0;39m[1;31m 38191 addCodeAndDescendents
[0;39m[1;31m 38191 addCode713732008
[0;39m[1;31m 38191 addCodeAndDescendents
[0;39m[1;31m 38191 addCode713729005
[0;39m[1;31m 38191 addCodeAndDescendents
[0;39m[1;31m 38191 addCode713845004
[0;39m[1;31m 38191 addCodeAndDescendents
[0;39m[1;31m 38191 addCode713722001
[0;39m[1;31m 38191 addCodeAndDescendents
[0;39m[1;31m 38191 addCode713734009
[0;39m[1;31m 38191 addCodeAndDescendents
[0;39m[1;31m 38191 addCode713730000
[0;39m[1;31m 38191 addCodeAndDescendents
[0;39m[1;31m 38191 addCode713733003
[0;39m[1;31m 38191 addCodeAndDescendents
[0;39m[1;31m 38191 addCode771127006
[0;39m[1;31m 38191 addCodeAndDescendents
[0;39m[1;31m 38191 addCode713881001
[0;39m[1;31m 38191 addCodeAndDescendents
[0;39m[1;31m 38191 addCode713545009
[0;39m[1;31m 38191 addCodeAndDescendents
[0;39m[1;31m 38191 addCode1388563003
[0;39m[1;31m 38191 addCodeAndDescendents
[0;39m[1;31m 38191 addCode1388562008
[0;39m[1;31m 38191 addCodeAndDescendents
[0;39m[1;31m 38191 addCode713342008
[0;39m[1;31m 38191 addCodeAndDescendents
[0;39m[1;31m 38191 addCode713339002
[0;39m[1;31m 38191 addCodeAndDescendents
[0;39m[1;31m 38191 addCode771126002
[0;39m[1;31m 38191 addCodeAndDescendents
[0;39m[1;31m 38191 addCode719522009
[0;39m[1;31m 38191 addCodeAndDescendents
[0;39m[1;31m 38191 addCode445945000
[0;39m[1;31m 38191 addCodeAndDescendents
[0;39m[1;31m 38191 addCode713570009
[0;39m[1;31m 38191 addCodeAndDescendents
[0;39m[1;31m 38191 addCode421454008
[0;39m[1;31m 38191 addCodeAndDescendents
[0;39m[1;31m 38191 addCode1187000005
[0;39m[1;31m 38191 addCodeAndDescendents
[0;39m[1;31m 38191 addCode1187001009
[0;39m[1;31m 38191 addCodeAndDescendents
[0;39m[1;31m 38191 addCode713532005
[0;39m[1;31m 38191 addCodeAndDescendents
[0;39m[1;31m 38191 addCode421708000
[0;39m[1;31m 38191 addCodeAndDescendents
[0;39m[1;31m 38191 addCode420321004
[0;39m[1;31m 38191 addCodeAndDescendents
[0;39m[1;31m 38191 addCode733834006
[0;39m[1;31m 38191 addCodeAndDescendents
[0;39m[1;31m 38191 addCode713546005
[0;39m[1;31m 38191 addCodeAndDescendents
[0;39m[1;31m 38191 addCode420524008
[0;39m[1;31m 38191 addCodeAndDescendents
[0;39m[1;31m 38191 addCode1224841000168107
[0;39m[1;31m 38191 addCodeAndDescendents
[0;39m[1;31m 38191 addCode422189002
[0;39m[1;31m 38191 addCodeAndDescendents
[0;39m[1;31m 38191 addCode713507008
[0;39m[1;31m 38191 addCodeAndDescendents
[0;39m[1;31m 38191 addCode420801006
[0;39m[1;31m 38191 addCodeAndDescendents
[0;39m[1;31m 38191 addCode422282000
[0;39m[1;31m 38191 addCodeAndDescendents
[0;39m[1;31m 38191 addCode713572001
[0;39m[1;31m 38191 addCodeAndDescendents
[0;39m[1;31m 38191 addCode421020000
[0;39m[1;31m 38191 addCodeAndDescendents
[0;39m[1;31m 38191 addCode713964006
[0;39m[1;31m 38191 addCodeAndDescendents
[0;39m[1;31m 38191 addCode420818005
[0;39m[1;31m 38191 addCodeAndDescendents
[0;39m[1;31m 38191 addCode713341001
[0;39m[1;31m 38191 addCodeAndDescendents
[0;39m[1;31m 38191 addCode421315006
[0;39m[1;31m 38191 addCodeAndDescendents
[0;39m[1;31m 38191 addCode420452002
[0;39m[1;31m 38191 addCodeAndDescendents
[0;39m[1;31m 38191 addCode713318009
[0;39m[1;31m 38191 addCodeAndDescendents
[0;39m[1;31m 38191 addCode421929001
[0;39m[1;31m 38191 addCodeAndDescendents
[0;39m[1;31m 38191 addCode713695001
[0;39m[1;31m 38191 addCodeAndDescendents
[0;39m[1;31m 38191 addCode713278001
[0;39m[1;31m 38191 addCodeAndDescendents
[0;39m[1;31m 38191 addCode422136003
[0;39m[1;31m 38191 addCodeAndDescendents
[0;39m[1;31m 38191 addCode713506004
[0;39m[1;31m 38191 addCodeAndDescendents
[0;39m[1;31m 38191 addCode422012004
[0;39m[1;31m 38191 addCodeAndDescendents
[0;39m[1;31m 38191 addCode230598008
[0;39m[1;31m 38191 addCodeAndDescendents
[0;39m[1;31m 38191 addCode416729007
[0;39m[1;31m 38191 addCodeAndDescendents
[0;39m[1;31m 38191 addCode1224861000168106
[0;39m[1;31m 38191 addCodeAndDescendents
[0;39m[1;31m 38191 addCode421431004
[0;39m[1;31m 38191 addCodeAndDescendents
[0;39m[1;31m 38191 addCode421983003
[0;39m[1;31m 38191 addCodeAndDescendents
[0;39m[1;31m 38191 addCode420691000
[0;39m[1;31m 38191 addCodeAndDescendents
[0;39m[1;31m 38191 addCode713880000
[0;39m[1;31m 38191 addCodeAndDescendents
[0;39m[1;31m 38191 addCode713491003
[0;39m[1;31m 38191 addCodeAndDescendents
[0;39m[1;31m 38191 addCode420774007
[0;39m[1;31m 38191 addCodeAndDescendents
[0;39m[1;31m 38191 addCode420614009
[0;39m[1;31m 38191 addCodeAndDescendents
[0;39m[1;31m 38191 addCode405631006
[0;39m[1;31m 38191 addCodeAndDescendents
[0;39m[1;31m 38191 addCode722557007
[0;39m[1;31m 38191 addCodeAndDescendents
[0;39m[1;31m 38191 addCode1371407003
[0;39m[1;31m 38191 addCodeAndDescendents
[0;39m[1;31m 38191 addCode95892003
[0;39m[1;31m 38191 addCodeAndDescendents
[0;39m[1;31m 38191 addCode420787001
[0;39m[1;31m 38191 addCodeAndDescendents
[0;39m[1;31m 38191 addCode421671002
[0;39m[1;31m 38191 addCodeAndDescendents
[0;39m[1;31m 38191 addCode713489006
[0;39m[1;31m 38191 addCodeAndDescendents
[0;39m[1;31m 38191 addCode421597001
[0;39m[1;31m 38191 addCodeAndDescendents
[0;39m[1;31m 38191 addCode713488003
[0;39m[1;31m 38191 addCodeAndDescendents
[0;39m[1;31m 38191 addCode421023003
[0;39m[1;31m 38191 addCodeAndDescendents
[0;39m[1;31m 38191 addCode713325002
[0;39m[1;31m 38191 addCodeAndDescendents
[0;39m[1;31m 38191 addCode1142045004
[0;39m[1;31m 38191 addCodeAndDescendents
[0;39m[1;31m 38191 addCode421283008
[0;39m[1;31m 38191 addCodeAndDescendents
[0;39m[1;31m 38191 addCode713487008
[0;39m[1;31m 38191 addCodeAndDescendents
[0;39m[1;31m 38191 addCode420554003
[0;39m[1;31m 38191 addCodeAndDescendents
[0;39m[1;31m 38191 addCode713731001
[0;39m[1;31m 38191 addCodeAndDescendents
[0;39m[1;31m 38191 addCode713320007
[0;39m[1;31m 38191 addCodeAndDescendents
[0;39m[1;31m 38191 addCode420658009
[0;39m[1;31m 38191 addCodeAndDescendents
[0;39m[1;31m 38191 addCode713526000
[0;39m[1;31m 38191 addCodeAndDescendents
[0;39m[1;31m 38191 addCode714083007
[0;39m[1;31m 38191 addCodeAndDescendents
[0;39m[1;31m 38191 addCode713696000
[0;39m[1;31m 38191 addCodeAndDescendents
[0;39m[1;31m 38191 addCode421874007
[0;39m[1;31m 38191 addCodeAndDescendents
[0;39m[1;31m 38191 addCode713483007
[0;39m[1;31m 38191 addCodeAndDescendents
[0;39m[1;31m 38191 addCode420302007
[0;39m[1;31m 38191 addCodeAndDescendents
[0;39m[1;31m 38191 addCode420308006
[0;39m[1;31m 38191 addCodeAndDescendents
[0;39m[1;31m 38191 addCode421460008
[0;39m[1;31m 38191 addCodeAndDescendents
[0;39m[1;31m 38191 addCode420549007
[0;39m[1;31m 38191 addCodeAndDescendents
[0;39m[1;31m 38191 addCode420764009
[0;39m[1;31m 38191 addCodeAndDescendents
[0;39m[1;31m 38191 addCode700053002
[0;39m[1;31m 38191 addCodeAndDescendents
[0;39m[1;31m 38191 addCode421394009
[0;39m[1;31m 38191 addCodeAndDescendents
[0;39m[1;31m 38191 addCode713316008
[0;39m[1;31m 38191 addCodeAndDescendents
[0;39m[1;31m 38191 addCode420281004
[0;39m[1;31m 38191 addCodeAndDescendents
[0;39m[1;31m 38191 addCode713275003
[0;39m[1;31m 38191 addCodeAndDescendents
[0;39m[1;31m 38191 addCode421883002
[0;39m[1;31m 38191 addCodeAndDescendents
[0;39m[1;31m 38191 addCode713260006
[0;39m[1;31m 38191 addCodeAndDescendents
[0;39m[1;31m 38191 addCode421415007
[0;39m[1;31m 38191 addCodeAndDescendents
[0;39m[1;31m 38191 addCode420938005
[0;39m[1;31m 38191 addCodeAndDescendents
[0;39m[1;31m 38191 addCode421272004
[0;39m[1;31m 38191 addCodeAndDescendents
[0;39m[1;31m 38191 addCode80191000119101
[0;39m[1;31m 38191 addCodeAndDescendents
[0;39m[1;31m 38191 addCode81000119104
[0;39m[1;31m 38191 addCodeAndDescendents
[0;39m[1;31m 38191 addCode421766003
[0;39m[1;31m 38191 addCodeAndDescendents
[0;39m[1;31m 38191 addCode421571007
[0;39m[1;31m 38191 addCodeAndDescendents
[0;39m[1;31m 38191 addCode230202002
[0;39m[1;31m 38191 addCodeAndDescendents
[0;39m[1;31m 38191 addCode421508002
[0;39m[1;31m 38191 addCodeAndDescendents
[0;39m[1;31m 38191 addCode713531003
[0;39m[1;31m 38191 includeCodes
[0;39m[1;31m 38191 doServerIncludeCodes
[0;39m[1;31m 39317 addCodeAndDescendents
[0;39m[1;31m 39317 addCode312453004
[0;39m[1;31m 39317 addCodeAndDescendents
[0;39m[1;31m 39317 addCode312454005
[0;39m[1;31m 39317 addCodeAndDescendents
[0;39m[1;31m 39317 addCode370202007
[0;39m[1;31m 39317 addCodeAndDescendents
[0;39m[1;31m 39317 addCode370204008
[0;39m[1;31m 39317 addCodeAndDescendents
[0;39m[1;31m 39317 addCode370205009
[0;39m[1;31m 39317 addCodeAndDescendents
[0;39m[1;31m 39317 addCode170632009
[0;39m[1;31m 39317 addCodeAndDescendents
[0;39m[1;31m 39317 addCode373899003
[0;39m[1;31m 39317 addCodeAndDescendents
[0;39m[1;31m 39317 addCode170631002
[0;39m[1;31m 39317 addCodeAndDescendents
[0;39m[1;31m 39317 addCode170634005
[0;39m[1;31m 39317 addCodeAndDescendents
[0;39m[1;31m 39317 addCode170633004
[0;39m[1;31m 39317 addCodeAndDescendents
[0;39m[1;31m 39317 addCode390798007
[0;39m[1;31m 39317 addCodeAndDescendents
[0;39m[1;31m 39317 addCode370208006
[0;39m[1;31m 39317 addCodeAndDescendents
[0;39m[1;31m 39317 addCode782559003
[0;39m[1;31m 39317 addCodeAndDescendents
[0;39m[1;31m 39317 addCode170636007
[0;39m[1;31m 39317 addCodeAndDescendents
[0;39m[1;31m 39317 addCode170658009
[0;39m[1;31m 39317 addCodeAndDescendents
[0;39m[1;31m 39317 addCode395022009
[0;39m[1;31m 39317 addCodeAndDescendents
[0;39m[1;31m 39317 addCode170635006
[0;39m[1;31m 39317 addCodeAndDescendents
[0;39m[1;31m 39317 addCode170638008
[0;39m[1;31m 39317 addCodeAndDescendents
[0;39m[1;31m 39317 addCode370226009
[0;39m[1;31m 39317 addCodeAndDescendents
[0;39m[1;31m 39317 addCode370225008
[0;39m[1;31m 39317 addCodeAndDescendents
[0;39m[1;31m 39317 addCode397579009
[0;39m[1;31m 39318 includeCodes
[0;39m[1;31m 39318 doServerIncludeCodes
[0;39m[1;31m 40532 addCodeAndDescendents
[0;39m[1;31m 40532 addCode281239006
[0;39m[1;31m 40532 addCodeAndDescendents
[0;39m[1;31m 40532 addCode99031000119107
[0;39m[1;31m 40532 addCodeAndDescendents
[0;39m[1;31m 40532 addCode442025000
[0;39m[1;31m 40532 addCodeAndDescendents
[0;39m[1;31m 40532 addCode1751000119100
[0;39m[1;31m 40532 addCodeAndDescendents
[0;39m[1;31m 40532 addCode708093000
[0;39m[1;31m 40532 addCodeAndDescendents
[0;39m[1;31m 40532 addCode10674791000119101
[0;39m[1;31m 40532 addCodeAndDescendents
[0;39m[1;31m 40532 addCode708094006
[0;39m[1;31m 40533 addCodeAndDescendents
[0;39m[1;31m 40533 addCode10676271000119104
[0;39m[1;31m 40533 addCodeAndDescendents
[0;39m[1;31m 40533 addCode10675311000119105
[0;39m[1;31m 40533 addCodeAndDescendents
[0;39m[1;31m 40533 addCode782513000
[0;39m[1;31m 40533 addCodeAndDescendents
[0;39m[1;31m 40533 addCode708090002
[0;39m[1;31m 40533 addCodeAndDescendents
[0;39m[1;31m 40533 addCode10674711000119105
[0;39m[1;31m 40533 addCodeAndDescendents
[0;39m[1;31m 40533 addCode708095007
[0;39m[1;31m 40533 addCodeAndDescendents
[0;39m[1;31m 40533 addCode708096008
[0;39m[1;31m 40533 addCodeAndDescendents
[0;39m[1;31m 40533 addCode10675911000119109
[0;39m[1;31m 40533 addCodeAndDescendents
[0;39m[1;31m 40533 addCode10675991000119100
[0;39m[1;31m 40533 addCodeAndDescendents
[0;39m[1;31m 40533 addCode707981009
[0;39m[1;31m 40533 addCodeAndDescendents
[0;39m[1;31m 40533 addCode10676431000119103
[0;39m[1;31m 40533 addCodeAndDescendents
[0;39m[1;31m 40533 addCode707980005
[0;39m[1;31m 40533 addCodeAndDescendents
[0;39m[1;31m 40533 addCode10676511000119109
[0;39m[1;31m 40533 addCodeAndDescendents
[0;39m[1;31m 40533 addCode10675471000119109
[0;39m[1;31m 40533 addCodeAndDescendents
[0;39m[1;31m 40533 addCode707979007
[0;39m[1;31m 40533 addCodeAndDescendents
[0;39m[1;31m 40533 addCode10675551000119104
[0;39m[1;31m 40533 addCodeAndDescendents
[0;39m[1;31m 40533 addCode733858005
[0;39m[1;31m 40533 addCodeAndDescendents
[0;39m[1;31m 40533 addCode389145006
[0;39m[1;31m 40533 addCodeAndDescendents
[0;39m[1;31m 40533 addCode703954005
[0;39m[1;31m 40533 addCodeAndDescendents
[0;39m[1;31m 40533 addCode703953004
[0;39m[1;31m 40533 addCodeAndDescendents
[0;39m[1;31m 40533 addCode63088003
[0;39m[1;31m 40533 addCodeAndDescendents
[0;39m[1;31m 40533 addCode195967001
[0;39m[1;31m 40533 addCodeAndDescendents
[0;39m[1;31m 40533 addCode56968009
[0;39m[1;31m 40533 addCodeAndDescendents
[0;39m[1;31m 40533 addCode10742121000119104
[0;39m[1;31m 40533 addCodeAndDescendents
[0;39m[1;31m 40533 addCode72301000119103
[0;39m[1;31m 40533 addCodeAndDescendents
[0;39m[1;31m 40533 addCode401000119107
[0;39m[1;31m 40533 addCodeAndDescendents
[0;39m[1;31m 40533 addCode1388280000
[0;39m[1;31m 40533 addCodeAndDescendents
[0;39m[1;31m 40533 addCode55570000
[0;39m[1;31m 40533 addCodeAndDescendents
[0;39m[1;31m 40533 addCode10692761000119107
[0;39m[1;31m 40533 addCodeAndDescendents
[0;39m[1;31m 40533 addCode405944004
[0;39m[1;31m 40533 addCodeAndDescendents
[0;39m[1;31m 40533 addCode233691007
[0;39m[1;31m 40533 addCodeAndDescendents
[0;39m[1;31m 40533 addCode34015007
[0;39m[1;31m 40533 addCodeAndDescendents
[0;39m[1;31m 40533 addCode225057002
[0;39m[1;31m 40533 addCodeAndDescendents
[0;39m[1;31m 40533 addCode404806001
[0;39m[1;31m 40533 addCodeAndDescendents
[0;39m[1;31m 40533 addCode92807009
[0;39m[1;31m 40533 addCodeAndDescendents
[0;39m[1;31m 40533 addCode233678006
[0;39m[1;31m 40533 addCodeAndDescendents
[0;39m[1;31m 40533 addCode195949008
[0;39m[1;31m 40533 addCodeAndDescendents
[0;39m[1;31m 40533 addCode10692721000119102
[0;39m[1;31m 40533 addCodeAndDescendents
[0;39m[1;31m 40533 addCode233687002
[0;39m[1;31m 40533 addCodeAndDescendents
[0;39m[1;31m 40533 addCode409663006
[0;39m[1;31m 40533 addCodeAndDescendents
[0;39m[1;31m 40533 addCode41553006
[0;39m[1;31m 40533 addCodeAndDescendents
[0;39m[1;31m 40533 addCode1388496004
[0;39m[1;31m 40533 addCodeAndDescendents
[0;39m[1;31m 40533 addCode93432008
[0;39m[1;31m 40533 addCodeAndDescendents
[0;39m[1;31m 40533 addCode762521001
[0;39m[1;31m 40533 addCodeAndDescendents
[0;39m[1;31m 40533 addCode782520007
[0;39m[1;31m 40533 addCodeAndDescendents
[0;39m[1;31m 40533 addCode425969006
[0;39m[1;31m 40533 addCodeAndDescendents
[0;39m[1;31m 40533 addCode707445000
[0;39m[1;31m 40533 addCodeAndDescendents
[0;39m[1;31m 40533 addCode707446004
[0;39m[1;31m 40533 addCodeAndDescendents
[0;39m[1;31m 40533 addCode707447008
[0;39m[1;31m 40533 addCodeAndDescendents
[0;39m[1;31m 40533 addCode233683003
[0;39m[1;31m 40533 addCodeAndDescendents
[0;39m[1;31m 40533 addCode424643009
[0;39m[1;31m 40533 addCodeAndDescendents
[0;39m[1;31m 40533 addCode10674991000119104
[0;39m[1;31m 40533 addCodeAndDescendents
[0;39m[1;31m 40533 addCode427603009
[0;39m[1;31m 40533 addCodeAndDescendents
[0;39m[1;31m 40533 addCode125021000119107
[0;39m[1;31m 40533 addCodeAndDescendents
[0;39m[1;31m 40533 addCode1741000119102
[0;39m[1;31m 40533 addCodeAndDescendents
[0;39m[1;31m 40533 addCode641000119106
[0;39m[1;31m 40533 addCodeAndDescendents
[0;39m[1;31m 40533 addCode266361008
[0;39m[1;31m 40533 addCodeAndDescendents
[0;39m[1;31m 40533 addCode12428000
[0;39m[1;31m 40533 addCodeAndDescendents
[0;39m[1;31m 40533 addCode1388456001
[0;39m[1;31m 40533 addCodeAndDescendents
[0;39m[1;31m 40533 addCode404808000
[0;39m[1;31m 40533 addCodeAndDescendents
[0;39m[1;31m 40533 addCode233679003
[0;39m[1;31m 40533 addCodeAndDescendents
[0;39m[1;31m 40533 addCode734904007
[0;39m[1;31m 40533 addCodeAndDescendents
[0;39m[1;31m 40533 addCode19849005
[0;39m[1;31m 40533 addCodeAndDescendents
[0;39m[1;31m 40533 addCode370218001
[0;39m[1;31m 40533 addCodeAndDescendents
[0;39m[1;31m 40533 addCode427679007
[0;39m[1;31m 40533 addCodeAndDescendents
[0;39m[1;31m 40533 addCode10675871000119106
[0;39m[1;31m 40533 addCodeAndDescendents
[0;39m[1;31m 40533 addCode10676031000119106
[0;39m[1;31m 40533 addCodeAndDescendents
[0;39m[1;31m 40533 addCode10676151000119101
[0;39m[1;31m 40533 addCodeAndDescendents
[0;39m[1;31m 40533 addCode426979002
[0;39m[1;31m 40533 addCodeAndDescendents
[0;39m[1;31m 40533 addCode125011000119100
[0;39m[1;31m 40533 addCodeAndDescendents
[0;39m[1;31m 40533 addCode10676071000119109
[0;39m[1;31m 40533 addCodeAndDescendents
[0;39m[1;31m 40533 addCode10676111000119102
[0;39m[1;31m 40533 addCodeAndDescendents
[0;39m[1;31m 40533 addCode10676191000119106
[0;39m[1;31m 40533 addCodeAndDescendents
[0;39m[1;31m 40533 addCode10676231000119102
[0;39m[1;31m 40533 addCodeAndDescendents
[0;39m[1;31m 40533 addCode11641008
[0;39m[1;31m 40533 addCodeAndDescendents
[0;39m[1;31m 40533 addCode195977004
[0;39m[1;31m 40533 addCodeAndDescendents
[0;39m[1;31m 40533 addCode734905008
[0;39m[1;31m 40533 addCodeAndDescendents
[0;39m[1;31m 40533 addCode370219009
[0;39m[1;31m 40533 addCodeAndDescendents
[0;39m[1;31m 40533 addCode10676391000119108
[0;39m[1;31m 40533 addCodeAndDescendents
[0;39m[1;31m 40533 addCode10676551000119105
[0;39m[1;31m 40533 addCodeAndDescendents
[0;39m[1;31m 40533 addCode10676631000119100
[0;39m[1;31m 40533 addCodeAndDescendents
[0;39m[1;31m 40533 addCode427295004
[0;39m[1;31m 40533 addCodeAndDescendents
[0;39m[1;31m 40533 addCode125001000119103
[0;39m[1;31m 40533 addCodeAndDescendents
[0;39m[1;31m 40533 addCode10676351000119103
[0;39m[1;31m 40533 addCodeAndDescendents
[0;39m[1;31m 40533 addCode10676711000119103
[0;39m[1;31m 40533 addCodeAndDescendents
[0;39m[1;31m 40533 addCode10676671000119102
[0;39m[1;31m 40533 addCodeAndDescendents
[0;39m[1;31m 40533 addCode10676591000119100
[0;39m[1;31m 40533 addCodeAndDescendents
[0;39m[1;31m 40533 addCode786836003
[0;39m[1;31m 40533 addCodeAndDescendents
[0;39m[1;31m 40533 addCode1388270004
[0;39m[1;31m 40533 addCodeAndDescendents
[0;39m[1;31m 40533 addCode423889005
[0;39m[1;31m 40533 addCodeAndDescendents
[0;39m[1;31m 40533 addCode370220003
[0;39m[1;31m 40533 addCodeAndDescendents
[0;39m[1;31m 40533 addCode57607007
[0;39m[1;31m 40533 addCodeAndDescendents
[0;39m[1;31m 40533 addCode16584951000119101
[0;39m[1;31m 40533 addCodeAndDescendents
[0;39m[1;31m 40533 addCode1388281001
[0;39m[1;31m 40533 addCodeAndDescendents
[0;39m[1;31m 40533 addCode404804003
[0;39m[1;31m 40533 addCodeAndDescendents
[0;39m[1;31m 40533 addCode18041002
[0;39m[1;31m 40533 addCodeAndDescendents
[0;39m[1;31m 40533 addCode445427006
[0;39m[1;31m 40533 addCodeAndDescendents
[0;39m[1;31m 40533 addCode1388311009
[0;39m[1;31m 40533 addCodeAndDescendents
[0;39m[1;31m 40533 addCode370221004
[0;39m[1;31m 40533 addCodeAndDescendents
[0;39m[1;31m 40533 addCode1388269000
[0;39m[1;31m 40533 addCodeAndDescendents
[0;39m[1;31m 40533 addCode10675391000119101
[0;39m[1;31m 40533 addCodeAndDescendents
[0;39m[1;31m 40533 addCode10675431000119106
[0;39m[1;31m 40533 addCodeAndDescendents
[0;39m[1;31m 40533 addCode10675591000119109
[0;39m[1;31m 40533 addCodeAndDescendents
[0;39m[1;31m 40533 addCode10675671000119107
[0;39m[1;31m 40533 addCodeAndDescendents
[0;39m[1;31m 40533 addCode426656000
[0;39m[1;31m 40533 addCodeAndDescendents
[0;39m[1;31m 40533 addCode124991000119109
[0;39m[1;31m 40533 addCodeAndDescendents
[0;39m[1;31m 40533 addCode10675631000119109
[0;39m[1;31m 40533 addCodeAndDescendents
[0;39m[1;31m 40533 addCode10675711000119106
[0;39m[1;31m 40533 addCodeAndDescendents
[0;39m[1;31m 40533 addCode10675751000119107
[0;39m[1;31m 40533 addCodeAndDescendents
[0;39m[1;31m 40533 addCode2360001000004109
[0;39m[1;31m 40533 addCodeAndDescendents
[0;39m[1;31m 40533 addCode233688007
[0;39m[1;31m 40533 addCodeAndDescendents
[0;39m[1;31m 40533 addCode418395004
[0;39m[1;31m 40533 addCodeAndDescendents
[0;39m[1;31m 40533 addCode829976001
[0;39m[1;31m 40533 addCodeAndDescendents
[0;39m[1;31m 40533 addCode735588005
[0;39m[1;31m 40533 addCodeAndDescendents
[0;39m[1;31m 40533 addCode707444001
[0;39m[1;31m 40533 addCodeAndDescendents
[0;39m[1;31m 40533 addCode707511009
[0;39m[1;31m 40533 addCodeAndDescendents
[0;39m[1;31m 40533 addCode707512002
[0;39m[1;31m 40533 addCodeAndDescendents
[0;39m[1;31m 40533 addCode735589002
[0;39m[1;31m 40533 addCodeAndDescendents
[0;39m[1;31m 40533 addCode707513007
[0;39m[1;31m 40533 addCodeAndDescendents
[0;39m[1;31m 40533 addCode1290026000
[0;39m[1;31m 40534 addCodeAndDescendents
[0;39m[1;31m 40534 addCode765881000168103
[0;39m[1;31m 40534 addCodeAndDescendents
[0;39m[1;31m 40534 addCode59786004
[0;39m[1;31m 40534 addCodeAndDescendents
[0;39m[1;31m 40534 addCode1599021000168109
[0;39m[1;31m 40534 includeCodes
[0;39m[1;31m 40534 doServerIncludeCodes
[0;39m[1;31m 41743 addCodeAndDescendents
[0;39m[1;31m 41743 addCode35327006
[0;39m[1;31m 41743 includeCodes
[0;39m[1;31m 41743 doServerIncludeCodes
[0;39m[1;31m 42954 addCodeAndDescendents
[0;39m[1;31m 42954 addCode64976006
[0;39m[1;31m 42954 addCodeAndDescendents
[0;39m[1;31m 42954 addCode197046003
[0;39m[1;31m 42954 addCodeAndDescendents
[0;39m[1;31m 42954 addCode197049005
[0;39m[1;31m 42954 addCodeAndDescendents
[0;39m[1;31m 42954 addCode17186003
[0;39m[1;31m 42954 addCodeAndDescendents
[0;39m[1;31m 42954 addCode26316005
[0;39m[1;31m 42954 addCodeAndDescendents
[0;39m[1;31m 42954 addCode313326008
[0;39m[1;31m 42954 addCodeAndDescendents
[0;39m[1;31m 42954 addCode91446004
[0;39m[1;31m 42954 addCodeAndDescendents
[0;39m[1;31m 42954 addCode111361008
[0;39m[1;31m 42954 addCodeAndDescendents
[0;39m[1;31m 42954 addCode27673007
[0;39m[1;31m 42954 addCodeAndDescendents
[0;39m[1;31m 42954 addCode405558008
[0;39m[1;31m 42954 addCodeAndDescendents
[0;39m[1;31m 42954 addCode49723003
[0;39m[1;31m 42954 addCodeAndDescendents
[0;39m[1;31m 42954 addCode721676001
[0;39m[1;31m 42954 addCodeAndDescendents
[0;39m[1;31m 42954 addCode11578004
[0;39m[1;31m 42954 addCodeAndDescendents
[0;39m[1;31m 42954 addCode721651002
[0;39m[1;31m 42954 addCodeAndDescendents
[0;39m[1;31m 42954 addCode197047007
[0;39m[1;31m 42954 addCodeAndDescendents
[0;39m[1;31m 42954 addCode24610009
[0;39m[1;31m 42954 includeCodes
[0;39m[1;31m 42954 doServerIncludeCodes
[0;39m[1;31m 44095 addCodeAndDescendents
[0;39m[1;31m 44095 addCode69776003
[0;39m[1;31m 44095 addCodeAndDescendents
[0;39m[1;31m 44095 addCode359613008
[0;39m[1;31m 44095 addCodeAndDescendents
[0;39m[1;31m 44095 addCode36789003
[0;39m[1;31m 44095 addCodeAndDescendents
[0;39m[1;31m 44095 addCode109814008
[0;39m[1;31m 44095 addCodeAndDescendents
[0;39m[1;31m 44095 addCode765756007
[0;39m[1;31m 44095 addCodeAndDescendents
[0;39m[1;31m 44095 addCode707222009
[0;39m[1;31m 44095 includeCodes
[0;39m[1;31m 44095 doServerIncludeCodes
[0;39m[1;31m 45363 addCodeAndDescendents
[0;39m[1;31m 45363 addCode1365902008
[0;39m[1;31m 45364 addCodeAndDescendents
[0;39m[1;31m 45364 addCode240381007
[0;39m[1;31m 45364 addCodeAndDescendents
[0;39m[1;31m 45364 addCode186276006
[0;39m[1;31m 45364 addCodeAndDescendents
[0;39m[1;31m 45364 addCode25629007
[0;39m[1;31m 45364 addCodeAndDescendents
[0;39m[1;31m 45364 addCode194949003
[0;39m[1;31m 45364 addCodeAndDescendents
[0;39m[1;31m 45364 addCode240380008
[0;39m[1;31m 45364 addCodeAndDescendents
[0;39m[1;31m 45364 addCode413556004
[0;39m[1;31m 45364 addCodeAndDescendents
[0;39m[1;31m 45364 addCode1365812000
[0;39m[1;31m 45364 addCodeAndDescendents
[0;39m[1;31m 45364 addCode402974000
[0;39m[1;31m 45364 addCodeAndDescendents
[0;39m[1;31m 45364 addCode1372734002
[0;39m[1;31m 45364 addCodeAndDescendents
[0;39m[1;31m 45364 addCode15988431000119101
[0;39m[1;31m 45364 addCodeAndDescendents
[0;39m[1;31m 45364 addCode1365822006
[0;39m[1;31m 45364 addCodeAndDescendents
[0;39m[1;31m 45364 addCode15992791000119108
[0;39m[1;31m 45364 addCodeAndDescendents
[0;39m[1;31m 45364 addCode15991671000119109
[0;39m[1;31m 45364 addCodeAndDescendents
[0;39m[1;31m 45364 addCode15984271000119108
[0;39m[1;31m 45364 addCodeAndDescendents
[0;39m[1;31m 45364 addCode54084005
[0;39m[1;31m 45364 addCodeAndDescendents
[0;39m[1;31m 45364 addCode1365969002
[0;39m[1;31m 45364 addCodeAndDescendents
[0;39m[1;31m 45364 addCode15991431000119108
[0;39m[1;31m 45364 addCodeAndDescendents
[0;39m[1;31m 45364 addCode22990009
[0;39m[1;31m 45364 addCodeAndDescendents
[0;39m[1;31m 45364 addCode413852006
[0;39m[1;31m 45364 addCodeAndDescendents
[0;39m[1;31m 45364 addCode37260006
[0;39m[1;31m 45364 addCodeAndDescendents
[0;39m[1;31m 45364 addCode1286779006
[0;39m[1;31m 45364 addCodeAndDescendents
[0;39m[1;31m 45364 addCode15988511000119107
[0;39m[1;31m 45364 addCodeAndDescendents
[0;39m[1;31m 45364 addCode1365988009
[0;39m[1;31m 45364 addCodeAndDescendents
[0;39m[1;31m 45364 addCode15988471000119103
[0;39m[1;31m 45364 addCodeAndDescendents
[0;39m[1;31m 45364 addCode1365816002
[0;39m[1;31m 45364 addCodeAndDescendents
[0;39m[1;31m 45364 addCode460464006
[0;39m[1;31m 45364 addCodeAndDescendents
[0;39m[1;31m 45364 addCode240382000
[0;39m[1;31m 45364 addCodeAndDescendents
[0;39m[1;31m 45364 addCode840446000
[0;39m[1;31m 45364 addCodeAndDescendents
[0;39m[1;31m 45364 addCode1365819009
[0;39m[1;31m 45364 addCodeAndDescendents
[0;39m[1;31m 45364 addCode182159002
[0;39m[1;31m 45364 addCodeAndDescendents
[0;39m[1;31m 45364 addCode423709000
[0;39m[1;31m 45364 addCodeAndDescendents
[0;39m[1;31m 45364 addCode1286780009
[0;39m[1;31m 45364 addCodeAndDescendents
[0;39m[1;31m 45364 addCode15992751000119103
[0;39m[1;31m 45364 addCodeAndDescendents
[0;39m[1;31m 45364 addCode15992831000119102
[0;39m[1;31m 45364 addCodeAndDescendents
[0;39m[1;31m 45364 addCode414146004
[0;39m[1;31m 45364 addCodeAndDescendents
[0;39m[1;31m 45364 addCode414149006
[0;39m[1;31m 45364 addCodeAndDescendents
[0;39m[1;31m 45364 addCode710106005
[0;39m[1;31m 45364 addCodeAndDescendents
[0;39m[1;31m 45364 addCode733835007
[0;39m[1;31m 45364 addCodeAndDescendents
[0;39m[1;31m 45364 addCode422481005
[0;39m[1;31m 45364 addCodeAndDescendents
[0;39m[1;31m 45364 addCode198241002
[0;39m[1;31m 45364 addCodeAndDescendents
[0;39m[1;31m 45364 addCode281623008
[0;39m[1;31m 45364 addCodeAndDescendents
[0;39m[1;31m 45364 addCode1197013001
[0;39m[1;31m 45364 addCodeAndDescendents
[0;39m[1;31m 45364 addCode735521001
[0;39m[1;31m 45364 addCodeAndDescendents
[0;39m[1;31m 45364 addCode735523003
[0;39m[1;31m 45364 addCodeAndDescendents
[0;39m[1;31m 45364 addCode735525005
[0;39m[1;31m 45364 addCodeAndDescendents
[0;39m[1;31m 45364 addCode735527002
[0;39m[1;31m 45364 addCodeAndDescendents
[0;39m[1;31m 45364 addCode860803004
[0;39m[1;31m 45364 addCodeAndDescendents
[0;39m[1;31m 45364 addCode373085003
[0;39m[1;31m 45364 addCodeAndDescendents
[0;39m[1;31m 45364 addCode1162404007
[0;39m[1;31m 45364 addCodeAndDescendents
[0;39m[1;31m 45364 addCode735518003
[0;39m[1;31m 45364 addCodeAndDescendents
[0;39m[1;31m 45364 addCode735519006
[0;39m[1;31m 45364 addCodeAndDescendents
[0;39m[1;31m 45364 addCode1365830007
[0;39m[1;31m 45364 addCodeAndDescendents
[0;39m[1;31m 45364 addCode866083008
[0;39m[1;31m 45364 addCodeAndDescendents
[0;39m[1;31m 45364 addCode1365831006
[0;39m[1;31m 45364 addCodeAndDescendents
[0;39m[1;31m 45364 addCode1162297009
[0;39m[1;31m 45364 addCodeAndDescendents
[0;39m[1;31m 45364 addCode1365832004
[0;39m[1;31m 45364 addCodeAndDescendents
[0;39m[1;31m 45364 addCode721732001
[0;39m[1;31m 45364 addCodeAndDescendents
[0;39m[1;31m 45364 addCode1365833009
[0;39m[1;31m 45364 addCodeAndDescendents
[0;39m[1;31m 45364 addCode1231669001
[0;39m[1;31m 45364 addCodeAndDescendents
[0;39m[1;31m 45364 addCode1365834003
[0;39m[1;31m 45364 addCodeAndDescendents
[0;39m[1;31m 45364 addCode788960009
[0;39m[1;31m 45364 addCodeAndDescendents
[0;39m[1;31m 45364 addCode1162401004
[0;39m[1;31m 45364 addCodeAndDescendents
[0;39m[1;31m 45364 addCode1162356000
[0;39m[1;31m 45364 addCodeAndDescendents
[0;39m[1;31m 45364 addCode186175002
[0;39m[1;31m 45364 addCodeAndDescendents
[0;39m[1;31m 45364 addCode1365835002
[0;39m[1;31m 45364 addCodeAndDescendents
[0;39m[1;31m 45364 addCode1092761000119105
[0;39m[1;31m 45364 addCodeAndDescendents
[0;39m[1;31m 45364 addCode1365836001
[0;39m[1;31m 45364 addCodeAndDescendents
[0;39m[1;31m 45364 addCode80010008
[0;39m[1;31m 45364 addCodeAndDescendents
[0;39m[1;31m 45364 addCode77668003
[0;39m[1;31m 45364 addCodeAndDescendents
[0;39m[1;31m 45364 addCode700273003
[0;39m[1;31m 45364 addCodeAndDescendents
[0;39m[1;31m 45364 addCode414546009
[0;39m[1;31m 45364 addCodeAndDescendents
[0;39m[1;31m 45364 addCode1365897007
[0;39m[1;31m 45364 addCodeAndDescendents
[0;39m[1;31m 45364 addCode15991471000119106
[0;39m[1;31m 45364 addCodeAndDescendents
[0;39m[1;31m 45364 addCode1365823001
[0;39m[1;31m 45364 addCodeAndDescendents
[0;39m[1;31m 45364 addCode15991591000119106
[0;39m[1;31m 45364 addCodeAndDescendents
[0;39m[1;31m 45364 addCode1365838000
[0;39m[1;31m 45364 addCodeAndDescendents
[0;39m[1;31m 45364 addCode10528009
[0;39m[1;31m 45364 addCodeAndDescendents
[0;39m[1;31m 45364 addCode714394004
[0;39m[1;31m 45364 addCodeAndDescendents
[0;39m[1;31m 45364 addCode199175001
[0;39m[1;31m 45364 addCodeAndDescendents
[0;39m[1;31m 45364 addCode47604008
[0;39m[1;31m 45364 addCodeAndDescendents
[0;39m[1;31m 45364 addCode423092005
[0;39m[1;31m 45364 addCodeAndDescendents
[0;39m[1;31m 45364 addCode1363113005
[0;39m[1;31m 45364 addCodeAndDescendents
[0;39m[1;31m 45364 addCode735517008
[0;39m[1;31m 45364 addCodeAndDescendents
[0;39m[1;31m 45364 addCode1365991009
[0;39m[1;31m 45364 addCodeAndDescendents
[0;39m[1;31m 45364 addCode16060551000119103
[0;39m[1;31m 45364 addCodeAndDescendents
[0;39m[1;31m 45364 addCode235067001
[0;39m[1;31m 45364 addCodeAndDescendents
[0;39m[1;31m 45364 addCode441770001
[0;39m[1;31m 45364 addCodeAndDescendents
[0;39m[1;31m 45364 addCode870333003
[0;39m[1;31m 45364 addCodeAndDescendents
[0;39m[1;31m 45364 addCode460440005
[0;39m[1;31m 45364 addCodeAndDescendents
[0;39m[1;31m 45364 addCode111832004
[0;39m[1;31m 45364 addCodeAndDescendents
[0;39m[1;31m 45364 addCode63309002
[0;39m[1;31m 45364 addCodeAndDescendents
[0;39m[1;31m 45364 addCode88356006
[0;39m[1;31m 45364 addCodeAndDescendents
[0;39m[1;31m 45364 addCode473430007
[0;39m[1;31m 45364 addCodeAndDescendents
[0;39m[1;31m 45364 addCode473426009
[0;39m[1;31m 45364 addCodeAndDescendents
[0;39m[1;31m 45364 addCode473428005
[0;39m[1;31m 45364 addCodeAndDescendents
[0;39m[1;31m 45364 addCode473427000
[0;39m[1;31m 45364 addCodeAndDescendents
[0;39m[1;31m 45364 addCode473431006
[0;39m[1;31m 45364 addCodeAndDescendents
[0;39m[1;31m 45364 addCode154283005
[0;39m[1;31m 45364 addCodeAndDescendents
[0;39m[1;31m 45364 addCode415222009
[0;39m[1;31m 45364 addCodeAndDescendents
[0;39m[1;31m 45364 addCode51014003
[0;39m[1;31m 45364 addCodeAndDescendents
[0;39m[1;31m 45364 addCode446946005
[0;39m[1;31m 45364 addCodeAndDescendents
[0;39m[1;31m 45364 addCode1362008003
[0;39m[1;31m 45364 addCodeAndDescendents
[0;39m[1;31m 45364 addCode447006007
[0;39m[1;31m 45364 addCodeAndDescendents
[0;39m[1;31m 45364 addCode1362007008
[0;39m[1;31m 45364 addCodeAndDescendents
[0;39m[1;31m 45364 addCode186202007
[0;39m[1;31m 45364 addCodeAndDescendents
[0;39m[1;31m 45364 addCode415345001
[0;39m[1;31m 45364 addCodeAndDescendents
[0;39m[1;31m 45364 addCode15991511000119102
[0;39m[1;31m 45364 addCodeAndDescendents
[0;39m[1;31m 45364 addCode1365825008
[0;39m[1;31m 45364 addCodeAndDescendents
[0;39m[1;31m 45364 addCode15991631000119106
[0;39m[1;31m 45364 addCodeAndDescendents
[0;39m[1;31m 45364 addCode1365840005
[0;39m[1;31m 45364 addCodeAndDescendents
[0;39m[1;31m 45364 addCode82796002
[0;39m[1;31m 45364 addCodeAndDescendents
[0;39m[1;31m 45364 addCode186259007
[0;39m[1;31m 45364 addCodeAndDescendents
[0;39m[1;31m 45364 addCode233763009
[0;39m[1;31m 45364 addCodeAndDescendents
[0;39m[1;31m 45364 addCode415622003
[0;39m[1;31m 45364 addCodeAndDescendents
[0;39m[1;31m 45364 addCode56717001
[0;39m[1;31m 45364 addCodeAndDescendents
[0;39m[1;31m 45364 addCode10759881000119100
[0;39m[1;31m 45364 addCodeAndDescendents
[0;39m[1;31m 45364 addCode267317007
[0;39m[1;31m 45364 addCodeAndDescendents
[0;39m[1;31m 45364 addCode447330002
[0;39m[1;31m 45364 addCodeAndDescendents
[0;39m[1;31m 45364 addCode185113005
[0;39m[1;31m 45364 addCodeAndDescendents
[0;39m[1;31m 45364 addCode1177026009
[0;39m[1;31m 45364 addCodeAndDescendents
[0;39m[1;31m 45364 addCode39306006
[0;39m[1;31m 45364 addCodeAndDescendents
[0;39m[1;31m 45364 addCode32268008
[0;39m[1;31m 45364 addCodeAndDescendents
[0;39m[1;31m 45364 addCode203280005
[0;39m[1;31m 45364 addCodeAndDescendents
[0;39m[1;31m 45364 addCode203270006
[0;39m[1;31m 45364 addCodeAndDescendents
[0;39m[1;31m 45364 addCode203279007
[0;39m[1;31m 45364 addCodeAndDescendents
[0;39m[1;31m 45364 addCode203272003
[0;39m[1;31m 45364 addCodeAndDescendents
[0;39m[1;31m 45364 addCode81133003
[0;39m[1;31m 45364 addCodeAndDescendents
[0;39m[1;31m 45364 addCode203282002
[0;39m[1;31m 45364 addCodeAndDescendents
[0;39m[1;31m 45364 addCode203278004
[0;39m[1;31m 45364 addCodeAndDescendents
[0;39m[1;31m 45364 addCode449925002
[0;39m[1;31m 45364 addCodeAndDescendents
[0;39m[1;31m 45364 addCode17653001
[0;39m[1;31m 45364 addCodeAndDescendents
[0;39m[1;31m 45364 addCode12677003
[0;39m[1;31m 45364 addCodeAndDescendents
[0;39m[1;31m 45364 addCode237445009
[0;39m[1;31m 45364 addCodeAndDescendents
[0;39m[1;31m 45364 addCode186178000
[0;39m[1;31m 45364 addCodeAndDescendents
[0;39m[1;31m 45364 addCode10706006
[0;39m[1;31m 45364 addCodeAndDescendents
[0;39m[1;31m 45364 addCode90302003
[0;39m[1;31m 45364 addCodeAndDescendents
[0;39m[1;31m 45364 addCode203263006
[0;39m[1;31m 45364 addCodeAndDescendents
[0;39m[1;31m 45364 addCode301836007
[0;39m[1;31m 45364 addCodeAndDescendents
[0;39m[1;31m 45364 addCode111825008
[0;39m[1;31m 45364 addCodeAndDescendents
[0;39m[1;31m 45364 addCode1365829002
[0;39m[1;31m 45364 addCodeAndDescendents
[0;39m[1;31m 45364 addCode186269001
[0;39m[1;31m 45364 addCodeAndDescendents
[0;39m[1;31m 45364 addCode52987001
[0;39m[1;31m 45364 addCodeAndDescendents
[0;39m[1;31m 45364 addCode83652003
[0;39m[1;31m 45364 addCodeAndDescendents
[0;39m[1;31m 45364 addCode49107007
[0;39m[1;31m 45364 addCodeAndDescendents
[0;39m[1;31m 45364 addCode74181004
[0;39m[1;31m 45364 addCodeAndDescendents
[0;39m[1;31m 45364 addCode240376003
[0;39m[1;31m 45364 addCodeAndDescendents
[0;39m[1;31m 45364 addCode4445009
[0;39m[1;31m 45364 addCodeAndDescendents
[0;39m[1;31m 45364 addCode55419007
[0;39m[1;31m 45364 addCodeAndDescendents
[0;39m[1;31m 45364 addCode302131003
[0;39m[1;31m 45364 addCodeAndDescendents
[0;39m[1;31m 45364 addCode74387008
[0;39m[1;31m 45364 addCodeAndDescendents
[0;39m[1;31m 45364 addCode1365898002
[0;39m[1;31m 45364 addCodeAndDescendents
[0;39m[1;31m 45364 addCode1365899005
[0;39m[1;31m 45364 addCodeAndDescendents
[0;39m[1;31m 45364 addCode203269005
[0;39m[1;31m 45364 addCodeAndDescendents
[0;39m[1;31m 45364 addCode789056000
[0;39m[1;31m 45364 addCodeAndDescendents
[0;39m[1;31m 45364 addCode60136008
[0;39m[1;31m 45364 addCodeAndDescendents
[0;39m[1;31m 45364 addCode186225008
[0;39m[1;31m 45364 addCodeAndDescendents
[0;39m[1;31m 45364 addCode78436002
[0;39m[1;31m 45364 addCodeAndDescendents
[0;39m[1;31m 45364 addCode44323002
[0;39m[1;31m 45364 addCodeAndDescendents
[0;39m[1;31m 45364 addCode17136009
[0;39m[1;31m 45364 addCodeAndDescendents
[0;39m[1;31m 45364 addCode38420005
[0;39m[1;31m 45364 addCodeAndDescendents
[0;39m[1;31m 45364 addCode1333091000168104
[0;39m[1;31m 45364 addCodeAndDescendents
[0;39m[1;31m 45364 addCode186199002
[0;39m[1;31m 45364 addCodeAndDescendents
[0;39m[1;31m 45364 addCode15984231000119105
[0;39m[1;31m 45364 addCodeAndDescendents
[0;39m[1;31m 45364 addCode203267007
[0;39m[1;31m 45364 addCodeAndDescendents
[0;39m[1;31m 45364 addCode186273003
[0;39m[1;31m 45364 addCodeAndDescendents
[0;39m[1;31m 45364 addCode203265004
[0;39m[1;31m 45364 addCodeAndDescendents
[0;39m[1;31m 45364 addCode1177013005
[0;39m[1;31m 45364 addCodeAndDescendents
[0;39m[1;31m 45364 addCode186177005
[0;39m[1;31m 45364 addCodeAndDescendents
[0;39m[1;31m 45364 addCode81554001
[0;39m[1;31m 45364 addCodeAndDescendents
[0;39m[1;31m 45364 addCode186204008
[0;39m[1;31m 45364 addCodeAndDescendents
[0;39m[1;31m 45364 addCode186203002
[0;39m[1;31m 45364 addCodeAndDescendents
[0;39m[1;31m 45364 addCode186194007
[0;39m[1;31m 45364 addCodeAndDescendents
[0;39m[1;31m 45364 addCode186193001
[0;39m[1;31m 45364 addCodeAndDescendents
[0;39m[1;31m 45364 addCode186195008
[0;39m[1;31m 45364 addCodeAndDescendents
[0;39m[1;31m 45364 addCode240379005
[0;39m[1;31m 45364 addCodeAndDescendents
[0;39m[1;31m 45364 addCode71375000
[0;39m[1;31m 45364 addCodeAndDescendents
[0;39m[1;31m 45364 addCode82495004
[0;39m[1;31m 45364 addCodeAndDescendents
[0;39m[1;31m 45364 addCode83784000
[0;39m[1;31m 45364 addCodeAndDescendents
[0;39m[1;31m 45364 addCode58437007
[0;39m[1;31m 45364 addCodeAndDescendents
[0;39m[1;31m 45364 addCode203274002
[0;39m[1;31m 45364 addCodeAndDescendents
[0;39m[1;31m 45364 addCode47292005
[0;39m[1;31m 45364 addCodeAndDescendents
[0;39m[1;31m 45364 addCode25831001
[0;39m[1;31m 45364 addCodeAndDescendents
[0;39m[1;31m 45364 addCode52721006
[0;39m[1;31m 45364 addCodeAndDescendents
[0;39m[1;31m 45364 addCode56498009
[0;39m[1;31m 45364 addCodeAndDescendents
[0;39m[1;31m 45364 addCode4225003
[0;39m[1;31m 45364 addCodeAndDescendents
[0;39m[1;31m 45364 addCode15284007
[0;39m[1;31m 45364 addCodeAndDescendents
[0;39m[1;31m 45364 addCode446753005
[0;39m[1;31m 45364 addCodeAndDescendents
[0;39m[1;31m 45364 addCode1144499001
[0;39m[1;31m 45364 addCodeAndDescendents
[0;39m[1;31m 45364 addCode1177009003
[0;39m[1;31m 45364 addCodeAndDescendents
[0;39m[1;31m 45364 addCode67256000
[0;39m[1;31m 45364 addCodeAndDescendents
[0;39m[1;31m 45364 addCode77038006
[0;39m[1;31m 45364 addCodeAndDescendents
[0;39m[1;31m 45364 addCode186182003
[0;39m[1;31m 45364 addCodeAndDescendents
[0;39m[1;31m 45364 addCode20372007
[0;39m[1;31m 45364 addCodeAndDescendents
[0;39m[1;31m 45364 addCode7444001
[0;39m[1;31m 45364 addCodeAndDescendents
[0;39m[1;31m 45364 addCode700272008
[0;39m[1;31m 45364 addCodeAndDescendents
[0;39m[1;31m 45364 addCode16409009
[0;39m[1;31m 45364 addCodeAndDescendents
[0;39m[1;31m 45364 addCode15984191000119101
[0;39m[1;31m 45364 addCodeAndDescendents
[0;39m[1;31m 45364 addCode12985005
[0;39m[1;31m 45364 addCodeAndDescendents
[0;39m[1;31m 45364 addCode66986005
[0;39m[1;31m 45364 addCodeAndDescendents
[0;39m[1;31m 45364 addCode271423008
[0;39m[1;31m 45364 addCodeAndDescendents
[0;39m[1;31m 45364 addCode35117008
[0;39m[1;31m 45364 addCodeAndDescendents
[0;39m[1;31m 45364 addCode447012002
[0;39m[1;31m 45364 addCodeAndDescendents
[0;39m[1;31m 45364 addCode38115001
[0;39m[1;31m 45364 addCodeAndDescendents
[0;39m[1;31m 45364 addCode28399005
[0;39m[1;31m 45364 addCodeAndDescendents
[0;39m[1;31m 45364 addCode186272008
[0;39m[1;31m 45364 addCodeAndDescendents
[0;39m[1;31m 45364 addCode8250007
[0;39m[1;31m 45364 addCodeAndDescendents
[0;39m[1;31m 45364 addCode40258005
[0;39m[1;31m 45364 addCodeAndDescendents
[0;39m[1;31m 45364 addCode203264000
[0;39m[1;31m 45365 addCodeAndDescendents
[0;39m[1;31m 45365 addCode26935004
[0;39m[1;31m 45365 addCodeAndDescendents
[0;39m[1;31m 45365 addCode1365841009
[0;39m[1;31m 45365 addCodeAndDescendents
[0;39m[1;31m 45365 addCode85692003
[0;39m[1;31m 45365 addCodeAndDescendents
[0;39m[1;31m 45365 addCode81359005
[0;39m[1;31m 45365 addCodeAndDescendents
[0;39m[1;31m 45365 addCode111830007
[0;39m[1;31m 45365 addCodeAndDescendents
[0;39m[1;31m 45365 addCode1365900000
[0;39m[1;31m 45365 addCodeAndDescendents
[0;39m[1;31m 45365 addCode1365901001
[0;39m[1;31m 45365 addCodeAndDescendents
[0;39m[1;31m 45365 addCode62819009
[0;39m[1;31m 45365 addCodeAndDescendents
[0;39m[1;31m 45365 addCode35984006
[0;39m[1;31m 45365 addCodeAndDescendents
[0;39m[1;31m 45365 addCode8832006
[0;39m[1;31m 45365 addCodeAndDescendents
[0;39m[1;31m 45365 addCode24810006
[0;39m[1;31m 45365 addCodeAndDescendents
[0;39m[1;31m 45365 addCode33893009
[0;39m[1;31m 45365 addCodeAndDescendents
[0;39m[1;31m 45365 addCode421571007
[0;39m[1;31m 45365 addCodeAndDescendents
[0;39m[1;31m 45365 addCode423997002
[0;39m[1;31m 45365 addCodeAndDescendents
[0;39m[1;31m 45365 addCode446123007
[0;39m[1;31m 45365 addCodeAndDescendents
[0;39m[1;31m 45365 addCode186217006
[0;39m[1;31m 45365 addCodeAndDescendents
[0;39m[1;31m 45365 addCode447332005
[0;39m[1;31m 45365 addCodeAndDescendents
[0;39m[1;31m 45365 addCode446543007
[0;39m[1;31m 45365 addCodeAndDescendents
[0;39m[1;31m 45365 addCode447399004
[0;39m[1;31m 45365 addCodeAndDescendents
[0;39m[1;31m 45365 addCode446926000
[0;39m[1;31m 45365 addCodeAndDescendents
[0;39m[1;31m 45365 addCode417484006
[0;39m[1;31m 45365 addCodeAndDescendents
[0;39m[1;31m 45365 addCode186270000
[0;39m[1;31m 45365 addCodeAndDescendents
[0;39m[1;31m 45365 addCode10893003
[0;39m[1;31m 45365 addCodeAndDescendents
[0;39m[1;31m 45365 addCode1177018001
[0;39m[1;31m 45365 addCodeAndDescendents
[0;39m[1;31m 45365 addCode447253004
[0;39m[1;31m 45365 addCodeAndDescendents
[0;39m[1;31m 45365 addCode190710003
[0;39m[1;31m 45365 addCodeAndDescendents
[0;39m[1;31m 45365 addCode1162879007
[0;39m[1;31m 45365 addCodeAndDescendents
[0;39m[1;31m 45365 addCode4501007
[0;39m[1;31m 45365 addCodeAndDescendents
[0;39m[1;31m 45365 addCode233794009
[0;39m[1;31m 45365 addCodeAndDescendents
[0;39m[1;31m 45365 addCode1177015003
[0;39m[1;31m 45365 addCodeAndDescendents
[0;39m[1;31m 45365 addCode63808004
[0;39m[1;31m 45365 addCodeAndDescendents
[0;39m[1;31m 45365 addCode186263000
[0;39m[1;31m 45365 addCodeAndDescendents
[0;39m[1;31m 45365 addCode186266008
[0;39m[1;31m 45365 addCodeAndDescendents
[0;39m[1;31m 45365 addCode233649005
[0;39m[1;31m 45365 addCodeAndDescendents
[0;39m[1;31m 45365 addCode49807009
[0;39m[1;31m 45365 addCodeAndDescendents
[0;39m[1;31m 45365 addCode48225000
[0;39m[1;31m 45365 addCodeAndDescendents
[0;39m[1;31m 45365 addCode235694001
[0;39m[1;31m 45365 addCodeAndDescendents
[0;39m[1;31m 45365 addCode14527007
[0;39m[1;31m 45365 addCodeAndDescendents
[0;39m[1;31m 45365 addCode91483004
[0;39m[1;31m 45365 addCodeAndDescendents
[0;39m[1;31m 45365 addCode35585004
[0;39m[1;31m 45365 addCodeAndDescendents
[0;39m[1;31m 45365 addCode1177041009
[0;39m[1;31m 45365 addCodeAndDescendents
[0;39m[1;31m 45365 addCode236770001
[0;39m[1;31m 45365 addCodeAndDescendents
[0;39m[1;31m 45365 addCode84288007
[0;39m[1;31m 45365 addCodeAndDescendents
[0;39m[1;31m 45365 addCode74610006
[0;39m[1;31m 45365 addCodeAndDescendents
[0;39m[1;31m 45365 addCode90117007
[0;39m[1;31m 45365 addCodeAndDescendents
[0;39m[1;31m 45365 addCode24235005
[0;39m[1;31m 45365 addCodeAndDescendents
[0;39m[1;31m 45365 addCode447371008
[0;39m[1;31m 45365 addCodeAndDescendents
[0;39m[1;31m 45365 addCode1177021004
[0;39m[1;31m 45365 addCodeAndDescendents
[0;39m[1;31m 45365 addCode202994006
[0;39m[1;31m 45365 addCodeAndDescendents
[0;39m[1;31m 45365 addCode1177031006
[0;39m[1;31m 45365 addCodeAndDescendents
[0;39m[1;31m 45365 addCode79158003
[0;39m[1;31m 45365 addCodeAndDescendents
[0;39m[1;31m 45365 addCode192745001
[0;39m[1;31m 45365 addCodeAndDescendents
[0;39m[1;31m 45365 addCode186267004
[0;39m[1;31m 45365 addCodeAndDescendents
[0;39m[1;31m 45365 addCode70341005
[0;39m[1;31m 45365 addCodeAndDescendents
[0;39m[1;31m 45365 addCode11676005
[0;39m[1;31m 45365 addCodeAndDescendents
[0;39m[1;31m 45365 addCode31112008
[0;39m[1;31m 45365 addCodeAndDescendents
[0;39m[1;31m 45365 addCode234090004
[0;39m[1;31m 45365 addCodeAndDescendents
[0;39m[1;31m 45365 addCode44182001
[0;39m[1;31m 45365 addCodeAndDescendents
[0;39m[1;31m 45365 addCode1092771000119104
[0;39m[1;31m 45365 addCodeAndDescendents
[0;39m[1;31m 45365 addCode84194006
[0;39m[1;31m 45365 addCodeAndDescendents
[0;39m[1;31m 45365 addCode38279006
[0;39m[1;31m 45365 addCodeAndDescendents
[0;39m[1;31m 45365 addCode58764007
[0;39m[1;31m 45365 addCodeAndDescendents
[0;39m[1;31m 45365 addCode85940005
[0;39m[1;31m 45365 addCodeAndDescendents
[0;39m[1;31m 45365 addCode44572005
[0;39m[1;31m 45365 addCodeAndDescendents
[0;39m[1;31m 45365 addCode446986002
[0;39m[1;31m 45365 addCodeAndDescendents
[0;39m[1;31m 45365 addCode186172004
[0;39m[1;31m 45365 addCodeAndDescendents
[0;39m[1;31m 45365 addCode186200004
[0;39m[1;31m 45365 addCodeAndDescendents
[0;39m[1;31m 45365 addCode80003002
[0;39m[1;31m 45365 addCodeAndDescendents
[0;39m[1;31m 45365 addCode29731002
[0;39m[1;31m 45365 addCodeAndDescendents
[0;39m[1;31m 45365 addCode72807002
[0;39m[1;31m 45365 addCodeAndDescendents
[0;39m[1;31m 45365 addCode1176981005
[0;39m[1;31m 45365 addCodeAndDescendents
[0;39m[1;31m 45365 addCode37133005
[0;39m[1;31m 45365 addCodeAndDescendents
[0;39m[1;31m 45365 addCode49558004
[0;39m[1;31m 45365 addCodeAndDescendents
[0;39m[1;31m 45365 addCode236602004
[0;39m[1;31m 45365 addCodeAndDescendents
[0;39m[1;31m 45365 addCode25738004
[0;39m[1;31m 45365 addCodeAndDescendents
[0;39m[1;31m 45365 addCode236684001
[0;39m[1;31m 45365 addCodeAndDescendents
[0;39m[1;31m 45365 addCode314029000
[0;39m[1;31m 45365 addCodeAndDescendents
[0;39m[1;31m 45365 addCode717697005
[0;39m[1;31m 45365 includeCodes
[0;39m[1;31m 45365 doServerIncludeCodes
[0;39m[1;31m 46501 addCodeAndDescendents
[0;39m[1;31m 46501 addCode405748007
[0;39m[1;31m 46501 addCodeAndDescendents
[0;39m[1;31m 46501 addCode405747002
[0;39m[1;31m 46501 addCodeAndDescendents
[0;39m[1;31m 46501 addCode405742008
[0;39m[1;31m 46501 addCodeAndDescendents
[0;39m[1;31m 46501 addCode405743003
[0;39m[1;31m 46502 includeCodes
[0;39m[1;31m 46502 doServerIncludeCodes
[0;39m[1;31m 47706 addCodeAndDescendents
[0;39m[1;31m 47707 addCode76102007
[0;39m[1;31m 47707 includeCodes
[0;39m[1;31m 47707 doServerIncludeCodes
[0;39m[1;31m 48910 addCodeAndDescendents
[0;39m[1;31m 48911 addCode225529002
[0;39m[1;31m 48911 addCodeAndDescendents
[0;39m[1;31m 48911 addCode225530007
[0;39m[1;31m 48911 addCodeAndDescendents
[0;39m[1;31m 48911 addCode225531006
[0;39m[1;31m 48911 includeCodes
[0;39m[1;31m 48911 doServerIncludeCodes
[0;39m[1;31m 50120 addCodeAndDescendents
[0;39m[1;31m 50120 addCode225516002
[0;39m[1;31m 50120 includeCodes
[0;39m[1;31m 50120 doServerIncludeCodes
[0;39m[1;31m 51319 addCodeAndDescendents
[0;39m[1;31m 51319 addCode228460004
[0;39m[1;31m 51319 includeCodes
[0;39m[1;31m 51319 doServerIncludeCodes
[0;39m[1;31m 52516 addCodeAndDescendents
[0;39m[1;31m 52516 addCode228466005
[0;39m[1;31m 52516 includeCodes
[0;39m[1;31m 52516 doServerIncludeCodes
[0;39m[1;31m 53720 addCodeAndDescendents
[0;39m[1;31m 53720 addCode225517006
[0;39m[1;31m 53720 includeCodes
[0;39m[1;31m 53720 doServerIncludeCodes
[0;39m[1;31m 54970 addCodeAndDescendents
[0;39m[1;31m 54970 addCode11723008
[0;39m[1;31m 54970 includeCodes
[0;39m[1;31m 54970 doServerIncludeCodes
[0;39m[1;31m 56159 addCodeAndDescendents
[0;39m[1;31m 56159 addCode406117000
[0;39m[1;31m 56159 addCodeAndDescendents
[0;39m[1;31m 56159 addCode165806002
[0;39m[1;31m 56159 includeCodes
[0;39m[1;31m 56159 doServerIncludeCodes
[0;39m[1;31m 57361 addCodeAndDescendents
[0;39m[1;31m 57361 addCode305489005
[0;39m[1;31m 57361 includeCodes
[0;39m[1;31m 57361 doServerIncludeCodes
[0;39m[1;31m 58571 addCodeAndDescendents
[0;39m[1;31m 58571 addCode305679000
[0;39m[1;31m 58572 includeCodes
[0;39m[1;31m 58572 doServerIncludeCodes
[0;39m[1;31m 59823 addCodeAndDescendents
[0;39m[1;31m 59823 addCode235861001
[0;39m[1;31m 59823 addCodeAndDescendents
[0;39m[1;31m 59823 addCode444834005
[0;39m[1;31m 59823 addCodeAndDescendents
[0;39m[1;31m 59823 addCode240555007
[0;39m[1;31m 59823 addCodeAndDescendents
[0;39m[1;31m 59823 addCode266130009
[0;39m[1;31m 59823 addCodeAndDescendents
[0;39m[1;31m 59823 addCode266136003
[0;39m[1;31m 59823 addCodeAndDescendents
[0;39m[1;31m 59823 addCode80604007
[0;39m[1;31m 59823 addCodeAndDescendents
[0;39m[1;31m 59823 addCode20943002
[0;39m[1;31m 59823 addCodeAndDescendents
[0;39m[1;31m 59823 addCode24868007
[0;39m[1;31m 59823 addCodeAndDescendents
[0;39m[1;31m 59823 addCode65295003
[0;39m[1;31m 59823 addCodeAndDescendents
[0;39m[1;31m 59823 addCode30168008
[0;39m[1;31m 59823 addCodeAndDescendents
[0;39m[1;31m 59823 addCode194910001
[0;39m[1;31m 59823 addCodeAndDescendents
[0;39m[1;31m 59823 addCode111806005
[0;39m[1;31m 59823 addCodeAndDescendents
[0;39m[1;31m 59823 addCode45377007
[0;39m[1;31m 59823 addCodeAndDescendents
[0;39m[1;31m 59823 addCode65049003
[0;39m[1;31m 59823 addCodeAndDescendents
[0;39m[1;31m 59823 addCode29864006
[0;39m[1;31m 59823 addCodeAndDescendents
[0;39m[1;31m 59823 addCode2390000
[0;39m[1;31m 59823 addCodeAndDescendents
[0;39m[1;31m 59823 addCode17305005
[0;39m[1;31m 59823 addCodeAndDescendents
[0;39m[1;31m 59823 addCode54825009
[0;39m[1;31m 59823 addCodeAndDescendents
[0;39m[1;31m 59823 addCode50970007
[0;39m[1;31m 59823 addCodeAndDescendents
[0;39m[1;31m 59823 addCode186863009
[0;39m[1;31m 59823 addCodeAndDescendents
[0;39m[1;31m 59823 addCode68863007
[0;39m[1;31m 59823 addCodeAndDescendents
[0;39m[1;31m 59823 addCode194947001
[0;39m[1;31m 59823 addCodeAndDescendents
[0;39m[1;31m 59823 addCode194907008
[0;39m[1;31m 59823 addCodeAndDescendents
[0;39m[1;31m 59823 addCode719755001
[0;39m[1;31m 59823 addCodeAndDescendents
[0;39m[1;31m 59823 addCode402952006
[0;39m[1;31m 59823 addCodeAndDescendents
[0;39m[1;31m 59823 addCode302812006
[0;39m[1;31m 59823 addCodeAndDescendents
[0;39m[1;31m 59823 addCode240545008
[0;39m[1;31m 59823 addCodeAndDescendents
[0;39m[1;31m 59823 addCode37754005
[0;39m[1;31m 59823 addCodeAndDescendents
[0;39m[1;31m 59823 addCode240565001
[0;39m[1;31m 59823 addCodeAndDescendents
[0;39m[1;31m 59823 addCode15679161000119101
[0;39m[1;31m 59823 addCodeAndDescendents
[0;39m[1;31m 59823 addCode15693361000119105
[0;39m[1;31m 59823 addCodeAndDescendents
[0;39m[1;31m 59823 addCode15993471000119105
[0;39m[1;31m 59823 addCodeAndDescendents
[0;39m[1;31m 59823 addCode15679681000119101
[0;39m[1;31m 59823 addCodeAndDescendents
[0;39m[1;31m 59823 addCode15685441000119102
[0;39m[1;31m 59823 addCodeAndDescendents
[0;39m[1;31m 59823 addCode46699001
[0;39m[1;31m 59823 addCodeAndDescendents
[0;39m[1;31m 59823 addCode202933002
[0;39m[1;31m 59823 addCodeAndDescendents
[0;39m[1;31m 59823 addCode838317007
[0;39m[1;31m 59823 addCodeAndDescendents
[0;39m[1;31m 59823 addCode83883001
[0;39m[1;31m 59823 addCodeAndDescendents
[0;39m[1;31m 59823 addCode736686006
[0;39m[1;31m 59823 addCodeAndDescendents
[0;39m[1;31m 59823 addCode266143009
[0;39m[1;31m 59823 addCodeAndDescendents
[0;39m[1;31m 59823 addCode240585002
[0;39m[1;31m 59823 addCodeAndDescendents
[0;39m[1;31m 59823 addCode240586001
[0;39m[1;31m 59823 addCodeAndDescendents
[0;39m[1;31m 59823 addCode240587005
[0;39m[1;31m 59823 addCodeAndDescendents
[0;39m[1;31m 59823 addCode10750051000119105
[0;39m[1;31m 59823 addCodeAndDescendents
[0;39m[1;31m 59823 addCode1621000119101
[0;39m[1;31m 59823 addCodeAndDescendents
[0;39m[1;31m 59823 addCode15677841000119101
[0;39m[1;31m 59823 addCodeAndDescendents
[0;39m[1;31m 59823 addCode15677881000119106
[0;39m[1;31m 59823 addCodeAndDescendents
[0;39m[1;31m 59823 addCode15677801000119103
[0;39m[1;31m 59823 addCodeAndDescendents
[0;39m[1;31m 59823 addCode12373006
[0;39m[1;31m 59823 addCodeAndDescendents
[0;39m[1;31m 59823 addCode76802005
[0;39m[1;31m 59823 addCodeAndDescendents
[0;39m[1;31m 59823 addCode88813005
[0;39m[1;31m 59823 addCodeAndDescendents
[0;39m[1;31m 59823 addCode31999004
[0;39m[1;31m 59823 addCodeAndDescendents
[0;39m[1;31m 59823 addCode35526001
[0;39m[1;31m 59823 addCodeAndDescendents
[0;39m[1;31m 59823 addCode60893000
[0;39m[1;31m 59823 addCodeAndDescendents
[0;39m[1;31m 59823 addCode53529004
[0;39m[1;31m 59823 addCodeAndDescendents
[0;39m[1;31m 59823 addCode23975003
[0;39m[1;31m 59823 addCodeAndDescendents
[0;39m[1;31m 59823 addCode44412000
[0;39m[1;31m 59823 addCodeAndDescendents
[0;39m[1;31m 59823 addCode11906007
[0;39m[1;31m 59823 addCodeAndDescendents
[0;39m[1;31m 59823 addCode27681008
[0;39m[1;31m 59823 addCodeAndDescendents
[0;39m[1;31m 59823 addCode186915005
[0;39m[1;31m 59823 addCodeAndDescendents
[0;39m[1;31m 59823 addCode28572009
[0;39m[1;31m 59823 addCodeAndDescendents
[0;39m[1;31m 59823 addCode80388004
[0;39m[1;31m 59823 addCodeAndDescendents
[0;39m[1;31m 59823 addCode19290004
[0;39m[1;31m 59823 addCodeAndDescendents
[0;39m[1;31m 59823 addCode277499006
[0;39m[1;31m 59823 addCodeAndDescendents
[0;39m[1;31m 59823 addCode91554004
[0;39m[1;31m 59823 addCodeAndDescendents
[0;39m[1;31m 59823 addCode402945009
[0;39m[1;31m 59823 addCodeAndDescendents
[0;39m[1;31m 59823 addCode402944008
[0;39m[1;31m 59823 addCodeAndDescendents
[0;39m[1;31m 59823 addCode402946005
[0;39m[1;31m 59823 addCodeAndDescendents
[0;39m[1;31m 59823 addCode35742006
[0;39m[1;31m 59823 addCodeAndDescendents
[0;39m[1;31m 59823 addCode87318008
[0;39m[1;31m 59823 addCodeAndDescendents
[0;39m[1;31m 59823 addCode9941009
[0;39m[1;31m 59823 addCodeAndDescendents
[0;39m[1;31m 59823 addCode275376007
[0;39m[1;31m 59823 addCodeAndDescendents
[0;39m[1;31m 59823 addCode32735002
[0;39m[1;31m 59823 addCodeAndDescendents
[0;39m[1;31m 59824 addCode192008
[0;39m[1;31m 59824 addCodeAndDescendents
[0;39m[1;31m 59824 addCode6267005
[0;39m[1;31m 59824 addCodeAndDescendents
[0;39m[1;31m 59824 addCode54069001
[0;39m[1;31m 59824 addCodeAndDescendents
[0;39m[1;31m 59824 addCode58392004
[0;39m[1;31m 59824 addCodeAndDescendents
[0;39m[1;31m 59824 addCode59721007
[0;39m[1;31m 59824 addCodeAndDescendents
[0;39m[1;31m 59824 addCode27648007
[0;39m[1;31m 59824 addCodeAndDescendents
[0;39m[1;31m 59824 addCode276700005
[0;39m[1;31m 59824 addCodeAndDescendents
[0;39m[1;31m 59824 addCode240561005
[0;39m[1;31m 59824 addCodeAndDescendents
[0;39m[1;31m 59824 addCode240583009
[0;39m[1;31m 59824 addCodeAndDescendents
[0;39m[1;31m 59824 addCode82959004
[0;39m[1;31m 59824 addCodeAndDescendents
[0;39m[1;31m 59824 addCode762257007
[0;39m[1;31m 59824 addCodeAndDescendents
[0;39m[1;31m 59824 addCode240606006
[0;39m[1;31m 59824 addCodeAndDescendents
[0;39m[1;31m 59824 addCode240608007
[0;39m[1;31m 59824 addCodeAndDescendents
[0;39m[1;31m 59824 addCode4359001
[0;39m[1;31m 59824 addCodeAndDescendents
[0;39m[1;31m 59824 addCode186833000
[0;39m[1;31m 59824 addCodeAndDescendents
[0;39m[1;31m 59824 addCode266125005
[0;39m[1;31m 59824 addCodeAndDescendents
[0;39m[1;31m 59824 addCode46235002
[0;39m[1;31m 59824 addCodeAndDescendents
[0;39m[1;31m 59824 addCode31137003
[0;39m[1;31m 59824 addCodeAndDescendents
[0;39m[1;31m 59824 addCode1107004
[0;39m[1;31m 59824 addCodeAndDescendents
[0;39m[1;31m 59824 addCode240602008
[0;39m[1;31m 59824 addCodeAndDescendents
[0;39m[1;31m 59824 addCode186846005
[0;39m[1;31m 59824 addCodeAndDescendents
[0;39m[1;31m 59824 addCode232313005
[0;39m[1;31m 59824 addCodeAndDescendents
[0;39m[1;31m 59824 addCode272262003
[0;39m[1;31m 59824 addCodeAndDescendents
[0;39m[1;31m 59824 addCode198242009
[0;39m[1;31m 59824 addCodeAndDescendents
[0;39m[1;31m 59824 addCode198175009
[0;39m[1;31m 59824 addCodeAndDescendents
[0;39m[1;31m 59824 addCode51928006
[0;39m[1;31m 59824 addCodeAndDescendents
[0;39m[1;31m 59824 addCode33839006
[0;39m[1;31m 59824 addCodeAndDescendents
[0;39m[1;31m 59824 addCode10754701000119100
[0;39m[1;31m 59824 addCodeAndDescendents
[0;39m[1;31m 59824 addCode104011000119109
[0;39m[1;31m 59824 addCodeAndDescendents
[0;39m[1;31m 59824 addCode440714005
[0;39m[1;31m 59824 addCodeAndDescendents
[0;39m[1;31m 59824 addCode423391007
[0;39m[1;31m 59824 addCodeAndDescendents
[0;39m[1;31m 59824 addCode713261005
[0;39m[1;31m 59824 addCodeAndDescendents
[0;39m[1;31m 59824 addCode713251003
[0;39m[1;31m 59824 addCodeAndDescendents
[0;39m[1;31m 59824 addCode186931002
[0;39m[1;31m 59824 addCodeAndDescendents
[0;39m[1;31m 59824 addCode272006008
[0;39m[1;31m 59824 addCodeAndDescendents
[0;39m[1;31m 59824 addCode240573005
[0;39m[1;31m 59824 addCodeAndDescendents
[0;39m[1;31m 59824 addCode240584003
[0;39m[1;31m 59824 addCodeAndDescendents
[0;39m[1;31m 59824 addCode237083000
[0;39m[1;31m 59824 addCodeAndDescendents
[0;39m[1;31m 59824 addCode231858009
[0;39m[1;31m 59824 addCodeAndDescendents
[0;39m[1;31m 59824 addCode28438004
[0;39m[1;31m 59824 addCodeAndDescendents
[0;39m[1;31m 59824 addCode240576002
[0;39m[1;31m 59824 addCodeAndDescendents
[0;39m[1;31m 59824 addCode197848003
[0;39m[1;31m 59824 addCodeAndDescendents
[0;39m[1;31m 59824 addCode61048000
[0;39m[1;31m 59824 addCodeAndDescendents
[0;39m[1;31m 59824 addCode237069002
[0;39m[1;31m 59824 addCodeAndDescendents
[0;39m[1;31m 59824 addCode111807001
[0;39m[1;31m 59824 addCodeAndDescendents
[0;39m[1;31m 59824 addCode236766009
[0;39m[1;31m 59824 addCodeAndDescendents
[0;39m[1;31m 59824 addCode236772009
[0;39m[1;31m 59824 addCodeAndDescendents
[0;39m[1;31m 59824 addCode240581006
[0;39m[1;31m 59824 addCodeAndDescendents
[0;39m[1;31m 59824 addCode9241004
[0;39m[1;31m 59824 addCodeAndDescendents
[0;39m[1;31m 59824 addCode235863003
[0;39m[1;31m 59824 addCodeAndDescendents
[0;39m[1;31m 59824 addCode35876006
[0;39m[1;31m 59824 addCodeAndDescendents
[0;39m[1;31m 59824 addCode44743006
[0;39m[1;31m 59824 addCodeAndDescendents
[0;39m[1;31m 59824 addCode406581000
[0;39m[1;31m 59824 addCodeAndDescendents
[0;39m[1;31m 59824 addCode9091006
[0;39m[1;31m 59824 addCodeAndDescendents
[0;39m[1;31m 59824 addCode342381000119109
[0;39m[1;31m 59824 addCodeAndDescendents
[0;39m[1;31m 59824 addCode40149008
[0;39m[1;31m 59824 addCodeAndDescendents
[0;39m[1;31m 59824 addCode60335002
[0;39m[1;31m 59824 addCodeAndDescendents
[0;39m[1;31m 59824 addCode240577006
[0;39m[1;31m 59824 addCodeAndDescendents
[0;39m[1;31m 59824 addCode240578001
[0;39m[1;31m 59824 addCodeAndDescendents
[0;39m[1;31m 59824 addCode238419002
[0;39m[1;31m 59824 addCodeAndDescendents
[0;39m[1;31m 59824 addCode151004
[0;39m[1;31m 59824 addCodeAndDescendents
[0;39m[1;31m 59824 addCode1087051000119109
[0;39m[1;31m 59824 addCodeAndDescendents
[0;39m[1;31m 59824 addCode240579009
[0;39m[1;31m 59824 addCodeAndDescendents
[0;39m[1;31m 59824 addCode307423008
[0;39m[1;31m 59824 addCodeAndDescendents
[0;39m[1;31m 59824 addCode90428001
[0;39m[1;31m 59824 addCodeAndDescendents
[0;39m[1;31m 59824 addCode237042003
[0;39m[1;31m 59824 addCodeAndDescendents
[0;39m[1;31m 59824 addCode186939000
[0;39m[1;31m 59824 addCodeAndDescendents
[0;39m[1;31m 59824 addCode1087061000119106
[0;39m[1;31m 59824 addCodeAndDescendents
[0;39m[1;31m 59824 addCode197967000
[0;39m[1;31m 59824 addCodeAndDescendents
[0;39m[1;31m 59824 addCode237038001
[0;39m[1;31m 59824 addCodeAndDescendents
[0;39m[1;31m 59824 addCode301990003
[0;39m[1;31m 59824 addCodeAndDescendents
[0;39m[1;31m 59824 addCode240574004
[0;39m[1;31m 59824 addCodeAndDescendents
[0;39m[1;31m 59824 addCode53664003
[0;39m[1;31m 59824 addCodeAndDescendents
[0;39m[1;31m 59824 addCode240582004
[0;39m[1;31m 59824 addCodeAndDescendents
[0;39m[1;31m 59824 addCode240039005
[0;39m[1;31m 59824 addCodeAndDescendents
[0;39m[1;31m 59824 addCode237046000
[0;39m[1;31m 59824 addCodeAndDescendents
[0;39m[1;31m 59824 addCode240575003
[0;39m[1;31m 59824 addCodeAndDescendents
[0;39m[1;31m 59824 addCode236687008
[0;39m[1;31m 59824 addCodeAndDescendents
[0;39m[1;31m 59824 addCode236682002
[0;39m[1;31m 59824 addCodeAndDescendents
[0;39m[1;31m 59824 addCode237095000
[0;39m[1;31m 59824 addCodeAndDescendents
[0;39m[1;31m 59824 addCode15628003
[0;39m[1;31m 59824 addCodeAndDescendents
[0;39m[1;31m 59824 addCode10754031000119105
[0;39m[1;31m 59824 addCodeAndDescendents
[0;39m[1;31m 59824 addCode74372003
[0;39m[1;31m 59824 addCodeAndDescendents
[0;39m[1;31m 59824 addCode42746002
[0;39m[1;31m 59824 addCodeAndDescendents
[0;39m[1;31m 59824 addCode28867007
[0;39m[1;31m 59824 addCodeAndDescendents
[0;39m[1;31m 59824 addCode240566000
[0;39m[1;31m 59824 addCodeAndDescendents
[0;39m[1;31m 59824 addCode721588008
[0;39m[1;31m 59824 addCodeAndDescendents
[0;39m[1;31m 59824 addCode197347003
[0;39m[1;31m 59824 addCodeAndDescendents
[0;39m[1;31m 59824 addCode197348008
[0;39m[1;31m 59824 addCodeAndDescendents
[0;39m[1;31m 59824 addCode427578006
[0;39m[1;31m 59824 addCodeAndDescendents
[0;39m[1;31m 59824 addCode1137693003
[0;39m[1;31m 59824 addCodeAndDescendents
[0;39m[1;31m 59824 addCode129670002
[0;39m[1;31m 59824 addCodeAndDescendents
[0;39m[1;31m 59824 addCode10227000
[0;39m[1;31m 59824 addCodeAndDescendents
[0;39m[1;31m 59824 addCode59819007
[0;39m[1;31m 59824 addCodeAndDescendents
[0;39m[1;31m 59824 addCode278068003
[0;39m[1;31m 59824 addCodeAndDescendents
[0;39m[1;31m 59824 addCode27420004
[0;39m[1;31m 59824 addCodeAndDescendents
[0;39m[1;31m 59824 addCode1258923000
[0;39m[1;31m 59824 addCodeAndDescendents
[0;39m[1;31m 59824 addCode1087001000119105
[0;39m[1;31m 59824 addCodeAndDescendents
[0;39m[1;31m 59824 addCode15998951000119103
[0;39m[1;31m 59824 addCodeAndDescendents
[0;39m[1;31m 59824 addCode15998991000119108
[0;39m[1;31m 59824 addCodeAndDescendents
[0;39m[1;31m 59824 addCode15998911000119104
[0;39m[1;31m 59824 addCodeAndDescendents
[0;39m[1;31m 59824 addCode71011005
[0;39m[1;31m 59824 addCodeAndDescendents
[0;39m[1;31m 59824 addCode449773001
[0;39m[1;31m 59824 addCodeAndDescendents
[0;39m[1;31m 59824 addCode130841000119103
[0;39m[1;31m 59824 addCodeAndDescendents
[0;39m[1;31m 59824 addCode866106004
[0;39m[1;31m 59824 addCodeAndDescendents
[0;39m[1;31m 59824 addCode15993231000119108
[0;39m[1;31m 59824 addCodeAndDescendents
[0;39m[1;31m 59824 addCode15993431000119107
[0;39m[1;31m 59824 addCodeAndDescendents
[0;39m[1;31m 59824 addCode15993071000119101
[0;39m[1;31m 59824 addCodeAndDescendents
[0;39m[1;31m 59824 addCode890114008
[0;39m[1;31m 59824 addCodeAndDescendents
[0;39m[1;31m 59824 addCode890115009
[0;39m[1;31m 59824 addCodeAndDescendents
[0;39m[1;31m 59824 addCode15679561000119109
[0;39m[1;31m 59824 addCodeAndDescendents
[0;39m[1;31m 59824 addCode15679481000119104
[0;39m[1;31m 59824 addCodeAndDescendents
[0;39m[1;31m 59824 addCode240552005
[0;39m[1;31m 59824 addCodeAndDescendents
[0;39m[1;31m 59824 addCode68764005
[0;39m[1;31m 59824 addCodeAndDescendents
[0;39m[1;31m 59824 addCode193786000
[0;39m[1;31m 59824 addCodeAndDescendents
[0;39m[1;31m 59824 addCode1142095003
[0;39m[1;31m 59824 addCodeAndDescendents
[0;39m[1;31m 59824 addCode266126006
[0;39m[1;31m 59824 addCodeAndDescendents
[0;39m[1;31m 59824 addCode82323002
[0;39m[1;31m 59824 addCodeAndDescendents
[0;39m[1;31m 59824 addCode827006
[0;39m[1;31m 59824 addCodeAndDescendents
[0;39m[1;31m 59824 addCode230152000
[0;39m[1;31m 59824 addCodeAndDescendents
[0;39m[1;31m 59824 addCode186842007
[0;39m[1;31m 59824 addCodeAndDescendents
[0;39m[1;31m 59824 addCode1142031005
[0;39m[1;31m 59824 addCodeAndDescendents
[0;39m[1;31m 59824 addCode1142092000
[0;39m[1;31m 59824 addCodeAndDescendents
[0;39m[1;31m 59824 addCode230563005
[0;39m[1;31m 59824 addCodeAndDescendents
[0;39m[1;31m 59824 addCode186903006
[0;39m[1;31m 59824 addCodeAndDescendents
[0;39m[1;31m 59824 addCode240603003
[0;39m[1;31m 59824 addCodeAndDescendents
[0;39m[1;31m 59824 addCode266133006
[0;39m[1;31m 59824 addCodeAndDescendents
[0;39m[1;31m 59824 addCode402947001
[0;39m[1;31m 59824 addCodeAndDescendents
[0;39m[1;31m 59824 addCode72083004
[0;39m[1;31m 59824 addCodeAndDescendents
[0;39m[1;31m 59824 addCode197757004
[0;39m[1;31m 59824 addCodeAndDescendents
[0;39m[1;31m 59824 addCode1010615002
[0;39m[1;31m 59824 addCodeAndDescendents
[0;39m[1;31m 59824 addCode789121002
[0;39m[1;31m 59824 addCodeAndDescendents
[0;39m[1;31m 59824 addCode788975001
[0;39m[1;31m 59824 addCodeAndDescendents
[0;39m[1;31m 59824 addCode405635002
[0;39m[1;31m 59824 addCodeAndDescendents
[0;39m[1;31m 59824 addCode66887000
[0;39m[1;31m 59824 addCodeAndDescendents
[0;39m[1;31m 59824 addCode230182006
[0;39m[1;31m 59824 addCodeAndDescendents
[0;39m[1;31m 59824 addCode1142043006
[0;39m[1;31m 59824 addCodeAndDescendents
[0;39m[1;31m 59824 addCode186867005
[0;39m[1;31m 59824 addCodeAndDescendents
[0;39m[1;31m 59824 addCode501661611000119107
[0;39m[1;31m 59824 addCodeAndDescendents
[0;39m[1;31m 59824 addCode240604009
[0;39m[1;31m 59824 addCodeAndDescendents
[0;39m[1;31m 59824 addCode444150000
[0;39m[1;31m 59824 addCodeAndDescendents
[0;39m[1;31m 59824 addCode67125004
[0;39m[1;31m 59824 addCodeAndDescendents
[0;39m[1;31m 59824 addCode15679121000119106
[0;39m[1;31m 59824 addCodeAndDescendents
[0;39m[1;31m 59824 addCode15693321000119100
[0;39m[1;31m 59824 addCodeAndDescendents
[0;39m[1;31m 59824 addCode15993351000119107
[0;39m[1;31m 59824 addCodeAndDescendents
[0;39m[1;31m 59824 addCode402956009
[0;39m[1;31m 59824 addCodeAndDescendents
[0;39m[1;31m 59824 addCode866115006
[0;39m[1;31m 59824 addCodeAndDescendents
[0;39m[1;31m 59824 addCode449776009
[0;39m[1;31m 59824 addCodeAndDescendents
[0;39m[1;31m 59824 addCode186946009
[0;39m[1;31m 59824 addCodeAndDescendents
[0;39m[1;31m 59824 addCode240558009
[0;39m[1;31m 59824 addCodeAndDescendents
[0;39m[1;31m 59824 addCode114881000119108
[0;39m[1;31m 59824 addCodeAndDescendents
[0;39m[1;31m 59824 addCode199161008
[0;39m[1;31m 59824 addCodeAndDescendents
[0;39m[1;31m 59824 addCode240568004
[0;39m[1;31m 59824 addCodeAndDescendents
[0;39m[1;31m 59824 addCode721583004
[0;39m[1;31m 59824 addCodeAndDescendents
[0;39m[1;31m 59824 addCode1177081002
[0;39m[1;31m 59824 addCodeAndDescendents
[0;39m[1;31m 59824 addCode232367004
[0;39m[1;31m 59824 addCodeAndDescendents
[0;39m[1;31m 59824 addCode1339030007
[0;39m[1;31m 59824 addCodeAndDescendents
[0;39m[1;31m 59824 addCode15988871000119101
[0;39m[1;31m 59824 addCodeAndDescendents
[0;39m[1;31m 59824 addCode15988831000119104
[0;39m[1;31m 59824 addCodeAndDescendents
[0;39m[1;31m 59824 addCode15988791000119105
[0;39m[1;31m 59824 addCodeAndDescendents
[0;39m[1;31m 59824 addCode240571007
[0;39m[1;31m 59824 addCodeAndDescendents
[0;39m[1;31m 59824 addCode237096004
[0;39m[1;31m 59824 addCodeAndDescendents
[0;39m[1;31m 59824 addCode26039008
[0;39m[1;31m 59824 addCodeAndDescendents
[0;39m[1;31m 59824 addCode402949003
[0;39m[1;31m 59824 addCodeAndDescendents
[0;39m[1;31m 59824 addCode722520001
[0;39m[1;31m 59824 addCodeAndDescendents
[0;39m[1;31m 59824 addCode788998009
[0;39m[1;31m 59824 addCodeAndDescendents
[0;39m[1;31m 59824 addCode410478005
[0;39m[1;31m 59824 addCodeAndDescendents
[0;39m[1;31m 59824 addCode402951004
[0;39m[1;31m 59824 addCodeAndDescendents
[0;39m[1;31m 59824 addCode235062007
[0;39m[1;31m 59824 addCodeAndDescendents
[0;39m[1;31m 59824 addCode240560006
[0;39m[1;31m 59824 addCodeAndDescendents
[0;39m[1;31m 59824 addCode402954007
[0;39m[1;31m 59824 addCodeAndDescendents
[0;39m[1;31m 59824 addCode1343508008
[0;39m[1;31m 59824 addCodeAndDescendents
[0;39m[1;31m 59824 addCode31015008
[0;39m[1;31m 59824 addCodeAndDescendents
[0;39m[1;31m 59824 addCode240556008
[0;39m[1;31m 59824 addCodeAndDescendents
[0;39m[1;31m 59824 addCode186847001
[0;39m[1;31m 59824 addCodeAndDescendents
[0;39m[1;31m 59824 addCode402888002
[0;39m[1;31m 59824 addCodeAndDescendents
[0;39m[1;31m 59824 addCode402889005
[0;39m[1;31m 59824 addCodeAndDescendents
[0;39m[1;31m 59824 addCode402890001
[0;39m[1;31m 59824 addCodeAndDescendents
[0;39m[1;31m 59824 addCode266127002
[0;39m[1;31m 59824 addCodeAndDescendents
[0;39m[1;31m 59824 addCode27460003
[0;39m[1;31m 59824 addCodeAndDescendents
[0;39m[1;31m 59824 addCode54274001
[0;39m[1;31m 59824 addCodeAndDescendents
[0;39m[1;31m 59824 addCode28198007
[0;39m[1;31m 59824 addCodeAndDescendents
[0;39m[1;31m 59824 addCode237447001
[0;39m[1;31m 59824 addCodeAndDescendents
[0;39m[1;31m 59824 addCode10345003
[0;39m[1;31m 59824 addCodeAndDescendents
[0;39m[1;31m 59824 addCode314840009
[0;39m[1;31m 59824 addCodeAndDescendents
[0;39m[1;31m 59824 addCode240562003
[0;39m[1;31m 59824 addCodeAndDescendents
[0;39m[1;31m 59824 addCode402958005
[0;39m[1;31m 59824 addCodeAndDescendents
[0;39m[1;31m 59824 addCode278481001
[0;39m[1;31m 59824 addCodeAndDescendents
[0;39m[1;31m 59824 addCode266128007
[0;39m[1;31m 59824 addCodeAndDescendents
[0;39m[1;31m 59824 addCode1090381000119104
[0;39m[1;31m 59824 addCodeAndDescendents
[0;39m[1;31m 59824 addCode402894005
[0;39m[1;31m 59824 addCodeAndDescendents
[0;39m[1;31m 59824 addCode439912007
[0;39m[1;31m 59824 addCodeAndDescendents
[0;39m[1;31m 59824 addCode439913002
[0;39m[1;31m 59824 addCodeAndDescendents
[0;39m[1;31m 59824 addCode11056091000119105
[0;39m[1;31m 59824 addCodeAndDescendents
[0;39m[1;31m 59824 addCode402895006
[0;39m[1;31m 59824 addCodeAndDescendents
[0;39m[1;31m 59824 addCode402896007
[0;39m[1;31m 59824 addCodeAndDescendents
[0;39m[1;31m 59824 addCode15993391000119102
[0;39m[1;31m 59824 addCodeAndDescendents
[0;39m[1;31m 59824 addCode1360021000
[0;39m[1;31m 59824 addCodeAndDescendents
[0;39m[1;31m 59824 addCode15679201000119106
[0;39m[1;31m 59824 addCodeAndDescendents
[0;39m[1;31m 59824 addCode15693401000119101
[0;39m[1;31m 59824 addCodeAndDescendents
[0;39m[1;31m 59824 addCode15993311000119106
[0;39m[1;31m 59824 addCodeAndDescendents
[0;39m[1;31m 59824 addCode186893003
[0;39m[1;31m 59824 addCodeAndDescendents
[0;39m[1;31m 59824 addCode240564002
[0;39m[1;31m 59824 addCodeAndDescendents
[0;39m[1;31m 59825 addCode240557004
[0;39m[1;31m 59825 addCodeAndDescendents
[0;39m[1;31m 59825 addCode77028001
[0;39m[1;31m 59825 addCodeAndDescendents
[0;39m[1;31m 59825 addCode63751007
[0;39m[1;31m 59825 addCodeAndDescendents
[0;39m[1;31m 59825 addCode1052321001
[0;39m[1;31m 59825 addCodeAndDescendents
[0;39m[1;31m 59825 addCode1052322008
[0;39m[1;31m 59825 addCodeAndDescendents
[0;39m[1;31m 59825 addCode80770009
[0;39m[1;31m 59825 addCodeAndDescendents
[0;39m[1;31m 59825 addCode60528006
[0;39m[1;31m 59825 addCodeAndDescendents
[0;39m[1;31m 59825 addCode39085002
[0;39m[1;31m 59825 addCodeAndDescendents
[0;39m[1;31m 59825 addCode1052323003
[0;39m[1;31m 59825 addCodeAndDescendents
[0;39m[1;31m 59825 addCode1052319006
[0;39m[1;31m 59825 addCodeAndDescendents
[0;39m[1;31m 59825 addCode51960003
[0;39m[1;31m 59825 addCodeAndDescendents
[0;39m[1;31m 59825 addCode59233003
[0;39m[1;31m 59825 addCodeAndDescendents
[0;39m[1;31m 59825 addCode186850003
[0;39m[1;31m 59825 addCodeAndDescendents
[0;39m[1;31m 59825 addCode1142099009
[0;39m[1;31m 59825 addCodeAndDescendents
[0;39m[1;31m 59825 addCode81339006
[0;39m[1;31m 59825 addCodeAndDescendents
[0;39m[1;31m 59825 addCode58227000
[0;39m[1;31m 59825 addCodeAndDescendents
[0;39m[1;31m 59825 addCode52414005
[0;39m[1;31m 59825 addCodeAndDescendents
[0;39m[1;31m 59825 addCode186861006
[0;39m[1;31m 59825 addCodeAndDescendents
[0;39m[1;31m 59825 addCode85857008
[0;39m[1;31m 59825 addCodeAndDescendents
[0;39m[1;31m 59825 addCode62861003
[0;39m[1;31m 59825 addCodeAndDescendents
[0;39m[1;31m 59825 addCode59934002
[0;39m[1;31m 59825 addCodeAndDescendents
[0;39m[1;31m 59825 addCode66281009
[0;39m[1;31m 59825 addCodeAndDescendents
[0;39m[1;31m 59825 addCode192647003
[0;39m[1;31m 59825 addCodeAndDescendents
[0;39m[1;31m 59825 addCode69595007
[0;39m[1;31m 59825 addCodeAndDescendents
[0;39m[1;31m 59825 addCode186868000
[0;39m[1;31m 59825 addCodeAndDescendents
[0;39m[1;31m 59825 addCode8098009
[0;39m[1;31m 59825 addCodeAndDescendents
[0;39m[1;31m 59825 addCode112121000119105
[0;39m[1;31m 59825 addCodeAndDescendents
[0;39m[1;31m 59825 addCode721585006
[0;39m[1;31m 59825 addCodeAndDescendents
[0;39m[1;31m 59825 addCode721587003
[0;39m[1;31m 59825 addCodeAndDescendents
[0;39m[1;31m 59825 addCode721589000
[0;39m[1;31m 59825 addCodeAndDescendents
[0;39m[1;31m 59825 addCode27075004
[0;39m[1;31m 59825 addCodeAndDescendents
[0;39m[1;31m 59825 addCode274118001
[0;39m[1;31m 59825 addCodeAndDescendents
[0;39m[1;31m 59825 addCode402126004
[0;39m[1;31m 59825 addCodeAndDescendents
[0;39m[1;31m 59825 addCode10759841000119105
[0;39m[1;31m 59825 addCodeAndDescendents
[0;39m[1;31m 59825 addCode75299005
[0;39m[1;31m 59825 addCodeAndDescendents
[0;39m[1;31m 59825 addCode76272004
[0;39m[1;31m 59825 addCodeAndDescendents
[0;39m[1;31m 59825 addCode10759921000119107
[0;39m[1;31m 59825 addCodeAndDescendents
[0;39m[1;31m 59825 addCode50528008
[0;39m[1;31m 59825 addCodeAndDescendents
[0;39m[1;31m 59825 addCode237446005
[0;39m[1;31m 59825 addCodeAndDescendents
[0;39m[1;31m 59825 addCode59530001
[0;39m[1;31m 59825 addCodeAndDescendents
[0;39m[1;31m 59825 addCode86028001
[0;39m[1;31m 59825 addCodeAndDescendents
[0;39m[1;31m 59825 addCode8555001
[0;39m[1;31m 59825 addCodeAndDescendents
[0;39m[1;31m 59825 addCode58056005
[0;39m[1;31m 59825 addCodeAndDescendents
[0;39m[1;31m 59825 addCode88943008
[0;39m[1;31m 59825 addCodeAndDescendents
[0;39m[1;31m 59825 addCode45058001
[0;39m[1;31m 59825 addCodeAndDescendents
[0;39m[1;31m 59825 addCode37430004
[0;39m[1;31m 59825 addCodeAndDescendents
[0;39m[1;31m 59825 addCode49923008
[0;39m[1;31m 59825 addCodeAndDescendents
[0;39m[1;31m 59825 addCode42770003
[0;39m[1;31m 59825 addCodeAndDescendents
[0;39m[1;31m 59825 addCode1118101000168104
[0;39m[1;31m 59825 addCodeAndDescendents
[0;39m[1;31m 59825 addCode19206003
[0;39m[1;31m 59825 addCodeAndDescendents
[0;39m[1;31m 59825 addCode302813001
[0;39m[1;31m 59825 addCodeAndDescendents
[0;39m[1;31m 59825 addCode59307008
[0;39m[1;31m 59825 addCodeAndDescendents
[0;39m[1;31m 59825 addCode12232008
[0;39m[1;31m 59825 addCodeAndDescendents
[0;39m[1;31m 59825 addCode61612001
[0;39m[1;31m 59825 addCodeAndDescendents
[0;39m[1;31m 59825 addCode82355002
[0;39m[1;31m 59825 addCodeAndDescendents
[0;39m[1;31m 59825 addCode20735004
[0;39m[1;31m 59825 addCodeAndDescendents
[0;39m[1;31m 59825 addCode402943002
[0;39m[1;31m 59825 addCodeAndDescendents
[0;39m[1;31m 59825 addCode230735006
[0;39m[1;31m 59825 addCodeAndDescendents
[0;39m[1;31m 59825 addCode402942007
[0;39m[1;31m 59825 addCodeAndDescendents
[0;39m[1;31m 59825 addCode402940004
[0;39m[1;31m 59825 addCodeAndDescendents
[0;39m[1;31m 59825 addCode402941000
[0;39m[1;31m 59825 addCodeAndDescendents
[0;39m[1;31m 59825 addCode312934004
[0;39m[1;31m 59825 addCodeAndDescendents
[0;39m[1;31m 59825 addCode331151000119109
[0;39m[1;31m 59825 addCodeAndDescendents
[0;39m[1;31m 59825 addCode16070004
[0;39m[1;31m 59825 addCodeAndDescendents
[0;39m[1;31m 59825 addCode240567009
[0;39m[1;31m 59825 addCodeAndDescendents
[0;39m[1;31m 59825 addCode77939001
[0;39m[1;31m 59825 addCodeAndDescendents
[0;39m[1;31m 59825 addCode26135000
[0;39m[1;31m 59825 addCodeAndDescendents
[0;39m[1;31m 59825 addCode67391006
[0;39m[1;31m 59825 addCodeAndDescendents
[0;39m[1;31m 59825 addCode278480000
[0;39m[1;31m 59825 addCodeAndDescendents
[0;39m[1;31m 59825 addCode186875004
[0;39m[1;31m 59825 addCodeAndDescendents
[0;39m[1;31m 59825 addCode186878002
[0;39m[1;31m 59825 addCodeAndDescendents
[0;39m[1;31m 59825 addCode186877007
[0;39m[1;31m 59825 addCodeAndDescendents
[0;39m[1;31m 59825 addCode11338007
[0;39m[1;31m 59825 addCodeAndDescendents
[0;39m[1;31m 59825 addCode64102008
[0;39m[1;31m 59825 addCodeAndDescendents
[0;39m[1;31m 59825 addCode21523006
[0;39m[1;31m 59825 addCodeAndDescendents
[0;39m[1;31m 59825 addCode235064008
[0;39m[1;31m 59825 addCodeAndDescendents
[0;39m[1;31m 59825 addCode1177029002
[0;39m[1;31m 59825 addCodeAndDescendents
[0;39m[1;31m 59825 addCode44568006
[0;39m[1;31m 59825 addCodeAndDescendents
[0;39m[1;31m 59825 addCode55768006
[0;39m[1;31m 59825 addCodeAndDescendents
[0;39m[1;31m 59825 addCode402950003
[0;39m[1;31m 59825 addCodeAndDescendents
[0;39m[1;31m 59825 addCode301086002
[0;39m[1;31m 59825 addCodeAndDescendents
[0;39m[1;31m 59825 addCode4082005
[0;39m[1;31m 59825 addCodeAndDescendents
[0;39m[1;31m 59825 addCode22386003
[0;39m[1;31m 59825 addCodeAndDescendents
[0;39m[1;31m 59825 addCode235032001
[0;39m[1;31m 59825 addCodeAndDescendents
[0;39m[1;31m 59825 addCode235065009
[0;39m[1;31m 59825 addCodeAndDescendents
[0;39m[1;31m 59825 addCode62207008
[0;39m[1;31m 59825 addCodeAndDescendents
[0;39m[1;31m 59825 addCode38523005
[0;39m[1;31m 59825 addCodeAndDescendents
[0;39m[1;31m 59825 addCode3589003
[0;39m[1;31m 59825 addCodeAndDescendents
[0;39m[1;31m 59825 addCode240569007
[0;39m[1;31m 59825 addCodeAndDescendents
[0;39m[1;31m 59825 addCode197966009
[0;39m[1;31m 59825 addCodeAndDescendents
[0;39m[1;31m 59825 addCode4483005
[0;39m[1;31m 59825 addCodeAndDescendents
[0;39m[1;31m 59825 addCode410470003
[0;39m[1;31m 59825 addCodeAndDescendents
[0;39m[1;31m 59825 addCode36276008
[0;39m[1;31m 59825 addCodeAndDescendents
[0;39m[1;31m 59825 addCode371237000
[0;39m[1;31m 59825 addCodeAndDescendents
[0;39m[1;31m 59825 addCode233849007
[0;39m[1;31m 59825 addCodeAndDescendents
[0;39m[1;31m 59825 addCode94851000119107
[0;39m[1;31m 59825 addCodeAndDescendents
[0;39m[1;31m 59825 addCode239825002
[0;39m[1;31m 59825 addCodeAndDescendents
[0;39m[1;31m 59825 addCode315826004
[0;39m[1;31m 59825 addCodeAndDescendents
[0;39m[1;31m 59825 addCode13310005
[0;39m[1;31m 59825 addCodeAndDescendents
[0;39m[1;31m 59825 addCode312955002
[0;39m[1;31m 59825 addCodeAndDescendents
[0;39m[1;31m 59825 addCode197850006
[0;39m[1;31m 59825 addCodeAndDescendents
[0;39m[1;31m 59825 addCode276877003
[0;39m[1;31m 59825 addCodeAndDescendents
[0;39m[1;31m 59825 addCode428230005
[0;39m[1;31m 59825 addCodeAndDescendents
[0;39m[1;31m 59825 addCode237104007
[0;39m[1;31m 59825 addCodeAndDescendents
[0;39m[1;31m 59825 addCode240563008
[0;39m[1;31m 59825 addCodeAndDescendents
[0;39m[1;31m 59825 addCode35089004
[0;39m[1;31m 59825 addCodeAndDescendents
[0;39m[1;31m 59825 addCode186854007
[0;39m[1;31m 59825 addCodeAndDescendents
[0;39m[1;31m 59825 addCode402955008
[0;39m[1;31m 59825 includeCodes
[0;39m[1;31m 59825 doServerIncludeCodes
[0;39m[1;31m 61028 addCodeAndDescendents
[0;39m[1;31mOperation took too long - longer than 60000ms
[0;39m[1;31m 2 includeCodes
[0;39m[1;31m 2 doServerIncludeCodes
[0;39m[1;31m 199541 addCodeAndDescendents
[0;39mGenerate Spreadsheets                                                                                (12:35.777 / 22:52.529, 940Mb)
Generate Summaries                                                                                   (00:07.389 / 22:59.919, 2Gb)
Generating Summary Outputs                                                                           (00:00.000 / 22:59.919, 2Gb)
DB Cumulative Time invested: 00:01:03.175
Sending Usage Stats to Server                                                                        (00:38.012 / 23:37.932, 1Gb)
## Memory (MB): Use = 1070, Free = 3345, Total = 4416, Max = 14992                                   (00:00.004 / 23:37.936, 1Gb)
Reclaiming memory...                                                                                 (00:00.000 / 23:37.937, 1Gb)
## Memory (MB): Use = 742, Free = 1977, Total = 2720, Max = 14992                                    (00:00.435 / 23:38.372, 749Mb)
Run jekyll: jekyll build --destination "/home/grey/dev/fhir/cicada/cicada_ig/output" (in folder /home/grey/dev/fhir/cicada/cicada_ig/temp/pages) (00:00.001 / 23:38.373, 749Mb)
Troubleshooting Note: usual cases for Jekyll to fail are:                                            (00:00.000 / 23:38.374, 749Mb)
* A failure to produce a fragment that is already logged in the output above                         (00:00.000 / 23:38.374, 749Mb)
* A reference to a manually edited file that hasn't been provided                                    (00:00.000 / 23:38.374, 749Mb)
Jekyll: Source: /home/grey/dev/fhir/cicada/cicada_ig/temp/pages                                      (00:00.937 / 23:39.312, 758Mb)
Jekyll: Generating...                                                                                (00:00.001 / 23:39.313, 758Mb)
Jekyll: done in 4.027 seconds.                                                                       (00:04.025 / 23:43.339, 758Mb)
[39m
[0;39m[39mInstalling cicada.ig#dev
[0;39m[39m done.
[0;39mChecking Output HTML                                                                                 (00:06.663 / 23:50.002, 1Gb)
Processed /home/grey/dev/fhir/cicada/cicada_ig/output - % reduction = 99 (80070445 ==> 1560883)
found 1590 files                                                                                     (00:02.042 / 23:52.045, 1Gb)
........................................
........................................
  ... 1590 html files, 0 pages invalid xhtml (0%)                                                    (00:41.493 / 24:33.538, 1Gb)
  ... 325164 links, 0 broken links (0%)                                                              (00:00.001 / 24:33.539, 1Gb)
Generate fragment-usage-analysis.csv                                                                 (00:00.000 / 24:33.540, 1Gb)
Build final .zip                                                                                     (00:00.008 / 24:33.548, 1Gb)
Final .zip built                                                                                     (00:02.400 / 24:35.948, 1Gb)
Built. Times: loading: 00:04.836, generate: 23:53.665, narrative generation: 00:12.044, realm-rules: 00:00.001, previous-version: 00:00.000, jekyll: 00:05.028, validation: 08:41.376 (#76), template: 00:00.904 (#3) (00:10.822 / 24:46.771, 1Gb)
Generating QA                                                                                        (00:00.000 / 24:46.772, 1Gb)
Validation output in /home/grey/dev/fhir/cicada/cicada_ig/output/qa.html
Errors: 325, Warnings: 373, Info: 148, Broken Links: 0 (00:00.971 / 24:47.743, 1Gb)
Finished @ 9/6/26, 7:56 PM. Max Memory Used = 2Gb. Log file saved in /tmp/fhir-ig-publisher-tmp.log  (00:00.074 / 24:47.818, 1Gb)
